date,close,updown,comp,change,open,high,low,volume,amount,marcap,kosdaq_return,kosdaq_ma5,kosdaq_disparity,kosdaq_volatility,kosdaq_foreign_net,kosdaq_inst_net
20230710,860.35,2,-6.92,-0.008,868.0,870.18,857.35,1014982128,9721572767552,414366972436263.0,-0.7979060730798904,875.866,98.22849613982048,1.4781105990783325,-97414848727.0,-140899158140.0
20230711,878.73,1,18.38,0.0214,866.55,878.76,865.65,935391511,9082924297629,423229062701988.0,2.1363398616842,873.6119999999999,100.58584360104945,1.5128959667647583,320714479433.0,75374962455.0
20230712,879.88,1,1.15,0.0013,878.97,880.53,873.91,1043118519,10595066049150,423618918101672.0,0.13087068837982496,871.3520000000001,100.97870894885187,0.7531542600998902,-193029600219.0,-85100595875.0
20230713,893.07,1,13.19,0.015,885.21,895.23,884.33,1122333065,12568445693662,430068141680691.0,1.4990680547347424,875.86,101.96492590139977,1.231346234226904,177846690161.0,-28928953613.0
20230714,896.28,1,3.21,0.0036,898.17,899.68,890.21,1056686324,12330830601818,432702966197944.0,0.3594343108602738,881.6619999999999,101.65800499511151,1.0543660999587956,21740338619.0,-107144263205.0
20230717,898.29,1,2.01,0.0022,894.75,899.44,891.18,1119416578,10494368668897,433666352790006.0,0.22426027580666474,889.25,101.01658701152655,0.9231628946633255,54416175442.0,-141629523621.0
20230718,914.14,1,15.85,0.0176,901.43,914.18,901.12,1139854017,14311263004082,441367892486646.0,1.7644635919357832,896.332,101.98676383304401,1.4488091144071027,499168245330.0,-131835784829.0
20230719,923.72,1,9.58,0.0105,917.51,923.9,910.25,1016893563,15723854281309,446179346656537.0,1.0479795217362753,905.1,102.05723124516628,1.487722204662617,-38019426684.0,79966012836.0
20230720,931.6,1,7.88,0.0085,918.27,931.79,913.98,978780675,14070930953102,450317137849340.0,0.8530723595894907,912.8060000000002,102.05892599303684,1.9395166998812927,-64176271314.0,55222566086.0
20230721,934.58,1,2.98,0.0032,918.51,937.29,918.19,992316458,13390189537646,451830150446042.0,0.31987977672820467,920.466,101.53335375777053,2.079454769136962,-45759372260.0,-17055791305.0
20230724,929.9,2,-4.68,-0.005,934.99,935.55,920.89,966471740,15065765051016,449613086398779.0,-0.5007596995441843,926.7880000000001,100.33578337224908,1.567931207820401,102582749427.0,85435500766.0
20230725,939.96,1,10.06,0.0108,932.17,945.47,924.31,932865875,14807760560656,454570559190489.0,1.0818367566405085,931.952,100.85927172214879,2.2699722153684503,450256202582.0,51696293150.0
20230726,900.63,2,-39.33,-0.0418,945.57,956.4,886.14,1236849184,26481196768146,435360980324054.0,-4.184220605132138,927.3340000000001,97.1203471456886,7.430438782956311,877656222287.0,-209951550853.0
20230727,883.79,2,-16.84,-0.0187,897.44,912.57,878.8,892726452,16018967148825,427799727761563.0,-1.8698022495364341,917.7719999999999,96.29733746507848,3.762925655197015,214156989331.0,266577818400.0
20230728,913.74,1,29.95,0.0339,880.23,914.6,877.96,677661358,11997142808582,442183475626650.0,3.388814084793901,913.604,100.0148860994479,4.162548424843505,284603282007.0,32844298369.0
20230731,935.97,1,22.23,0.0243,923.01,938.43,921.39,691575579,10891085105633,453032138636820.0,2.432858362335022,914.818,102.31215389290549,1.846133844703737,-47290086610.0,57228445864.0
20230801,939.67,1,3.7,0.004,944.71,952.12,926.75,924066636,14537384611931,454817075945774.0,0.3953118155496371,914.76,102.72311863220953,2.6854802002731,-228499953901.0,-188560372202.0
20230802,909.76,2,-29.91,-0.0318,931.17,940.06,907.87,951132825,11809032273269,440343830637426.0,-3.1830323411410344,916.586,99.25527991917834,3.4569412674377333,-326827784135.0,-202516431347.0
20230803,920.32,1,10.56,0.0116,911.28,920.41,897.89,1149308726,13189339893286,445604063527432.0,1.1607456911713054,923.892,99.61337472345252,2.471249231849704,-67576373207.0,60903873669.0
20230804,918.43,2,-1.89,-0.0021,921.16,922.89,914.3,1059449436,11110784464821,445124361055303.0,-0.20536335187761878,924.8299999999999,99.30798092622427,0.9325198662555942,-91470593161.0,-105135602932.0
20230807,898.22,2,-20.21,-0.022,913.25,913.25,894.48,1097671474,13572939610576,436603247933806.0,-2.200494321831814,917.28,97.92211756497471,2.0552970161511066,-199784230250.0,-106520223625.0
20230808,892.34,2,-5.88,-0.0065,901.76,903.78,889.25,1152204796,12944716388906,433028307783190.0,-0.6546280421277584,907.814,98.29546581127853,1.6112934705464839,14994850208.0,-20585751151.0
20230809,908.98,1,16.64,0.0186,891.08,912.94,889.94,1008549151,10654751734490,441076164676548.0,1.8647600690319788,907.658,100.14564957285674,2.581137496072182,254567573150.0,68738379444.0
20230810,911.29,1,2.31,0.0025,904.68,912.65,899.01,1260880165,11837433980853,442526218430911.0,0.2541310039824829,905.8520000000001,100.60031881587719,1.5077154352920354,-98438275402.0,-12731613795.0
20230811,912.2,1,0.91,0.001,913.97,918.18,908.27,1393876361,12114987929856,443015508574880.0,0.09985844242776931,904.606,100.83948149802235,1.0842806656673598,-27216056507.0,-7314215600.0
20230814,901.68,2,-10.52,-0.0115,907.43,908.13,894.08,1181117277,10959792266814,434975779332580.0,-1.1532558649419045,905.298,99.6003525910805,1.548328796711587,-132316093710.0,-38081058240.0
20230816,878.29,2,-23.39,-0.0259,893.93,895.42,877.85,1218844755,11871578403621,423722659451219.0,-2.59404666844113,902.488,97.31874551240568,1.9654782812971863,-164477634916.0,123508325015.0
20230817,886.04,1,7.75,0.0088,875.15,887.67,863.32,1108792128,12366249413879,427494238868875.0,0.8823964749683944,897.9,98.6791402160597,2.78238016340055,39449986752.0,171227638605.0
20230818,877.32,2,-8.72,-0.0098,878.52,882.08,874.27,1122467744,10118534840757,423332043652265.0,-0.9841542142566828,891.106,98.45293376994432,0.8889951281701111,-214562950412.0,-40732442749.0
20230821,888.71,1,11.39,0.013,881.09,894.58,879.8,1057472367,10331387410916,429635002358685.0,1.2982720102129086,886.408,100.25969982220377,1.6774676820756205,205528142081.0,173348294386.0
20230822,893.33,1,4.62,0.0052,898.4,899.21,889.71,1230524856,12045691549361,432030558011584.0,0.5198546207424215,884.738,100.97113495746764,1.0574354407836153,65683652603.0,-22393364972.0
20230823,882.87,2,-10.46,-0.0116999999999999,892.65,892.65,881.4,1436368175,12719265998466,427031001522470.0,-1.1708998914175095,885.6540000000001,99.68565602368417,1.2602923878339773,-163570110115.0,-79887118788.0
20230824,901.74,1,18.87,0.0214,893.46,902.64,892.12,1277063374,12336262388525,436356997642281.0,2.137347514356591,888.7940000000001,101.45658048996728,1.1774449891433285,332705905671.0,121445859247.0
20230825,899.38,2,-2.36,-0.0026,891.21,902.81,890.08,1163466806,10987193580868,435370241626392.0,-0.26171623749640105,893.2059999999999,100.69121792733145,1.4283951032865323,59420352300.0,-97030677244.0
20230828,909.38,1,10.0,0.0111,907.53,909.48,901.84,1072274426,9798808110500,440166085727053.0,1.1118770708710368,897.3399999999999,101.3417433748635,0.8418454486353054,117246733073.0,518365695.0
20230829,916.24,1,6.86,0.0075,911.94,918.39,907.82,1312285387,12119876513592,443514841224954.0,0.7543601134839095,901.9219999999999,101.58749869722661,1.1590674825098073,131275453905.0,29339259987.0
20230830,923.81,1,7.57,0.0083,925.08,926.44,921.05,1275514494,12229250051505,447220311649114.0,0.8262027416397366,910.11,101.50531254463746,0.5826523111514788,232879460705.0,17471318283.0
20230831,928.4,1,4.59,0.005,925.57,930.42,923.4,1277534743,17037702276490,449317149907098.0,0.4968554139920478,915.442,101.41549109610439,0.7584515487753473,441653673538.0,-113958008966.0
20230901,919.74,2,-8.66,-0.0093,926.37,928.0,919.74,1071432398,14041354798243,445146060262928.0,-0.9327875915553618,919.5139999999999,100.0245782010932,0.8916523635264517,-218986720359.0,-75482388197.0
20230904,919.16,2,-0.58,-0.0006,918.12,921.63,913.04,1113978179,13183976920231,444921502645236.0,-0.06306129993259857,921.47,99.74931359675301,0.9356075458545758,-3220243280.0,-35222039034.0
20230905,921.48,1,2.32,0.0025,918.85,922.65,913.02,1084503924,12885819207284,446045836292084.0,0.2524043692066824,922.518,99.88748187027245,1.048049191924688,73070128816.0,-25497581247.0
20230906,917.95,2,-3.53,-0.0038,923.61,927.28,916.08,1091540956,13524715656220,444379723550669.0,-0.38307939401831526,921.3459999999999,99.63140883012464,1.2126330377540229,-7542213531.0,-30041469348.0
20230907,906.36,2,-11.59,-0.0126,914.63,921.79,902.95,1282928651,14635136391307,438903708396168.0,-1.2625960019608917,916.9380000000001,98.84637783579696,2.059849337983657,-136809099334.0,-35370159641.0
20230908,914.18,1,7.82,0.0086,908.08,914.18,902.77,1252895043,12406452820114,442804786933213.0,0.8627918266472356,915.826,99.82027153629619,1.2564972249141009,-49509549460.0,128456338934.0
20230911,912.55,2,-1.63,-0.0018,918.43,918.43,907.9,975185905,12312929562055,442065156842420.0,-0.17830186615327426,914.5040000000001,99.78633226317216,1.146521781736221,-62892816017.0,-29445205297.0
20230912,898.04,2,-14.51,-0.0159,918.1,918.96,895.96,1178572090,13214420107040,435289563130455.0,-1.5900498602816282,909.816,98.70567235572906,2.5051737283520312,-140787759260.0,136062757673.0
20230913,882.72,2,-15.32,-0.0171,895.94,899.8,882.27,1077222122,10593923166041,427779339434136.0,-1.7059373747271733,902.7699999999999,97.77905778880557,1.95660423689086,-128905015856.0,73130696979.0
20230914,899.47,1,16.75,0.019,888.19,899.47,886.46,1020175628,10239898986832,435744846795615.0,1.8975439550480422,901.392,99.78677423362976,1.4647766806651719,148366584986.0,94500344924.0
20230915,899.03,2,-0.44,-0.0005,900.62,902.4,897.11,941816269,9637188906601,435690978647815.0,-0.04891769597652473,898.3619999999999,100.07435755296864,0.5873731429459665,-154431098406.0,-13565908691.0
20230918,891.29,2,-7.74,-0.0086,892.18,896.37,889.99,906664638,8284956174836,432560040384961.0,-0.8609278889469718,894.11,99.68460256567984,0.7151023336098092,-13305319091.0,-132787776379.0
20230919,883.89,2,-7.4,-0.0083,891.57,894.26,882.42,1045779155,8723086713441,429135295907356.0,-0.8302572675560116,891.28,99.17085539897676,1.3279944367800656,-86457349035.0,-59820437100.0
20230920,882.72,2,-1.17,-0.0013,883.74,886.65,874.92,1015725765,8814260998398,428558685865818.0,-0.13236941248344625,891.28,99.03958352033032,1.3273134632357952,-110381185378.0,-32756207801.0
20230921,860.68,2,-22.04,-0.025,875.52,879.82,859.51,1046442413,9560388701961,417773828305269.0,-2.4968279862244036,883.5219999999999,97.41466539599467,2.319764254385972,-105202052776.0,-255376167350.0
20230922,857.35,2,-3.33,-0.0039,851.93,860.68,847.56,1029356352,8521320755251,416270899616597.0,-0.38690337872379077,875.186,97.96203321351118,1.5400326317889974,-7135312353.0,65525237359.0
20230925,839.17,2,-18.18,-0.0212,856.79,859.04,839.17,869428222,8324833078139,407862919775921.0,-2.120487548842376,864.762,97.04057301315275,2.319121371631322,-117683788317.0,15162471310.0
20230926,827.82,2,-11.35,-0.0135,841.8,845.3,827.82,1122471901,7865138888455,402456733401798.0,-1.352526901581319,853.548,96.98575827018516,2.0765027322404257,-90969174626.0,55814847227.0
20230927,841.02,1,13.2,0.0159,823.2,841.97,821.71,844483850,7303345736826,408940675177800.0,1.5945495397550191,845.208,99.50450066729137,2.4611273080660823,-8035308185.0,107726392201.0
20231004,807.4,2,-33.62,-0.04,832.3,832.3,806.47,816987613,7405860799076,392910795423150.0,-3.9975268126798413,834.552,96.7465178922344,3.10344827586206,-259112381845.0,-52294996164.0
20231005,801.02,2,-6.38,-0.0079,817.89,820.06,800.36,874561729,6864715425179,389801454612856.0,-0.7901907356948179,823.2860000000001,97.29547204738085,2.4086368582572146,73939799336.0,100327940225.0
20231006,816.39,1,15.37,0.0192,803.88,818.37,803.88,776644942,5803548847689,397696147011453.0,1.9188035255049751,818.7299999999999,99.71419149170056,1.8025078369905967,183568773205.0,58941680524.0
20231010,795.0,2,-21.39,-0.0262,821.22,823.27,792.91,978040985,7609404014661,387316819638019.0,-2.6200712894572376,812.1659999999999,97.8863926832692,3.696938700957114,56997654755.0,21162980359.0
20231011,817.12,1,22.12,0.0278,805.03,821.83,805.03,856188114,6752783042807,398258712587184.0,2.7823899371069105,807.386,101.20561912146111,2.086878749860262,184342505691.0,33712712106.0
20231012,835.49,1,18.37,0.0225,822.27,835.79,822.27,1040121117,7385408709164,407243123910342.0,2.2481398081065196,813.004,102.76579205022361,1.6442287813005436,-91517500193.0,24244758345.0
20231013,822.78,2,-12.71,-0.0152,831.21,834.66,817.66,1060106942,7235300891607,401114166692247.0,-1.5212629714299486,817.356,100.66360313009264,2.0452111981328422,-275165129016.0,-96127142851.0
20231016,810.54,2,-12.24,-0.0149,812.57,813.19,800.62,1049948703,6859239777626,395207401475388.0,-1.4876394661999526,816.186,99.30824591453418,1.5469436479318766,-120078492956.0,57342615937.0
20231017,820.38,1,9.84,0.0121,817.47,825.33,817.29,948110924,6949075407195,400045072789920.0,1.214005477829594,821.2620000000001,99.89260430897812,0.9835223310947284,9213069982.0,84908363236.0
20231018,808.89,2,-11.49,-0.0139999999999999,816.92,820.09,807.45,864011792,6920168791398,394765329268523.0,-1.4005704673443975,819.616,98.69133838285245,1.547275130979776,-99247801883.0,-100780319779.0
20231019,784.04,2,-24.85,-0.0306999999999999,796.15,796.36,782.63,878334776,6394936423147,383117618035398.0,-3.0721111646824673,809.326,96.8756718553463,1.7245493939584273,-78190147847.0,-103192282939.0
20231020,769.25,2,-14.79,-0.0189,775.81,779.92,759.4,980560186,7114302122354,376280739671974.0,-1.8863833477883785,798.62,96.3224061506098,2.644977507379382,-53719981220.0,132011967392.0
20231023,763.69,2,-5.56,-0.0072,766.56,774.36,762.51,762343882,5227424187063,373761247614238.0,-0.7227819304517324,789.25,96.76148242001901,1.5458672510958078,75864838404.0,16699699205.0
20231024,784.86,1,21.17,0.0277,771.03,784.86,750.32,951759212,7004292442847,384030224853614.0,2.7720672000419055,782.146,100.34699403947602,4.479721930404779,90517673893.0,237773805015.0
20231025,770.84,2,-14.02,-0.0179,788.01,788.01,770.84,1015507373,6623146800814,377272631075685.0,-1.786305837983837,774.536,99.52281107656714,2.1789063590563518,-122020135601.0,-37391092756.0
20231026,743.85,2,-26.99,-0.035,751.64,756.43,740.51,839569016,6594877325540,364097301031312.0,-3.5013751232421786,766.4979999999999,97.04526300133857,2.118035229631201,43248204502.0,61817831112.0
20231027,748.49,1,4.64,0.0062,749.87,760.51,738.92,665631834,5753194045411,365644484217477.0,0.6237816764132598,762.346,98.18245258714548,2.8791657220584943,13118627384.0,91249568311.0
20231030,757.12,1,8.63,0.0115,747.24,760.87,744.63,648823172,4759448788914,369973882749552.0,1.1529880158719585,761.0319999999999,99.48596116851854,2.173331192120337,75593247130.0,6802326750.0
20231031,736.1,2,-21.02,-0.0278,758.65,759.24,734.2,868119072,5797427225320,359870029631241.0,-2.776310228233303,751.2800000000001,97.97944840805025,3.300599749555126,-152075195180.0,-115886363866.0
20231101,739.23,1,3.13,0.0043,742.98,749.65,737.52,753917385,5100036513141,361406917718397.0,0.4252139654938203,744.958,99.23109759207902,1.6326146060459223,33095374559.0,49967465589.0
20231102,772.84,1,33.61,0.0455,753.37,773.39,753.37,794255847,7067105328807,377971180090034.0,4.546622837276626,750.756,102.94156823255494,2.6573927817672565,281649219925.0,192371889130.0
20231103,782.05,1,9.21,0.0118999999999999,779.28,782.53,768.38,810108904,6726856710026,382563192241877.0,1.191708503700628,757.4680000000001,103.24528560942508,1.8157786674879348,-120573330063.0,-45398330167.0
20231106,839.45,1,57.4,0.0733999999999999,794.49,839.45,793.72,849326310,11332271146669,410526334336536.0,7.339684163416682,773.934,108.46532133231,5.755893717982607,483402591888.0,-6151056630.0
20231107,824.37,2,-15.08,-0.018,842.16,847.37,805.81,928085957,11589232467473,403415638740242.0,-1.7964143188992865,791.588,104.14129572454358,4.934929229600083,-229963587484.0,-210714859128.0
20231108,811.02,2,-13.35,-0.0162,821.98,831.45,810.15,884415628,8307781164576,396950367777154.0,-1.6194184650096477,805.9460000000001,100.62957071565586,2.5913039246697083,32167431112.0,5454741213.0
20231109,802.87,2,-8.15,-0.01,813.89,814.92,797.44,921924711,7618954243014,392553959323665.0,-1.00490740055732,811.952,98.88146097306245,2.1477103785523726,-3511926394.0,-66931676109.0
20231110,789.31,2,-13.56,-0.0169,792.86,794.73,785.45,863204580,6321994417130,385805211467449.0,-1.6889409244336018,813.404,97.03788031531685,1.1704462326261853,-29907945518.0,-57150442110.0
20231113,774.42,2,-14.89,-0.0189,796.41,798.15,774.33,998048078,6776885828825,378636125609200.0,-1.88645779224893,800.3979999999999,96.75436470355999,2.990921761404294,-6840740035.0,-112697702945.0
20231114,794.19,1,19.77,0.0255,779.47,794.91,779.47,841492448,6027749856457,388255637460621.0,2.5528782831022,794.3620000000001,99.97834740332493,1.9808331302038487,281363577704.0,-10788259744.0
20231115,809.36,1,15.17,0.0191,808.68,813.06,805.27,816588156,7793756775930,395818434792009.0,1.910122262934566,794.03,101.9306575318313,0.9632982143740372,151475048971.0,13223181974.0
20231116,811.11,1,1.75,0.0022,809.12,815.82,804.74,905406930,6698681416524,396747876077641.0,0.21622022338638747,795.678,101.93947803005739,1.3693889657899991,-21119959025.0,-50843387162.0
20231117,799.06,2,-12.05,-0.0149,807.61,807.62,795.66,804590769,5959948596949,390975932221284.0,-1.4856184734499678,797.6279999999999,100.17953231330895,1.48091281682991,-181074760813.0,-121154382259.0
20231120,813.08,1,14.02,0.0175,797.83,815.27,797.51,786862534,6525301064867,398291726402113.0,1.754561609891625,805.36,100.95857753054536,2.226038128423347,187090914307.0,37123508362.0
20231121,817.01,1,3.93,0.0048,816.34,819.14,811.24,897451667,7487096336385,400925813172224.0,0.48334727210113115,809.924,100.87489690390703,0.9677340323884627,14975012894.0,-99799304566.0
20231122,814.61,2,-2.4,-0.0029,811.2,817.28,809.83,842425267,7028404530888,399781373957833.0,-0.29375405441793845,810.9739999999999,100.44834976213788,0.918392504930958,-53695516686.0,-106233894105.0
20231123,815.98,1,1.37,0.0017,816.16,819.91,813.25,909847416,7294415537629,400519326332160.0,0.16817863763027852,811.948,100.49658352505332,0.8160164673593375,19856412537.0,-31462124734.0
20231124,815.0,2,-0.98,-0.0012,817.02,818.74,814.22,741072449,7576859647662,401042266895043.0,-0.12010098286723281,815.1360000000001,99.98331566756957,0.553230031088588,-5332039274.0,-75580758337.0
20231127,810.25,2,-4.75,-0.0058,816.55,816.6,809.26,793999086,7898997114386,398598848757303.0,-0.5828220858895672,814.57,99.46965883840552,0.8989039250505214,33904456993.0,-30469155484.0
20231128,816.44,1,6.19,0.0076,811.76,816.62,811.06,933903190,8985735290782,402155801721691.0,0.7639617402036558,814.4559999999999,100.24359818087167,0.6849315068493224,168112350839.0,-68975703166.0
20231129,822.44,1,6.0,0.0073,817.9,823.81,812.95,916373964,8954166530674,404935896232367.0,0.7348978491989566,816.0220000000002,100.7864984032293,1.3277906834576232,148587826910.0,-4974013243.0
20231130,831.68,1,9.24,0.0112,819.23,831.68,819.23,774887614,8064192453995,409505275920919.0,1.1234862117601052,819.162,101.52814705760275,1.5197197368260356,135308346612.0,-37991003216.0
20231201,827.24,2,-4.44,-0.0053,826.3,831.03,822.03,997870134,8841801708866,409283557270978.0,-0.5338591766063772,821.61,100.68523995569674,1.089192787123321,-76450140142.0,-116393896005.0
20231204,828.52,1,1.28,0.0015,828.66,837.95,823.99,1009243076,10498736890668,409935238534081.0,0.15473139596731134,825.2640000000001,100.39454041373426,1.6846475031979384,-21574658890.0,-177001817344.0
20231205,813.38,2,-15.14,-0.0183,823.86,828.25,810.52,1058500321,9209908792657,402801220567134.0,-1.8273548013324925,824.652,98.63312039502723,2.152064671181999,104491665413.0,-146601781332.0
20231206,819.54,1,6.16,0.0076,816.66,822.39,814.0,882764259,8478611028925,406152913501448.0,0.7573335956133631,824.0720000000001,99.45004805405351,1.027355325349593,17148247072.0,23977240129.0
20231207,813.2,2,-6.34,-0.0077,820.46,820.46,810.9,794863708,7508853058843,403050653416789.0,-0.7736047050784456,820.376,99.12527914029666,1.1652000097506348,-154391118546.0,-2435340759.0
20231208,830.37,1,17.17,0.0210999999999999,818.71,830.99,818.5,862256339,8258782903553,411561684858623.0,2.111411706837174,821.0020000000001,101.14104472339895,1.5255707149051567,189592029838.0,201482495042.0
20231211,835.25,1,4.88,0.0059,831.83,839.15,831.64,930374425,7034637970487,414215250778726.0,0.5876898250177565,822.348,101.56892215947506,0.902828702980175,-42965510785.0,109366706990.0
20231212,839.53,1,4.28,0.0051,835.41,842.56,833.67,1217323007,9462123852071,418033770244538.0,0.5124214307093755,827.5780000000001,101.444214321792,1.0641481428280708,-1807838930.0,-196104774901.0
20231213,829.31,2,-10.22,-0.0121999999999999,837.55,838.25,828.72,1071809015,10192342204535,413323756989962.0,-1.2173478017462158,829.5319999999999,99.97323792210547,1.1378425168646618,-62498645717.0,-126553744368.0
20231214,840.59,1,11.28,0.0136,841.75,845.54,834.66,1037462174,11695701638294,418931902190699.0,1.36016688572429,835.01,100.66825546999438,1.292545292545292,138020271261.0,294909918359.0
20231215,838.31,2,-2.28,-0.0027,844.76,846.7,834.94,1082325627,9586610750095,417973079092298.0,-0.2712380589823926,836.598,100.2046383089608,1.3921113689095117,103206635529.0,24317092099.0
20231218,850.96,1,12.65,0.0151,844.78,854.07,843.61,802089047,8628218117924,424150156590754.0,1.5089883217425548,839.74,101.33612784909616,1.2381921920500054,184610593711.0,84427017280.0
20231219,858.3,1,7.34,0.0086,850.36,858.65,849.33,1068049562,11741043751369,427781325532824.0,0.8625552317382601,843.494,101.75531776159642,1.0960063972905518,-5663480818.0,43143917605.0
20231220,862.98,1,4.68,0.0055,861.96,865.02,860.56,1117583658,9847807297767,430262572827308.0,0.5452638937434529,850.2280000000001,101.49983298597552,0.5174254025708891,19202332964.0,-9756511852.0
20231221,859.44,2,-3.54,-0.0040999999999999,855.76,867.33,851.82,1145618422,11087457458968,428449213970818.0,-0.4102064937773764,853.9979999999999,100.63723802631858,1.81242404412452,79484439914.0,-143572923099.0
20231222,854.62,2,-4.82,-0.0056,863.35,864.79,853.49,1212763839,11079843311407,426333060285533.0,-0.5608303081076071,857.26,99.69204208758137,1.3088550414084617,88352868362.0,-23097227395.0
20231226,848.34,2,-6.28,-0.0073,855.75,857.24,846.32,1078585688,9647321193195,423097874011523.0,-0.734829514872104,856.7360000000001,99.0200014940425,1.276073619631897,28467452338.0,-866726731.0
20231227,859.79,1,11.45,0.0135,851.49,860.29,851.21,1221463001,10660357859864,428391090402708.0,1.3496946978805546,857.034,100.32157417325334,1.06636601721687,254272789865.0,-76485631234.0
20231228,866.57,1,6.78,0.0079,860.42,866.57,856.53,1251153574,8470236424538,431792284696650.0,0.7885646495074505,857.7520000000001,101.02803607569552,1.166871992747737,75329610131.0,1800077510.0
20240102,878.93,1,12.36,0.0143,866.08,878.93,865.26,1154417882,9016382379513,426084860439733.0,1.4263129349042725,861.65,102.00545465096036,1.5783761315351883,128430476392.0,-32240138903.0
20240103,871.57,2,-7.36,-0.0084,872.21,872.44,865.12,1259145225,10346856799119,422560464617857.0,-0.8373818165269054,865.04,100.75487838712662,0.8392474289448698,-87933756483.0,-226405206508.0
20240104,866.25,2,-5.32,-0.0060999999999999,865.35,872.79,860.45,1224264897,10152118117016,420014902125688.0,-0.6103927395390008,868.622,99.72692379423962,1.4260125960593883,-132155659440.0,-74399945356.0
20240105,878.33,1,12.08,0.0139,866.81,878.98,864.86,1047923558,10173764925209,426191476679294.0,1.3945165945165927,872.3299999999999,100.68781309825413,1.6289613640820946,141344021679.0,172052574262.0
20240108,879.34,1,1.01,0.0011,880.24,882.88,875.34,1162383415,10281017671776,426868672552920.0,0.11499094873226312,874.884,100.50932466475555,0.856584567845129,1224679812.0,-57500791950.0
20240109,884.64,1,5.3,0.006,886.1,890.06,881.97,1170608223,10994850175241,429749865145220.0,0.6027247708508598,876.0260000000001,100.983304148507,0.9129895045705809,142325767590.0,114398387949.0
20240110,875.46,2,-9.18,-0.0104,884.08,884.08,872.68,1270510842,10677245441859,425459540707299.0,-1.0377102550189865,876.8040000000001,99.84671602775535,1.2894760655144433,-228904906868.0,-54736100822.0
20240111,882.53,1,7.07,0.0081,878.12,885.75,878.12,1476595168,10271731802615,428957219476629.0,0.8075754460512119,880.0600000000001,100.28066268208984,0.8689017446362678,80948521504.0,80746918662.0
20240112,868.08,2,-14.45,-0.0163999999999999,878.69,880.3,865.81,1107335306,9817956878209,410148736041156.0,-1.637338107486419,878.01,98.86903338230772,1.6490457385426043,-169855403661.0,-187749620747.0
20240115,859.71,2,-8.37,-0.0096,865.45,869.69,855.0,996410652,8814756004556,406390818141181.0,-0.9641968482167584,874.0840000000001,98.3555356235785,1.6973828644058067,13228417032.0,-90214284553.0
20240116,854.83,2,-4.88,-0.0056999999999999,857.39,864.9,846.47,1032822195,9427894353885,403879277342545.0,-0.5676332716846422,868.122,98.46887879814128,2.149546880649407,-11791879712.0,60235758010.0
20240117,833.05,2,-21.78,-0.0255,856.61,856.97,832.7,1106275262,9112267875860,393681860340762.0,-2.547875016085077,859.64,96.90684472569913,2.833261344135602,-176503760747.0,14595197391.0
20240118,840.33,1,7.28,0.0087,834.01,848.63,830.06,1167940492,9516586886511,397229288077207.0,0.8738971250225269,851.2,98.72297932330827,2.2265920072900864,97509771039.0,71864026513.0
20240119,842.67,1,2.34,0.0028,848.66,856.05,837.87,1220560704,11330008924272,398160126936472.0,0.27846203277281933,846.118,99.59249182738104,2.142200645723841,44022658238.0,170798425574.0
20240122,839.69,2,-2.98,-0.0034999999999999,848.87,849.32,836.89,1320572642,12853804835041,396689616318072.0,-0.35363784162245615,842.1139999999999,99.71215298641279,1.4642995982894984,-38665761704.0,108859348170.0
20240123,840.11,1,0.42,0.0005,840.62,848.65,833.24,1248018390,11778754822620,396984730255445.0,0.05001845919327952,839.1700000000001,100.1120154438314,1.8331707549189846,-38010959064.0,-5891826027.0
20240124,836.21,2,-3.9,-0.0046,841.45,842.9,828.12,1417438154,10670434214130,395557643219167.0,-0.4642249229267592,839.802,99.57228013269794,1.7564917701586513,-142150278334.0,-78705871271.0
20240125,823.74,2,-12.47,-0.0149,833.34,833.34,820.64,1565969491,12874009155884,390353310452432.0,-1.4912521974145276,836.484,98.47648012394737,1.5239878080975406,-68195694643.0,-91907680744.0
20240126,837.24,1,13.5,0.0163999999999999,818.76,839.52,817.06,1238780423,11242548125217,398079081213062.0,1.638866632675362,835.3979999999999,100.220493704797,2.7431726024720353,178502122046.0,-5042340474.0
20240129,819.14,2,-18.1,-0.0216,841.21,841.21,815.54,1246813222,13191517578360,384137204369443.0,-2.161865176054656,831.2880000000001,98.53865327058732,3.0515566862020274,-214255278309.0,-273866395034.0
20240130,818.86,2,-0.28,-0.0003,826.0,828.54,811.57,1097207246,9727934440282,383976054539469.0,-0.03418219107844678,827.0379999999999,99.01116998251594,2.054479418886188,33531080713.0,-131361871491.0
20240131,799.24,2,-19.62,-0.024,813.8,818.9,799.24,1137249797,8642360135086,374861916613184.0,-2.396013970642108,819.644,97.5106265647037,2.415826984517077,-83807359889.0,-122648854850.0
20240201,798.73,2,-0.51,-0.0006,796.26,800.91,786.28,1124844785,8978321425595,375252532726266.0,-0.06381062008908867,814.642,98.04674936966175,1.837339562454474,139448452376.0,-167412319706.0
20240202,814.77,1,16.04,0.0200999999999999,803.71,817.74,803.71,1096190538,8618911062683,382771284007782.0,2.0081879984475304,810.1479999999999,100.57051304206146,1.7456545271304291,68204785726.0,97092023603.0
20240205,807.99,2,-6.78,-0.0083,812.28,813.83,807.36,974415250,7775026603080,379742624320544.0,-0.8321366766081195,807.918,100.00891179550399,0.7965233663268857,-119273011314.0,-178183264480.0
20240206,807.03,2,-0.96,-0.0012,804.36,808.39,795.37,1065542735,9727051601170,379490521402460.0,-0.11881335165039308,805.5519999999999,100.18347667189704,1.6186782037893457,-29623112498.0,-127855840761.0
20240207,811.92,1,4.89,0.0060999999999999,811.51,820.06,809.18,827984256,9325176029736,381548030041766.0,0.6059254302813954,808.088,100.47420577956856,1.3407105272886344,52383758476.0,-107686284504.0
20240208,826.58,1,14.66,0.0181,816.82,828.03,816.27,912499052,9579201514705,388825224165147.0,1.8055966105035015,813.658,101.58813653893897,1.4397296834063795,145778092941.0,-22631498647.0
20240213,845.15,1,18.57,0.0225,831.14,846.58,830.66,896289730,11292053996603,397516310558390.0,2.2466064990684487,819.734,103.1005179729034,1.9154414418750236,259583144410.0,-171325408580.0
20240214,853.3,1,8.15,0.0096,833.24,854.44,831.56,1086775918,11435373890607,401324744348004.0,0.9643258593149184,828.7959999999999,102.95657797576243,2.7459075416446774,-57332849915.0,-56655565217.0
20240215,859.21,1,5.91,0.0069,860.13,861.37,852.79,1222187510,11203385441976,404623030938354.0,0.6926051798898492,839.232,102.38050979943569,0.9975236301489357,-86865441147.0,-8482707416.0
20240216,857.6,2,-1.61,-0.0019,863.69,864.24,854.72,1339167323,11690978646367,403874229640531.0,-0.1873814317803535,848.368,101.08820700450747,1.102247334112932,-216448473682.0,397050417.0
20240219,858.47,1,0.87,0.001,854.28,862.08,853.52,1272095442,11285246481581,404544728704770.0,0.10144589552238958,854.7460000000001,100.43568498711896,1.0020133913939293,55792026201.0,-120212855588.0
20240220,866.17,1,7.7,0.009,858.08,866.17,854.58,1394893803,11980946563838,408188873512280.0,0.8969445641664686,858.95,100.84056115024156,1.350689912362474,81749940817.0,-106755405152.0
20240221,864.07,2,-2.1,-0.0024,861.58,872.38,860.91,1725464787,14794255236392,407078074686839.0,-0.24244663287805723,861.1039999999999,100.34444155409801,1.33127509923629,-113826665466.0,-75205737715.0
20240222,870.11,1,6.04,0.0069999999999999,868.22,871.46,864.56,1482220235,13534556564643,410057237761465.0,0.6990174407166094,863.284,100.7907015536023,0.7947294464536743,87424008442.0,-3601588052.0
20240223,868.57,2,-1.54,-0.0018,873.21,875.58,866.22,1490439010,14804334693081,410504407921475.0,-0.17698911631862657,865.4780000000001,100.3572592255378,1.0719071013845483,-87789580031.0,-136982720767.0
20240226,867.4,2,-1.17,-0.0013,869.08,872.52,866.43,1219639452,10721420985986,410041400279230.0,-0.13470416892134018,867.2639999999999,100.01568149952034,0.7007410134855285,-2874592876.0,-81924024435.0
20240227,853.75,2,-13.65,-0.0157,870.1,870.1,850.77,1190362944,11046065536383,403626145391387.0,-1.5736684344016538,864.78,98.72453109461367,2.2215837260085096,-17079348760.0,-134511805396.0
20240228,863.39,1,9.64,0.0113,859.78,868.71,858.56,1102228439,11873586247691,407720652818802.0,1.129136163982425,864.644,99.85496921276271,1.1805345553513795,155016912467.0,-24671480598.0
20240229,862.96,2,-0.43,-0.0005,862.55,865.88,858.3,1371169761,10859125300334,407740050432001.0,-0.049803680839477504,863.2140000000002,99.97057508335128,0.8787896353834609,68635490871.0,-133730014427.0
20240304,872.97,1,10.01,0.0116,869.36,875.3,869.36,1138979262,11042246583664,412454545421270.0,1.1599610642439862,864.094,101.02720305892645,0.6832612496549118,222006599378.0,-8214725869.0
20240305,866.37,2,-6.6,-0.0076,869.36,869.36,863.4,1214968007,11740940868911,409359773875014.0,-0.7560397264510854,863.8880000000001,100.28730576185801,0.6855617925830537,-70451659488.0,-182413427619.0
20240306,870.67,1,4.3,0.005,861.67,872.06,859.71,1112038813,11395838825505,411132718480225.0,0.4963237415884558,867.2719999999999,100.39180326356667,1.4332633142618298,-11020077979.0,-114492716420.0
20240307,863.37,2,-7.3,-0.0084,874.3,874.53,860.01,1142628897,12198653870356,408056247369613.0,-0.8384347686264504,867.268,99.55054262350276,1.6607571771703058,-198283846509.0,-117946064076.0
20240308,873.18,1,9.81,0.0113999999999999,869.18,873.18,866.18,1270638021,12751303417453,412693945032967.0,1.136245178776174,869.3120000000001,100.44494956931456,0.8053567730504615,287559108726.0,7271051953.0
20240311,875.93,1,2.75,0.0031,870.41,875.93,868.48,1076998269,11219824702863,414043080903195.0,0.3149407911312574,869.9039999999999,100.69272011624273,0.8559184752013341,-79862676758.0,-92595650892.0
20240312,889.71,1,13.78,0.0157,877.37,889.71,876.62,1056987563,11572840586636,420464094646659.0,1.5731850718664786,874.5719999999999,101.73090380208836,1.491958922689405,120497121877.0,25324616795.0
20240313,889.93,1,0.22,0.0002,892.41,894.39,881.33,1207088059,13226875241673,421190651134097.0,0.02472715828751859,878.424,101.30984581477738,1.463452897210917,-127202074113.0,-68960147429.0
20240314,887.52,2,-2.41,-0.0027,889.53,892.31,881.95,1073829911,10621404057471,420175475244887.0,-0.27080781634509776,883.2539999999999,100.4829867739065,1.1646599889829348,-161016193287.0,-42789934270.0
20240315,880.46,2,-7.06,-0.008,882.67,884.6,875.87,1106771785,9667731062753,416940444434001.0,-0.7954750315485759,884.71,99.51961659752914,0.9890446033058808,-77117278134.0,-97614700092.0
20240318,894.48,1,14.02,0.0159,882.58,894.48,882.58,973184054,9027309386933,423616009966886.0,1.5923494536946636,888.4199999999998,100.68210981292634,1.3483196990641049,189740952494.0,104480119247.0
20240319,891.91,2,-2.57,-0.0029,893.49,893.49,884.45,1104514231,9613691090770,422378340879205.0,-0.28731777121904223,888.8599999999999,100.34313615192494,1.011762862483068,-84814783536.0,-115991233813.0
20240320,891.45,2,-0.46,-0.0005,894.34,896.44,890.0,1053005260,9692220933440,422153103145616.0,-0.05157471045283968,889.164,100.25709542896475,0.7200840843527131,5930083271.0,-41329409166.0
20240321,904.29,1,12.84,0.0144,900.46,906.26,899.24,1066401786,10668754283536,429151069389985.0,1.4403499915867313,892.518,101.31896499566395,0.7796015369922019,368624282829.0,8693489756.0
20240322,903.98,2,-0.31,-0.0003,902.7,905.64,900.84,1075161967,9982250423062,429265060287089.0,-0.03428103816253136,897.222,100.75321380884552,0.531738118976399,-50298454615.0,-65622474587.0
20240325,913.69,1,9.71,0.0107,906.45,916.01,905.7,961278468,9321800664109,434141685509001.0,1.0741388083807202,901.064,101.40123232090063,1.1374041590821276,197712915486.0,21194657289.0
20240326,916.09,1,2.4,0.0026,915.49,922.57,910.86,1041934854,13452124683478,436174066372717.0,0.2626711466690024,905.9,101.12484821724253,1.2790964401577338,72196723035.0,-36469160027.0
20240327,911.25,2,-4.84,-0.0053,914.33,918.49,905.26,1138180570,12664349741061,433806535353528.0,-0.5283323690903785,909.86,100.15277075594047,1.4469611628186778,54901976770.0,20577887733.0
20240328,910.05,2,-1.2,-0.0013,912.33,914.38,908.98,1095621429,12312957383477,433258803118451.0,-0.13168724279836175,911.0120000000001,99.89440314726919,0.5918910920390622,-11519440975.0,15089642621.0
20240329,905.5,2,-4.55,-0.005,912.31,914.25,903.61,946867591,11675532452047,431430814339863.0,-0.4999725289819179,911.316,99.36180205329435,1.1662702370904614,33652448954.0,30202781130.0
20240401,912.45,1,6.95,0.0077,909.62,920.05,907.48,914266500,10050371163564,434746969233992.0,0.7675317504141299,911.068,100.15169010436105,1.3818957366812445,68464710030.0,55494719114.0
20240402,891.59,2,-20.86,-0.0229,912.07,913.79,888.88,1037752687,12348933930894,424737292031838.0,-2.286152665899499,906.168,98.39124753908767,2.7311500213799342,-226545680070.0,-236960989915.0
20240403,879.96,2,-11.63,-0.013,883.22,883.95,874.77,994522707,12269823284174,419811193268135.0,-1.3044112204040004,899.9100000000001,97.78311164449778,1.0393786372591272,-36308585933.0,-156354951322.0
20240404,882.9,1,2.94,0.0033,885.53,889.7,878.12,979416341,11502171482762,421152663985379.0,0.3341060957316122,894.4799999999999,98.70539307754227,1.3076914390252212,102064096403.0,-70209929677.0
20240405,872.29,2,-10.61,-0.012,872.47,879.34,867.45,1075572471,11298371525901,415969204787863.0,-1.2017215992751185,887.838,98.2487796197054,1.3627975747017074,-109428690335.0,-61213608588.0
20240408,860.57,2,-11.72,-0.0134,873.76,873.76,859.09,1056845550,10485550114905,410224840738518.0,-1.3435898611700137,877.4620000000001,98.07490238893536,1.6789507416224088,-153220646959.0,-171379617086.0
20240409,859.33,2,-1.24,-0.0014,864.0,871.18,856.49,976468114,9018900603827,410048513791140.0,-0.1440905446390195,871.01,98.65902802493657,1.7002314814814747,-20872835158.0,-29479429701.0
20240411,858.1,2,-1.23,-0.0014,850.8,860.83,847.54,661659827,6661340842895,409477614871889.0,-0.1431347677842032,866.6380000000001,99.01481356691028,1.5620592383639018,-24956241900.0,-50364979871.0
20240412,860.47,1,2.37,0.0028,863.16,867.01,858.24,740523249,8172048326999,410770379390485.0,0.2761915860622244,862.152,99.80490679137786,1.0160341072338828,-29681094139.0,-24510313443.0
20240415,852.42,2,-8.05,-0.0093999999999999,850.21,854.51,842.84,837138348,8174896588498,406964937626281.0,-0.9355352307459985,858.1780000000001,99.32904362498222,1.3726020630197198,-71443591011.0,-30259447927.0
20240416,832.81,2,-19.61,-0.023,845.54,848.24,829.76,931165665,8423064101492,397477242483208.0,-2.300509138687501,852.626,97.6758860274024,2.1855855429666273,-156263215960.0,-10036776932.0
20240417,833.03,1,0.22,0.0003,839.3,845.45,833.03,930975879,7958566104952,397619667254642.0,0.026416589618283304,847.366,98.30816907924086,1.479804599070663,-30679108547.0,95128574800.0
20240418,855.65,1,22.62,0.0272,833.38,856.05,833.38,956763489,7774116062897,408372865971662.0,2.715388401378105,846.876,101.03604305707093,2.720247666130692,258058553762.0,62558960240.0
20240419,841.91,2,-13.74,-0.0161,849.99,850.07,824.99,1100743042,9020717028669,402220419239978.0,-1.6057967626950331,843.164,99.85127448515354,2.950622948505281,-356925252412.0,108793789440.0
20240422,845.82,1,3.91,0.0046,844.95,854.16,840.29,898755915,8014043820006,404137812735307.0,0.46442018743098057,841.844,100.47229652999843,1.6415172495413934,-75197899876.0,-30707478947.0
20240423,845.44,2,-0.38,-0.0004,848.88,853.62,844.5,886593400,7393250528685,404562798591266.0,-0.044926816580359574,844.3700000000001,100.12672169783387,1.0743567995476397,-46592124588.0,-32803372447.0
20240424,862.23,1,16.79,0.0199,856.37,863.12,855.79,957921894,7930463876911,412527718373546.0,1.9859481453444294,850.21,101.4137683631103,0.8559384378247767,183532323497.0,72714702535.0
20240425,853.26,2,-8.97,-0.0104,855.78,865.15,853.13,811574905,8018436622819,408543273284626.0,-1.040325667165376,849.732,100.41518973040912,1.404566594218138,-245824073608.0,-66792774779.0
20240426,856.82,1,3.56,0.0042,860.0,862.8,852.8,704655856,8089482216636,410420659948729.0,0.4172233551320792,852.7139999999999,100.48152135417034,1.1627906976744187,-75273153474.0,24914482725.0
20240429,869.72,1,12.9,0.0151,860.53,869.73,860.53,772592926,7575250451944,416568643489746.0,1.5055670969398527,857.494,101.42578257107337,1.0691085726238534,140410946910.0,84399070159.0
20240430,868.93,2,-0.79,-0.0009,872.08,875.64,867.32,792642796,8036165395409,416784439542328.0,-0.09083383157798552,862.192,100.78149646482453,0.954040913677637,-55136904796.0,-110165981503.0
20240502,867.48,2,-1.45,-0.0017,865.78,870.33,864.98,854449816,7919463012204,416544774263651.0,-0.16687189992288243,863.242,100.49093996816651,0.6179398923514083,-67309364677.0,-15232335885.0
20240503,865.59,2,-1.89,-0.0022,872.27,875.11,865.21,843085137,8669936578304,416261038862808.0,-0.2178724581546554,865.708,99.98636953799665,1.134969676820248,-36347069755.0,88517061669.0
20240507,871.26,1,5.67,0.0066,874.69,876.94,869.75,802229139,8043080940733,419337853171662.0,0.6550445360967716,868.5959999999999,100.30670184988189,0.8220055105237345,123030955906.0,115483021742.0
20240508,872.42,1,1.16,0.0013,870.11,873.65,862.81,967419140,8407169934014,419922163322925.0,0.13314050914767783,869.1360000000001,100.37784650503487,1.2458194940869582,1024086484.0,-86425651571.0
20240509,870.15,2,-2.27,-0.0026,871.17,873.53,869.0,1019040873,9789655564600,418824645242297.0,-0.26019577726323906,869.3799999999999,100.08856886516828,0.5199903577946868,-23419545204.0,-120238045324.0
20240510,864.16,2,-5.99,-0.0069,873.56,875.21,864.03,961248333,9692426294992,416224870109076.0,-0.6883870597023556,868.716,99.47554782000101,1.2798205046018665,-16978233935.0,-63370457316.0
20240513,854.43,2,-9.73,-0.0113,866.67,867.08,852.75,907147508,8586624608777,411638741725778.0,-1.1259488983521582,866.484,98.60886063678036,1.653455179018547,-87469840082.0,-107562766930.0
20240514,862.15,1,7.72,0.009,857.44,865.43,856.88,978602246,9606201162156,415674773820312.0,0.903526327493176,864.6619999999999,99.7094818553377,0.9971543198357848,210942143679.0,63897757579.0
20240516,870.37,1,8.22,0.0095,872.31,874.86,868.51,956088791,9870179730942,419640336083835.0,0.9534303775445174,864.2519999999998,100.70789538236535,0.7279522188212932,41691253475.0,73313989573.0
20240517,855.06,2,-15.31,-0.0176,869.06,869.6,854.47,938501648,9247285001086,412645497794751.0,-1.759022025115764,861.234,99.2831216603153,1.740961498630704,-135032027319.0,125820107617.0
20240520,847.08,2,-7.98,-0.0093,856.22,857.51,843.22,1017956271,8345055428621,409036804663475.0,-0.933267840853258,857.818,98.74821931924954,1.6689635841255708,-49197446949.0,135420665041.0
20240521,846.51,2,-0.57,-0.0007,849.32,849.32,843.62,1070889760,9568918373268,408693912250196.0,-0.06728998441706269,856.234,98.86432914366866,0.6711251354024449,-5299730772.0,42009156024.0
20240522,845.72,2,-0.79,-0.0009,850.4,850.59,844.97,914521669,9034343724969,408440572281950.0,-0.09332435529408878,852.948,99.15258608965611,0.6608654750705556,-16570538840.0,32063485956.0
20240523,846.58,1,0.86,0.001,846.5,849.32,839.16,1011600274,10684061830782,409466823343756.0,0.10168850210472424,848.1899999999999,99.81018403895355,1.2002362669816988,59778858844.0,33149868298.0
20240524,839.41,2,-7.17,-0.0085,840.7,845.48,836.95,816024807,9135537423933,405965263547974.0,-0.846937088048394,845.0600000000001,99.33140842070385,1.0146306649220855,-6426925658.0,-2982537588.0
20240527,847.99,1,8.58,0.0102,843.76,848.13,836.65,981440807,9340390857378,410165214676148.0,1.0221465076660996,845.242,100.32511399102269,1.3605764672418719,61202432348.0,117440513251.0
20240528,851.01,1,3.02,0.0036,847.46,852.42,846.9,1148225055,9960641370582,411677608483342.0,0.3561362751919317,846.142,100.5753171453491,0.6513581761971045,96139539873.0,-60709070482.0
20240529,838.45,2,-12.56,-0.0148,849.6,849.93,838.08,1384716711,10766971151000,405647854868224.0,-1.475893350254398,844.6880000000001,99.26150247191862,1.3947740112994242,-72565175987.0,-168080822368.0
20240530,831.99,2,-6.46,-0.0077,835.63,840.74,831.02,1405317114,8496990950289,402631724588134.0,-0.7704693183851252,841.7700000000001,98.83816244342277,1.1631942366837031,40257627382.0,21171825261.0
20240531,839.98,1,7.99,0.0096,835.01,840.02,829.81,1450490944,10007816964183,406681137954135.0,0.9603480811067433,841.884,99.7738405766115,1.2227398474269813,259195995569.0,-28335571244.0
20240603,844.72,1,4.74,0.0056,840.33,847.07,839.58,976797379,8191973620701,409063344101680.0,0.5642991499797523,841.2299999999999,100.4148687041594,0.8913165066104993,134110586036.0,49038677803.0
20240604,845.84,1,1.12,0.0013,844.62,851.49,841.81,911007481,9236772575223,409581104366279.0,0.13258831328724074,840.1959999999999,100.67174802069994,1.1460775259880258,105473130125.0,-6938768936.0
20240605,850.75,1,4.91,0.0058,849.33,852.18,844.13,904879338,8887982371635,411865372966478.0,0.5804880355622766,842.656,100.96053431056089,0.9478059176056366,52020017849.0,37259916098.0
20240607,866.18,1,15.43,0.0181,856.17,866.48,855.06,848540748,9437829678479,419264242261538.0,1.8136937995886004,849.494,101.96422811697315,1.3338472499620488,324732769720.0,-36541127772.0
20240610,864.71,2,-1.47,-0.0017,862.21,867.6,860.9,907182555,8973179558983,418549156755761.0,-0.16971068369160403,854.4399999999999,101.20195683722673,0.7770728708783295,-141641430716.0,98090347903.0
20240611,868.36,1,3.65,0.0042,866.88,872.36,865.91,1038631016,10531409778429,420619690832371.0,0.4221068335048761,859.168,101.06987224850089,0.7440476190476243,15049207642.0,36480549155.0
20240612,870.67,1,2.31,0.0027,871.36,876.45,867.32,1216392791,10069103447690,421737670030455.0,0.2660187019208671,864.134,100.75636417500063,1.04778736687477,31689186232.0,3684777847.0
20240613,871.33,1,0.66,0.0008,879.52,879.52,871.12,928797135,10463216347346,422139582391471.0,0.07580369141007015,868.25,100.35473653901525,0.9550663998544635,194910335048.0,-192583858966.0
20240614,862.19,2,-9.14,-0.0105,872.69,873.37,859.69,975480817,9726959121242,418141571468150.0,-1.0489711131259072,867.452,99.3933958305474,1.5675669481717391,-165025864840.0,-203357700578.0
20240617,858.96,2,-3.23,-0.0037,860.13,864.1,857.11,820229604,8502476722570,416859823539871.0,-0.3746274023127216,866.302,99.15248954752501,0.8126678525339203,-2724098385.0,-65898211062.0
20240618,858.95,2,-0.01,0.0,863.32,864.81,855.35,1040183311,8654997358135,416903210087625.0,-0.0011641985657062648,864.4200000000001,99.36720575646098,1.095769818838892,-9420274066.0,-982747761.0
20240619,861.17,1,2.22,0.0026,860.66,866.21,856.16,1034309030,10450918240213,418432679641769.0,0.2584550905174732,862.5200000000001,99.84348189027499,1.1677085027769465,105319028896.0,-53424815364.0
20240620,857.51,2,-3.66,-0.0043,861.44,864.7,854.94,637742101,7003567573303,416819925535105.0,-0.42500319332999803,859.756,99.73876309092347,1.1329866270430895,-58412657516.0,-75901297674.0
20240621,852.67,2,-4.84,-0.0056,853.48,856.02,848.5,772539603,8751413705672,414383700647201.0,-0.564424904665839,857.8520000000001,99.3959330980169,0.8810985611847942,96166367341.0,-122273365040.0
20240624,841.52,2,-11.15,-0.0131,852.27,852.48,841.43,670004479,7955141869617,407991203631732.0,-1.3076571240925539,854.3639999999999,98.49665950344351,1.2965374822532845,2866811726.0,-174953568549.0
20240625,841.99,1,0.47,0.0006,839.5,844.54,836.12,663208108,7339612913534,408597094131118.0,0.0558513166650787,850.972,98.94450111166996,1.002977963073253,81354806820.0,-88578705481.0
20240626,842.12,1,0.13,0.0002,845.91,846.76,839.34,704558912,7617321555847,408442645415793.0,0.015439613297063559,847.1619999999999,99.4048363831239,0.8771618730124907,-112738772493.0,1062404667.0
20240627,838.65,2,-3.47,-0.0040999999999999,841.12,844.62,837.8,814034565,7937287191522,407397656618860.0,-0.4120552890324425,843.39,99.43798242805819,0.8108236636865193,-52708784850.0,-66802363231.0
20240628,840.44,1,1.79,0.0021,840.11,842.36,838.29,706932845,7321536603476,408441870824854.0,0.21343826387647535,840.9440000000001,99.94006735287961,0.48446036828511146,56969189240.0,-287529610.0
20240701,847.15,1,6.71,0.008,840.59,847.97,840.4,620756906,6929624138187,411604081198769.0,0.7983913188329916,842.07,100.6032752621516,0.9005579414458951,10863992767.0,116684931778.0
20240702,829.91,2,-17.24,-0.0204,846.86,847.39,828.49,710212435,8107543293457,403618973094456.0,-2.035058726317651,839.6539999999999,98.83952199358308,2.231773846916843,-104300783359.0,-163691630471.0
20240703,836.1,1,6.19,0.0075,832.98,838.89,829.5,788691572,9529990500122,406824513118905.0,0.7458640093504165,838.45,99.71972091359055,1.1272779658575218,190473861828.0,-127971027898.0
20240704,840.81,1,4.71,0.0056,838.9,844.1,838.9,744760897,9354583327555,409102397857569.0,0.5633297452457775,838.882,100.22982970191279,0.6198593396114013,20878862984.0,-20338903237.0
20240705,847.49,1,6.68,0.0079,842.5,849.25,841.98,780462523,9384499215019,412398593991687.0,0.7944719972407643,840.292,100.85660698899905,0.862908011869434,52419352426.0,-7440606389.0
20240708,859.27,1,11.78,0.0139,848.59,859.27,848.59,742509474,8179747977284,418234996505161.0,1.3899869025003175,842.716,101.96436284584604,1.2585583143803192,80205413142.0,-48960931134.0
20240709,860.42,1,1.15,0.0013,860.18,864.11,857.6,1054271596,8484198563008,418971828381828.0,0.13383453396487166,848.818,101.36684189072334,0.7568183403473682,-62443571825.0,-106676501473.0
20240710,858.55,2,-1.87,-0.0022,859.01,860.82,854.6,896435778,8565232761544,418121330487575.0,-0.2173357197647663,853.308,100.61431511247989,0.7240893586803445,-52620179644.0,-99238114236.0
20240711,852.42,2,-6.13,-0.0070999999999999,861.73,862.61,851.72,835015840,8169459144758,415164382922215.0,-0.7139945256537161,855.6299999999999,99.62483783878547,1.2637369013496091,-2284040069.0,-165981553338.0
20240712,850.37,2,-2.05,-0.0024,848.04,855.03,845.03,764433527,7235503380357,414596604716717.0,-0.24049177635437902,856.2059999999999,99.31838833177999,1.1791896608650536,84564226635.0,-54459280999.0
20240715,852.88,1,2.51,0.003,852.62,852.93,847.68,785845593,6486599651664,416237188378745.0,0.2951656337829345,854.9279999999999,99.76044766342898,0.615749102765593,108546322234.0,-16016180277.0
20240716,839.61,2,-13.27,-0.0156,850.96,851.2,837.29,874489482,7429451763590,409797183696528.0,-1.5559046993715353,850.766,98.6887111144545,1.6346244241797596,-89042150442.0,-60292760302.0
20240717,829.41,2,-10.2,-0.0121,841.28,843.1,829.09,828952049,7550079588231,404871434066473.0,-1.2148497516704215,844.9379999999999,98.16223202175782,1.6653195131228593,-23241565745.0,-28929329958.0
20240718,822.48,2,-6.93,-0.0084,820.14,824.96,812.9,869763288,6962993877483,401340814371848.0,-0.835533692624868,838.95,98.03683175397818,1.4704806496451899,81920630211.0,-74383879269.0
20240719,828.72,1,6.24,0.0076,820.29,828.82,819.13,871199222,6829503353816,404476690034930.0,0.7586810621534879,834.6200000000001,99.29309146677528,1.1812895439417834,-34966218544.0,64984473551.0
20240722,809.96,2,-18.76,-0.0226,827.98,828.09,806.79,906825881,6672158671514,395473474975784.0,-2.263732020465292,826.0360000000001,98.0538378472609,2.5725259064228685,-179847240722.0,-86893250755.0
20240723,812.12,1,2.16,0.0027,816.3,821.93,808.79,939604507,7337302776210,396591999419808.0,0.26667983604127254,820.5380000000001,98.97408773268269,1.6097023153252465,125097335574.0,55752875477.0
20240724,814.25,1,2.13,0.0026,809.45,819.81,807.55,837075545,6592744769081,397953150296098.0,0.26227651086045967,817.5060000000001,99.60171546141557,1.5146086849095053,-32661871739.0,20846152084.0
20240725,797.29,2,-16.96,-0.0208,802.28,803.55,794.23,1028813371,7279396749359,389656454953215.0,-2.082898372735653,812.4680000000001,98.13186488575548,1.161689185820404,-134099529287.0,50550359474.0
20240726,797.56,1,0.27,0.0003,799.97,802.06,795.02,777351033,5633297429607,389782787010577.0,0.03386471672790492,806.236,98.92388829077342,0.8800330012375419,41992400285.0,56185726800.0
20240729,807.99,1,10.43,0.0131,800.64,808.73,800.39,652991784,5369235256500,395001489276168.0,1.307738602738362,805.842,100.26655349311653,1.0416666666666705,103727526793.0,46290422207.0
20240730,803.78,2,-4.21,-0.0052,805.17,807.38,800.36,842014161,6262355850075,392989281839238.0,-0.5210460525501559,804.174,99.9510056281352,0.8718655687618742,-103269734135.0,34438519908.0
20240731,803.15,2,-0.63,-0.0008,802.0,804.17,795.18,798865690,6721266011495,392874559959322.0,-0.07837965612480513,801.954,100.1491357359649,1.1209476309226944,-60315751640.0,10918655402.0
20240801,813.53,1,10.38,0.0129,807.52,815.28,807.5,644080648,6080752756837,398072444104279.0,1.292411131171023,805.202,101.03427462922348,0.9634436298791328,35437520905.0,31282382935.0
20240802,779.33,2,-34.2,-0.042,799.45,799.97,778.39,845791135,6546468714529,381414823377601.0,-4.2039015156171144,801.556,97.22714320646342,2.699355807117398,-150054155782.0,-89661832441.0
20240805,691.28,2,-88.05,-0.113,765.57,765.57,672.57,1173846825,9066223782493,338426509024749.0,-11.298166373679964,778.2139999999999,88.82903674310666,12.147811434617344,548177422398.0,118594744055.0
20240806,732.87,1,41.59,0.0602,709.04,738.77,707.72,1075212515,8382026162702,358723663797159.0,6.016375419511633,764.0319999999999,95.92137502094154,4.379160555116771,354721179228.0,125184140928.0
20240807,748.54,1,15.67,0.0214,731.82,754.41,731.44,947156032,7334433918703,366522462543246.0,2.138169115941424,753.11,99.39318293476383,3.1387499658385822,-159824586412.0,36951643321.0
20240808,745.28,2,-3.26,-0.0044,738.29,751.51,732.74,1012600626,7169986316501,364930928587311.0,-0.4355144681646883,739.46,100.7870608281719,2.542361402700833,-201351621802.0,-61508784030.0
20240809,764.43,1,19.15,0.0256999999999999,759.91,768.21,759.91,843851627,7392824528898,374306000593340.0,2.5695040790038703,736.4799999999999,103.79507929611125,1.0922346067297533,51316186421.0,74470156135.0
20240812,772.72,1,8.29,0.0108,767.21,775.31,767.21,885107713,6850311923367,378459539805823.0,1.084468165822905,752.768,102.65048461146064,1.055773517029224,-155549523254.0,-15688715825.0
20240813,764.86,2,-7.86,-0.0102,771.98,773.9,757.19,1170514267,7661966415523,374521308064886.0,-1.017186044103946,759.1659999999999,100.75003358949164,2.164563848804363,-175145008380.0,-68891092585.0
20240814,776.83,1,11.97,0.0156,775.11,778.66,774.17,1111020235,7691492106390,380339149089802.0,1.5649922861700194,764.8240000000001,101.56977291507587,0.5792726193701551,82685829285.0,802478947.0
20240816,786.33,1,9.5,0.0121999999999999,787.34,788.86,783.88,1080401764,8000416337923,385133345751765.0,1.2229187853198153,773.034,101.71997609419509,0.6325094622399494,108283961489.0,65896224123.0
20240819,777.47,2,-8.86,-0.0113,787.32,788.79,776.71,1135628349,7653033410478,380846103315782.0,-1.1267533987002976,775.642,100.23567573700238,1.5343189554437746,-109198815835.0,-13432186088.0
20240820,787.44,1,9.97,0.0128,783.73,787.95,783.35,997055956,7990594028319,386033655141317.0,1.2823645928460303,778.586,101.13718972599047,0.586936827734044,103857973345.0,15582406936.0
20240821,779.87,2,-7.57,-0.0096,783.98,784.92,775.3,1073925725,8370581514289,382646545233872.0,-0.9613430864573891,781.5880000000001,99.7801910981233,1.2270721191867144,-335163630530.0,-4698018705.0
20240822,773.47,2,-6.4,-0.0081999999999999,782.59,783.89,768.48,950992244,9216819054789,379694443123581.0,-0.8206495954453885,780.9159999999999,99.04650436154466,1.9691025952286598,-82905587390.0,-74637143783.0
20240823,773.26,2,-0.21,-0.0003,765.49,774.2,764.83,904335444,7946182072114,379786318576817.0,-0.027150374287310264,778.302,99.35217948816782,1.2240525676364165,112920697233.0,-9911285602.0
20240826,766.79,2,-6.47,-0.0084,776.94,777.91,764.46,828774218,6632079806024,376585625383632.0,-0.8367172749140006,776.1659999999999,98.79201098734033,1.731150410585107,-103087704429.0,-46705203220.0
20240827,764.95,2,-1.84,-0.0024,765.1,767.37,757.08,833341263,6795551848116,375886355147186.0,-0.2399613975142989,771.668,99.12941835089703,1.3449222323879184,-1563158660.0,-77702795490.0
20240828,762.5,2,-2.45,-0.0032,766.32,767.28,761.06,868583609,7021101423362,374666856319622.0,-0.32028237139682947,768.194,99.25878098501161,0.811671364443056,-80803465744.0,16134321058.0
20240829,756.04,2,-6.46,-0.0085,756.33,758.99,754.0,837869661,7335104154370,371491367301772.0,-0.8472131147541084,764.708,98.866495446628,0.6597649174302235,-24142906868.0,-129716242029.0
20240830,767.66,1,11.62,0.0154,758.19,768.31,757.87,823296386,7401837254629,377597189627282.0,1.5369557166287517,763.588,100.53327186912313,1.3769635579472086,193852900297.0,3444735662.0
20240902,769.21,1,1.55,0.002,769.85,770.01,764.15,742707830,7178329375308,378542486884402.0,0.2019123049266769,764.0719999999999,100.67244971678065,0.7611872442683657,-53799950571.0,-55031826303.0
20240903,760.37,2,-8.84,-0.0115,769.68,773.15,760.07,849513737,6831746427407,374349720452725.0,-1.149231029237796,763.1560000000001,99.63493702467122,1.6994075459931306,-58012195315.0,-99029543459.0
20240904,731.75,2,-28.62,-0.0375999999999999,738.59,741.52,729.32,1011497616,6941247399067,360422449720641.0,-3.7639570209240247,757.0060000000001,96.66369883461952,1.6517959896559569,26708279729.0,-149654258134.0
20240905,725.28,2,-6.47,-0.0088,736.96,740.23,718.25,950492046,7047558203629,357244944058860.0,-0.8841817560642284,750.854,96.59401161877008,2.982522796352586,-19877740134.0,-24404777055.0
20240906,706.59,2,-18.69,-0.0258,725.88,726.48,705.67,861738473,6232228791441,348066399454239.0,-2.576935804103231,738.64,95.66094443842739,2.8668650465641785,-85692700827.0,-4459856627.0
20240909,714.46,1,7.87,0.0111,696.25,716.11,693.86,784076383,5374290400915,351964616233758.0,1.1138000820843708,727.6899999999999,98.1819181244761,3.1956912028725313,86686498572.0,111105180317.0
20240910,706.2,2,-8.26,-0.0116,717.97,719.4,706.12,910266279,5812453459787,347842441472249.0,-1.156117907230636,716.856,98.51350898925307,1.8496594565232491,-191181445027.0,-64750268546.0
20240911,709.42,1,3.22,0.0046,709.5,718.65,706.93,1046880881,6411247080649,349448575951733.0,0.45596148399884573,712.39,99.58309353022923,1.6518675123326325,31565354669.0,-20199797328.0
20240912,731.03,1,21.61,0.0305,719.29,733.81,719.29,870759113,6224173201511,360078539496711.0,3.0461503763637987,713.5400000000001,102.45115901000644,2.018657287046947,211874223857.0,125252172976.0
20240913,733.2,1,2.17,0.003,733.36,734.35,726.37,1015094209,5241893024711,361113744152190.0,0.2968414428956567,718.862,101.99454137233572,1.0881422493727526,-125025160449.0,-2340792949.0
20240919,739.51,1,6.31,0.0086,738.41,740.31,729.93,1104713184,5852796768629,364213087023903.0,0.8606110201854866,723.8720000000001,102.16032668759117,1.405723107758562,173077713076.0,25776344598.0
20240920,748.33,1,8.82,0.0118999999999999,746.13,750.75,745.32,864232911,6642000709719,368620725651208.0,1.1926816405457785,732.298,102.18927267314672,0.7277552169192969,132180179272.0,48206142432.0
20240923,755.12,1,6.79,0.0091,749.24,757.85,747.83,723263987,5978100653432,372042180925147.0,0.9073537075888982,741.438,101.84533298805833,1.3373551865890745,-37107617720.0,41077669014.0
20240924,767.35,1,12.23,0.0162,757.37,767.37,757.23,908833234,6332936938471,377301335257242.0,1.6196101281915398,748.702,102.49071058979406,1.3388436299298871,97372692692.0,64625601963.0
20240925,759.3,2,-8.05,-0.0105,769.87,771.77,758.02,1239693063,6818902521944,373403979367048.0,-1.0490649638365879,753.922,100.71333639288945,1.7860158208528714,10942871510.0,-43782555406.0
20240926,779.18,1,19.88,0.0262,764.33,779.18,764.15,1070078259,6874862659916,383119886882096.0,2.6182009745818524,761.856,102.27392053091397,1.966428113511176,184526778886.0,101371279516.0
20240927,774.49,2,-4.69,-0.006,777.72,780.91,773.36,985778612,5970065518350,381129003094355.0,-0.6019148335429492,767.088,100.9649479590347,0.9707864012755174,-77796688668.0,-42774308939.0
20240930,763.88,2,-10.61,-0.0137,777.06,777.2,762.67,961429825,6126551608381,376266135890499.0,-1.3699337628633068,768.8399999999999,99.35487227511577,1.8698684786245705,-49447966350.0,-25585363163.0
20241002,762.13,2,-1.75,-0.0023,757.3,769.69,754.38,1041588862,5499174228225,375376357838372.0,-0.22909357490705773,767.7959999999999,99.26204356365493,2.021655882741326,-21151970702.0,42928525116.0
20241004,768.98,1,6.85,0.009,763.73,775.05,763.2,891994580,5427141675602,378727810047572.0,0.8987967931980201,769.732,99.90230365893584,1.551595459128214,80358984867.0,121244851958.0
20241007,781.01,1,12.03,0.0156,774.77,781.56,771.11,822064062,5491460691742,384639523335588.0,1.564409997659233,770.0980000000001,101.41696251645894,1.3487873820617644,76546605296.0,10130364996.0
20241008,778.24,2,-2.77,-0.0034999999999999,776.37,782.85,776.2,1000287018,6752484664152,383221441214400.0,-0.35466895430276146,770.848,100.95894391631035,0.8565503561446188,-90438266782.0,-9134730526.0
20241010,775.48,2,-2.76,-0.0034999999999999,781.91,784.03,772.7,747790755,5758806740086,381941751593466.0,-0.3546463815789491,773.1679999999999,100.29902944767504,1.4490158713918389,-95771506554.0,-109273763014.0
20241011,770.98,2,-4.5,-0.0058,779.0,781.12,769.68,921390476,6655515362141,379833392779896.0,-0.580285758497967,774.938,99.48924946253766,1.4685494223363356,63459120492.0,9156902451.0
20241014,770.26,2,-0.72,-0.0009,770.85,771.75,765.27,787258917,5834049296676,379526896886690.0,-0.09338763651457471,775.1940000000001,99.36351416548631,0.8406304728546433,-50761890993.0,-43506184802.0
20241015,773.81,1,3.55,0.0046,773.37,777.0,768.13,971991613,7026231714261,381311547245669.0,0.4608833380936206,773.754,100.00723744239124,1.1469283783958526,-26529097823.0,-21172393426.0
20241016,765.79,2,-8.02,-0.0104,769.19,769.69,764.97,874300776,6998439442406,377579830762627.0,-1.0364301314276125,771.264,99.29025599535308,0.6136325225236973,-136193014555.0,-99461225929.0
20241017,765.06,2,-0.73,-0.001,768.15,769.69,763.21,918805154,6298048944264,376976699832372.0,-0.09532639496467876,769.1800000000001,99.46436464806676,0.8435852372583503,2790332030.0,-26760231188.0
20241018,753.22,2,-11.84,-0.0155,765.71,765.71,749.53,898075755,7344861960890,371759993471567.0,-1.54759103861134,765.6279999999999,98.37936961553132,2.113071528385428,-32432380942.0,-210392722648.0
20241021,759.95,1,6.73,0.0089,754.35,761.62,749.64,825151985,6276459380926,375364685519445.0,0.893497251798947,763.566,99.52643255461872,1.5881222244316322,157359127469.0,14609985186.0
20241022,738.34,2,-21.61,-0.0283999999999999,758.72,758.72,738.33,1077034557,7458340017657,364922539820471.0,-2.8436081321139617,756.472,97.60308378895716,2.6874209194432708,-145041839280.0,-150093495922.0
20241023,745.19,1,6.85,0.0093,740.93,748.33,729.28,1099898407,6763312375771,368274028324207.0,0.9277568599832087,752.3520000000001,99.04805197567096,2.5710930857166088,48635959126.0,66397986690.0
20241024,734.59,2,-10.6,-0.0141999999999999,742.7,742.7,734.26,856784917,5737873376509,363333319451093.0,-1.4224560179283197,746.258,98.4364656727298,1.1363942372425009,-75686243191.0,-92296232841.0
20241025,727.41,2,-7.18,-0.0098,739.05,739.62,725.27,764951488,5551809780311,360178604748124.0,-0.9774159735362664,741.0960000000001,98.15327568897955,1.9416818889114438,24671910290.0,-13717309650.0
20241028,740.48,1,13.07,0.018,729.75,740.67,729.75,644668385,4984503301434,366764719166869.0,1.7967858566695583,737.202,100.44465424673292,1.496402877697836,179792195941.0,-5843589451.0
20241029,744.18,1,3.7,0.005,740.05,744.18,733.28,789978376,5334265561105,368691119852643.0,0.4996758859118211,738.37,100.7868683722253,1.4728734544963147,-10442221489.0,1066328155.0
20241030,738.19,2,-5.99,-0.008,743.53,746.23,738.13,841964326,4720424146438,365698265866818.0,-0.804912789916401,736.97,100.16554269508934,1.089397872311813,-68845376225.0,-12710153782.0
20241031,743.06,1,4.87,0.0066,734.25,743.22,728.34,792644652,5683626101895,368522161802707.0,0.6597217518524934,738.664,100.59512850226895,2.0265577119509697,155832049991.0,-10591413732.0
20241101,729.05,2,-14.01,-0.0189,735.67,736.26,729.05,747067063,5452481185437,362027106221612.0,-1.8854466664872227,738.992,98.65465390694351,0.9800589938423528,-39379541855.0,-50239492068.0
20241104,754.08,1,25.03,0.0343,730.5,755.0,728.11,765672895,6272447583324,374349970006001.0,3.4332350318908356,741.7119999999999,101.66749358241476,3.6810403832991083,330232815030.0,207101218256.0
20241105,751.81,2,-2.27,-0.003,752.17,756.6,750.17,935204031,5351281243161,373462455226134.0,-0.30102906853385347,743.2379999999999,101.15333177259504,0.8548599385777237,-108640499051.0,43563748894.0
20241106,743.31,2,-8.5,-0.0113,757.23,761.01,737.77,1091761605,7631433759071,369270529205191.0,-1.130604807065616,744.262,99.87208805501288,3.069080728444463,-60506597562.0,41599544372.0
20241107,733.52,2,-9.79,-0.0132,743.47,743.47,727.1,812895086,6599193632501,363599257422616.0,-1.3170817021162073,742.3539999999999,98.81000169730345,2.2018373303563026,-86219265634.0,-94046638714.0
20241108,743.38,1,9.86,0.0134,739.91,746.89,739.66,766825742,7206375001249,368601865649690.0,1.344203293707058,745.22,99.75309304634872,0.9771458690921895,229410171577.0,58156112487.0
20241111,728.84,2,-14.54,-0.0196,744.86,745.42,727.04,836837402,6923344519053,361384974660820.0,-1.9559310177836298,740.1719999999999,98.46900450165639,2.4675777998550057,-82501895806.0,4268575090.0
20241112,710.52,2,-18.32,-0.0250999999999999,728.72,729.07,707.96,896081914,7412262473039,352463070918797.0,-2.5135832281433568,731.914,97.07697898933482,2.8968602481062704,-4741632002.0,-6989531078.0
20241113,689.65,2,-20.87,-0.0294,708.52,712.83,689.64,866788364,6992215388406,342405059931883.0,-2.937285368462539,721.182,95.6277333599563,3.2730198159543913,-7844569548.0,38513101717.0
20241114,681.56,2,-8.09,-0.0116999999999999,694.16,702.08,681.3,819600512,6860249693773,338637722884866.0,-1.1730587979409846,710.7900000000001,95.8876742779161,2.9935461565057175,-3042758675.0,138264635914.0
20241115,685.42,1,3.86,0.0056999999999999,675.64,688.91,668.38,895145861,6502381408489,340667852541439.0,0.5663477903632863,699.198,98.02945660599715,3.0386004381031277,86698362683.0,136035291974.0
20241118,689.55,1,4.13,0.006,683.53,697.45,681.0,875258497,7423156327106,342895307782871.0,0.6025502611537448,691.3399999999999,99.7410825353661,2.4066244349187373,-31989122042.0,-80872093527.0
20241119,686.12,2,-3.43,-0.005,690.45,691.13,682.5,894680566,7236652546264,341449563588267.0,-0.4974258574432566,686.4599999999999,99.95047052996534,1.2499094793250771,-31167088800.0,30139060721.0
20241120,682.91,2,-3.21,-0.0046999999999999,689.03,691.0,682.03,934123936,7851775599983,340156641630358.0,-0.4678481898210296,685.1119999999999,99.67859269725243,1.301830108993807,-55703320842.0,-33323933996.0
20241121,680.67,2,-2.24,-0.0033,683.1,685.91,672.83,1016299158,8522049909150,339015335169215.0,-0.32800808305633034,684.934,99.37745826605192,1.9148001756697304,-80649610182.0,3758942960.0
20241122,677.01,2,-3.66,-0.0054,682.37,689.99,676.06,849327115,7996712119879,336919514460270.0,-0.5377054960553518,683.2520000000001,99.0864278479975,2.041414481879342,92674087797.0,66926345362.0
20241125,696.83,1,19.82,0.0293,683.37,698.51,683.37,784507220,6906383418655,346788622200437.0,2.9275786177456853,684.708,101.77038971357135,2.2154908760993295,63760982833.0,125030481316.0
20241126,693.15,2,-3.68,-0.0053,697.59,699.7,689.53,835545191,6729522619311,345034795098541.0,-0.5281058507814018,686.114,101.02548556070856,1.4578764030447788,-206913601400.0,26433807390.0
20241127,692.0,2,-1.15,-0.0017,693.8,696.15,686.37,942775549,7276408857725,344410620789086.0,-0.1659092548510377,687.932,100.59133751591727,1.409628134909192,8657775209.0,48688858457.0
20241128,694.39,1,2.39,0.0034999999999999,694.96,697.91,691.61,927237663,6934065344028,345651361602403.0,0.3453757225433396,690.676,100.53773404606501,0.906526994359381,-83850082888.0,26698388359.0
20241129,678.19,2,-16.2,-0.0233,694.24,694.24,677.08,888674468,6295163802026,337777688264228.0,-2.332982905859815,690.912,98.15866564772358,2.471767688407463,-113121188185.0,10347804925.0
20241202,675.84,2,-2.35,-0.0034999999999999,684.15,687.7,675.78,735007138,6353293970211,336808236092623.0,-0.346510564885949,686.714,98.41651691970748,1.7423079733976574,124081511450.0,76511482365.0
20241203,690.8,1,14.96,0.0220999999999999,678.98,692.81,678.98,834908008,6235507051348,344255247272481.0,2.213541666666652,686.2439999999999,100.66390380098042,2.036878847683279,232833413532.0,-21291493411.0
20241204,677.15,2,-13.65,-0.0197999999999999,677.59,687.94,671.6,912110518,6402835500835,337768663789392.0,-1.9759698899826206,683.274,99.1037270553248,2.411487772841989,-14832549707.0,16642690152.0
20241205,670.94,2,-6.21,-0.0092,679.79,680.02,669.27,746440194,5992285180249,334928549613995.0,-0.9170789337665131,678.5840000000001,98.87353665868926,1.5813707174274412,-22289372980.0,38711751339.0
20241206,661.33,2,-9.61,-0.0143,670.7,671.34,644.39,899216483,6791257309310,330204155887834.0,-1.432318836259583,675.212,97.9440531270179,4.018189950797681,35480868760.0,141620292905.0
20241209,627.01,2,-34.32,-0.0519,649.35,649.35,627.01,890861301,6511899873856,313015003789608.0,-5.189542285999438,665.446,94.22402418828875,3.4403634403634453,204976141854.0,100188421537.0
20241210,661.59,1,34.58,0.0552,635.94,661.6,635.94,917262005,7497533013397,330190415159065.0,5.515063555605182,659.604,100.30108974475593,4.0349718526905,292491951374.0,117999313667.0
20241211,675.92,1,14.33,0.0217,661.71,677.55,661.71,971320515,6392782148565,337681554355491.0,2.165994044649988,659.358,102.51183727201307,2.3937978872920036,-69043286300.0,-35906010606.0
20241212,683.35,1,7.43,0.011,680.97,687.0,674.31,1035142447,8235306824240,341391137883317.0,1.099242513906984,661.8399999999999,103.250030218784,1.863518216661535,-52886510877.0,-88202329793.0
20241213,693.73,1,10.38,0.0152,684.25,695.76,683.3,901945850,6787042166717,346943091592353.0,1.51898734177216,668.32,103.80207086425663,1.8209718670076778,6073639052.0,5450675222.0
20241216,698.53,1,4.8,0.0069,699.81,701.67,695.67,1001731892,6984401139011,349452247183742.0,0.6919118388998502,682.624,102.33012610163135,0.8573755733699148,-116800945319.0,-77425792505.0
20241217,694.47,2,-4.06,-0.0058,699.52,699.52,691.58,981787202,7201106404792,347336209928400.0,-0.5812205631826717,689.2,100.76465467208358,1.1350640439158197,-123893928699.0,-9337574421.0
20241218,697.57,1,3.1,0.0045,694.94,699.18,690.4,858876686,7245591833949,348901870316724.0,0.4463835730845078,693.53,100.58252707164796,1.2634184246121927,9430240978.0,-6227103163.0
20241219,684.36,2,-13.21,-0.0189,682.53,688.29,679.85,761648258,6536914472666,342502492206707.0,-1.8937167596083548,693.7320000000001,98.64904602930237,1.2365756816550102,-16251457886.0,-113814036446.0
20241220,668.31,2,-16.05,-0.0235,684.79,685.1,667.0,870059923,6513537903235,334828026988434.0,-2.345256882342639,688.648,97.04667696704266,2.6431460739788877,-81959587264.0,-34708366941.0
20241223,679.24,1,10.93,0.0163999999999999,674.26,683.16,671.09,657713640,5344653426478,340290856473099.0,1.6354685699750293,684.79,99.18953255742638,1.790110639812526,130521391978.0,101934338279.0
20241224,680.11,1,0.87,0.0013,683.02,685.87,679.23,645103801,6070198709390,341005131321276.0,0.12808432954478643,681.9179999999999,99.73486548236006,0.9721530848291393,-7524973684.0,97253601811.0
20241226,675.64,2,-4.47,-0.0066,684.21,684.36,674.81,829286499,6704724150325,338975146382255.0,-0.6572466218700002,677.5319999999999,99.72075119699144,1.3957703044387058,-19342137713.0,160446416216.0
20241227,665.97,2,-9.67,-0.0143,674.3,677.5,661.24,814127292,6228975394160,333874166918579.0,-1.431235569238054,673.854,98.83001362312905,2.4113895892036172,-28783497936.0,-125320560303.0
20241230,678.19,1,12.22,0.0183,662.68,679.68,661.92,644554166,4846907016071,340145082908613.0,1.834917488775778,675.83,100.34920024266458,2.680026558821753,237261578429.0,15929861001.0
20250102,686.63,1,8.44,0.0124,678.98,687.25,675.96,741587124,5912360145938,344423635810547.0,1.2444890075052673,677.308,101.37633100450607,1.6627883000971992,-129031620846.0,23317933580.0
20250103,705.76,1,19.13,0.0279,688.04,706.46,687.73,871626030,7988209959039,353817405553060.0,2.7860711008840244,682.438,103.4174533071136,2.722225452008607,143072216352.0,73465655858.0
20250106,717.96,1,12.2,0.0173,707.87,718.86,707.87,1109992880,8258064748146,360017098034976.0,1.7286329630469277,690.902,103.91632966759397,1.5525449588201237,-155528611946.0,-14592744568.0
20250107,718.29,1,0.33,0.0005,719.68,723.09,717.07,1230039625,8174853992098,360367857019386.0,0.04596356342971841,701.366,102.41300547788173,0.8364828812805666,888953046.0,-70334884121.0
20250108,719.63,1,1.34,0.0019,713.78,720.21,712.62,1124301750,6913236534847,361070265502191.0,0.18655417728214996,709.654,101.40575548083997,1.0633528538205095,-124831750302.0,-130700361616.0
20250109,723.52,1,3.89,0.0054,718.89,723.7,712.35,992523922,7502223198476,363118431218266.0,0.5405555632755688,717.0319999999999,100.90484106706536,1.5788229075380134,-22146438907.0,4025979713.0
20250110,717.89,2,-5.63,-0.0078,722.21,723.47,715.68,914398003,6601204072715,360309762116239.0,-0.7781402034497953,719.458,99.78205816044856,1.0786336384154298,-124025720413.0,-106713177199.0
20250113,708.21,2,-9.68,-0.0135,713.98,718.96,707.6,770836664,5638973154335,356078608341734.0,-1.348395993815199,717.508,98.70412594702776,1.5910809826605805,-39677685882.0,-50106363914.0
20250114,718.04,1,9.83,0.0139,712.03,718.6,709.11,911711452,6801057772805,361067651008505.0,1.388006382287732,717.458,100.08111973105045,1.3328090108562853,80959815453.0,62247763564.0
20250115,711.61,2,-6.43,-0.009,722.16,722.34,709.82,982777494,6595897658814,357796530372816.0,-0.8954932872820343,715.854,99.40714167972799,1.7336878254126484,-177764178524.0,8694558797.0
20250116,724.24,1,12.63,0.0177,720.35,725.78,720.35,822196863,6683933349897,364133995938266.0,1.7748485827911331,715.9979999999999,101.15112053385624,0.7538002359963837,227372172579.0,101121702067.0
20250117,724.69,1,0.45,0.0006,723.05,725.54,722.28,844070196,6992862771104,364479404798641.0,0.062134099193644765,717.358,101.0220838131031,0.45086785146255326,-76517058054.0,27143789746.0
20250120,727.66,1,2.97,0.0040999999999999,727.59,728.51,722.77,756376851,6339532887147,365874385853105.0,0.4098304102443606,721.248,100.88901459692087,0.7889058398273765,-79476914021.0,-11731505735.0
20250121,726.07,2,-1.59,-0.0022,728.57,733.91,720.73,860868642,7132228371381,365280195075588.0,-0.21850864414697524,722.854,100.44490312013214,1.8090231549473554,-54790952295.0,-9475203399.0
20250122,732.31,1,6.24,0.0086,731.17,733.89,729.46,917737627,7475319364269,368360207434957.0,0.8594212679218005,726.994,100.73123024399099,0.6058782499281904,21508080473.0,66759420774.0
20250123,724.01,2,-8.3,-0.0113,731.69,731.72,723.49,921233004,7015212042796,364441865611068.0,-1.133399789706535,726.9480000000001,99.59584454458914,1.1247932867744561,-97374076967.0,-22959575558.0
20250124,728.74,1,4.73,0.0065,725.78,731.7,722.82,763299520,6343842337858,367274172545405.0,0.6533058935650038,727.758,100.13493496464483,1.2235112568546935,67864971833.0,9368300133.0
20250131,728.29,2,-0.45,-0.0006,724.96,728.41,723.3,687448836,6531726911469,367126940213354.0,-0.06175041853062613,727.884,100.0557781184914,0.7048664753917476,30313035154.0,3812231845.0
20250203,703.8,2,-24.49,-0.0336,718.26,718.26,700.57,843786203,7440589706733,355305744954193.0,-3.362671463290723,723.4300000000001,97.28653774380382,2.462896444184549,-102987372052.0,-190763407669.0
20250204,719.92,1,16.12,0.0229,713.55,726.28,713.55,996620510,8417510783751,363587949463097.0,2.2904234157431036,720.952,99.85685593493048,1.7840375586854487,373587280943.0,47949564319.0
20250205,730.98,1,11.06,0.0154,724.6,731.92,724.6,815898537,8097572917090,368943222732921.0,1.5362818090899122,722.346,101.1952720718326,1.010212531051606,24641890794.0,-33519212488.0
20250206,740.32,1,9.34,0.0128,735.94,740.32,734.91,858061283,8515712965704,373633475899069.0,1.277736736983237,724.6619999999999,102.16073148585136,0.7351142756203062,13810168950.0,67547159074.0
20250207,742.9,1,2.58,0.0034999999999999,739.88,744.68,737.61,973353714,9929371402136,375077397728902.0,0.3484979468337812,727.584,102.10504903901129,0.9555603611396356,-7159363226.0,-56018704532.0
20250210,749.67,1,6.77,0.0091,740.12,750.46,735.71,1005599352,10816609918803,378488631738113.0,0.9112935792165766,736.758,101.75254289739641,1.9929200670161593,-106824607283.0,-1197514411.0
20250211,749.59,2,-0.08,-0.0001,751.25,754.62,749.36,987198406,10013921895477,378570153375273.0,-0.010671362065961532,742.692,100.92878339877096,0.7001663893510803,-15587545482.0,-30890450323.0
20250212,745.18,2,-4.41,-0.0059,748.65,748.65,742.85,895422568,8611339860094,376565036587962.0,-0.588321615816656,745.5319999999999,99.95278539351766,0.7747278434515401,-122790884897.0,-55677655593.0
20250213,749.28,1,4.1,0.0055,748.69,751.83,744.83,815852418,8391742906978,378870539511192.0,0.5502026356048129,747.324,100.26173386643545,0.9349664079926271,25700175587.0,-65345965321.0
20250214,756.32,1,7.04,0.0093999999999999,752.08,758.72,752.04,901114792,10084980780532,382900831746409.0,0.9395686525731417,750.008,100.8415910230291,0.8882033826188787,198835623857.0,11974752829.0
20250217,768.48,1,12.16,0.0161,759.21,768.48,757.77,885361507,9312985299233,389416156462502.0,1.6077850645229486,753.77,101.95152367433037,1.4106768878176046,60923589273.0,-30226649358.0
20250218,773.65,1,5.17,0.0067,769.93,773.77,765.99,1064611034,10121234693865,392037051618906.0,0.6727566104517857,758.582,101.98633766685737,1.010481472341638,-41074859332.0,32532354656.0
20250219,778.27,1,4.62,0.006,774.12,778.98,772.63,939913640,10913313669393,394243294233280.0,0.5971692625864389,765.2,101.7080501829587,0.8202862605280864,-79951127812.0,13728049917.0
20250220,768.27,2,-10.0,-0.0128,777.78,781.54,766.83,1045130301,10415463533760,389640020603937.0,-1.2849011268582844,768.998,99.90533135326748,1.8912803106276739,-214188114649.0,-122825495708.0
20250221,774.65,1,6.38,0.0083,768.39,774.78,767.18,881243487,8182601802642,392602420154611.0,0.830437216082891,772.664,100.25703281115723,0.989081065604709,127191900149.0,-6040610906.0
20250224,773.33,2,-1.32,-0.0017,766.94,773.51,764.48,904411705,7924512242876,392294112296850.0,-0.17039953527399065,773.634,99.96070493282353,1.1774063160090715,-106462709223.0,-127459095322.0
20250225,769.43,2,-3.9,-0.005,766.85,773.91,765.26,962424381,8757281474050,390764703025874.0,-0.5043125185884567,772.79,99.56521176516259,1.1279911325552556,-33045240353.0,-83339619774.0
20250226,771.41,1,1.98,0.0026,769.0,774.2,766.69,909127367,7969806149515,391744101242164.0,0.2573333506621811,771.418,99.99896294875151,0.9765929778933669,-71363547492.0,-47042361299.0
20250227,770.85,2,-0.56,-0.0007,774.13,776.57,769.6,806160338,7469652252807,391416417741301.0,-0.07259434023411115,771.934,99.85957348685251,0.9003655716740118,-55518062243.0,-26349992505.0
20250228,743.96,2,-26.89,-0.0349,760.1,760.1,743.95,860877844,7789832800055,377926445581963.0,-3.4883570084971116,765.796,97.14858787457756,2.124720431522165,-288821375115.0,-123582924684.0
20250304,737.9,2,-6.06,-0.0081,739.68,739.68,730.96,622276869,5493892282378,375108425479583.0,-0.8145599225764855,758.71,97.25718654031184,1.1788881678563587,45338967384.0,-850661636.0
20250305,746.95,1,9.05,0.0123,743.35,748.82,740.69,684374715,6466086116660,379834268125984.0,1.2264534489768275,754.214,99.03687812742803,1.0936974507298036,65503897367.0,11432929258.0
20250306,734.92,2,-12.03,-0.0161,750.43,750.43,733.49,766879796,7505323280070,373981104772291.0,-1.6105495682442017,746.9159999999999,98.39392917008071,2.257372439801173,-213312669185.0,-217201765302.0
20250307,727.7,2,-7.22,-0.0098,729.43,738.1,725.97,731378055,7183593305606,370358758385096.0,-0.9824198552223273,738.286,98.56613832579787,1.662942297410306,43943338478.0,-99763591897.0
20250310,725.82,2,-1.88,-0.0026,724.78,732.62,720.13,622760098,5834615967181,369529949656492.0,-0.2583482204205012,734.658,98.79699125307286,1.7232815475040715,-26578225684.0,-41640758532.0
20250311,721.5,2,-4.32,-0.006,710.2,721.7,706.96,757611773,7149826854989,367633889516135.0,-0.5951888898073965,731.378,98.64939880608932,2.075471698113209,45353657937.0,-87106871012.0
20250312,729.49,1,7.99,0.0111,724.58,734.14,723.52,687840839,6558097776494,371989156127139.0,1.1074151074150995,727.8860000000001,100.22036417790696,1.4656766678627624,14930261870.0,9296065103.0
20250313,722.8,2,-6.69,-0.0092,735.75,737.29,722.28,774839374,7485492681845,368874805611599.0,-0.9170790552303743,725.462,99.63306141465715,2.040095141012571,-85621357325.0,-122970660219.0
20250314,734.26,1,11.46,0.0159,723.75,736.84,723.71,668141670,6493140821396,374871759865668.0,1.5855008301051576,726.774,101.03003134399415,1.8141623488773744,201903932910.0,76288794342.0
20250317,743.51,1,9.25,0.0126,740.14,743.77,735.32,693669930,7112442322831,379331543750418.0,1.259771742979332,730.312,101.8071728247653,1.1416758991542049,-115673844464.0,-3171907426.0
20250318,745.54,1,2.03,0.0027,747.71,748.07,742.29,677134375,6779991571401,380885280774773.0,0.2730292800365852,735.12,101.41745565349873,0.7730269756991462,-36467553296.0,-2179353174.0
20250319,738.35,2,-7.19,-0.0096,743.21,747.53,737.52,721061736,6943065173394,377235277140899.0,-0.964401641763013,736.8919999999999,100.19785803075621,1.3468602413853406,-173809897864.0,-19785790134.0
20250320,725.15,2,-13.2,-0.0179,743.06,743.39,725.1,749018294,8338383504585,370651144256744.0,-1.7877700277646125,737.362,98.34382569212951,2.4614432212741857,-31103320577.0,-32107127434.0
20250321,719.41,2,-5.74,-0.0079,724.94,727.15,713.82,735721739,7672927584981,368143842842415.0,-0.7915603668206539,734.392,97.95994509744114,1.8387728639611454,51109259619.0,116738995514.0
20250324,720.22,1,0.81,0.0011,721.39,725.34,718.67,678079652,5310038114044,368835429966832.0,0.112592263104494,729.734,98.69623725905605,0.9246038897129254,-33682578950.0,-27257980424.0
20250325,711.26,2,-8.96,-0.0124,725.34,725.84,709.67,729735132,6016568417764,364227032661785.0,-1.2440643136819363,722.8779999999999,98.39281317179388,2.2292993630573346,39221689700.0,-115157862486.0
20250326,716.48,1,5.22,0.0073,714.36,717.3,705.38,706699242,5368345496857,366971161183674.0,0.7339088378370828,718.504,99.71830358634051,1.668626462847858,63988501391.0,71812562680.0
20250327,707.49,2,-8.99,-0.0125,710.98,718.2,706.86,766088993,5658041994382,362229714703401.0,-1.254745422063419,714.972,98.95352545274501,1.594981574727845,-21385563749.0,-20338186466.0
20250328,693.76,2,-13.73,-0.0194,708.97,709.33,691.76,964194525,5325467408913,355501975376710.0,-1.940663472275228,709.842,97.73442540734418,2.478243085038866,-114624218761.0,-5658437158.0
20250331,672.85,2,-20.91,-0.0301,683.42,686.17,671.91,895517699,5025704537947,344695152100374.0,-3.014010608856088,700.368,96.07092271491558,2.0865646308273087,-216042119806.0,147755307791.0
20250401,691.45,1,18.6,0.0276,681.58,695.73,677.86,769528538,5379658338006,354163014064436.0,2.764360555844547,696.4060000000001,99.28834616588598,2.6218492326652783,-5139208199.0,185667089101.0
20250402,684.85,2,-6.6,-0.0095,695.37,696.48,683.3,799717067,6400352823048,350645716199293.0,-0.9545158724419744,690.08,99.2421168560167,1.895393819117889,-267216200017.0,26905011753.0
20250403,683.49,2,-1.36,-0.002,670.75,685.16,669.85,716602765,5795628263064,350194364332347.0,-0.19858363145214275,685.28,99.73879290217138,2.282519567648147,-64708414304.0,3651799477.0
20250404,687.39,1,3.9,0.0056999999999999,677.23,697.72,674.66,976563377,7767886290180,352303146538945.0,0.5706008866259937,684.0060000000001,100.49473250234647,3.405047029812628,-88653854355.0,73014744342.0
20250407,651.3,2,-36.09,-0.0525,667.02,667.02,651.29,914731766,6282222864292,333848533856062.0,-5.250294592589366,679.6960000000001,95.82224994703512,2.3582501274324636,-187047896011.0,6429674355.0
20250408,658.45,1,7.15,0.011,666.01,668.82,656.07,872171575,6117697148248,337482406628544.0,1.0978043912175828,673.096,97.82408452880422,1.9143856698848365,-73186564193.0,153012745775.0
20250409,643.39,2,-15.06,-0.0229,653.84,657.45,637.55,826310248,5626385140304,329853682351908.0,-2.2871896119675106,664.804,96.77890024729093,3.043558057017021,-96689238185.0,19380991555.0
20250410,681.79,1,38.4,0.0596999999999999,670.12,681.79,669.99,925254115,6008922102424,349599359110092.0,5.968386204323961,664.4639999999999,102.60751523032098,1.7608786486002437,109570839628.0,201222403331.0
20250411,695.59,1,13.8,0.0202,673.09,695.59,672.74,1049944175,6624999997223,356820804997226.0,2.0240836621247205,666.104,104.42663608085223,3.394791186914086,26167470711.0,12920718445.0
20250414,708.98,1,13.39,0.0192,699.99,709.05,699.21,1050254443,6640277031266,363751092585110.0,1.9249845454937464,677.6400000000001,104.62487456466559,1.4057343676338117,-24926277936.0,22379074323.0
20250415,711.92,1,2.94,0.0040999999999999,709.51,712.69,704.61,894426632,6878709344578,365359186143303.0,0.4146802448588005,688.3340000000001,103.42653421158911,1.1388141111471355,-69866841294.0,-41083263334.0
20250416,699.11,2,-12.81,-0.018,710.38,711.38,698.58,978750260,6740808880865,358744662832503.0,-1.7993594785930878,699.4780000000001,99.94738933890702,1.8018525296320216,-128599309995.0,-96698206650.0
20250417,711.75,1,12.64,0.0181,700.11,711.91,700.11,1082187431,6248955537445,365177306355649.0,1.8080130451574083,705.47,100.89018668405461,1.6854494293753772,96607015931.0,48783057555.0
20250418,717.77,1,6.02,0.0085,713.52,717.77,708.2,1156924183,7216567131041,368396651941493.0,0.8458025992272633,709.906,101.10775229396569,1.3412378069290192,-19359315514.0,10256410140.0
20250421,715.45,2,-2.32,-0.0032,717.25,722.18,714.05,1164432863,6334850713013,366929167886205.0,-0.3232233166613141,711.2,100.59758155230595,1.1334959916347154,-115737079652.0,-63481404766.0
20250422,716.12,1,0.67,0.0009,711.42,717.86,711.03,1277015428,7315553729975,367616914755586.0,0.09364735481165454,712.04,100.57300151676873,0.9600517275308597,-11837361528.0,6832661032.0
20250423,726.08,1,9.96,0.0139,724.33,726.1,720.42,1050347212,6678332362823,372670965642156.0,1.39082835279003,717.434,101.20512827660804,0.7841729598387562,44366090515.0,32222250880.0
20250424,726.08,3,0.0,0.0,726.95,729.49,723.33,1150836607,5979132035110,372750730245767.0,0.0,720.3000000000001,100.80244342635012,0.8473760231102507,6981906556.0,-36321117487.0
20250425,729.69,1,3.61,0.005,729.56,732.8,728.21,1010312750,5622573638907,374623951934461.0,0.4971903922432741,722.6840000000001,100.96944169235793,0.6291463347771148,78322350753.0,-64140833843.0
20250428,719.41,2,-10.28,-0.0141,730.58,732.44,718.14,990322714,6087840084161,369248306440116.0,-1.4088174430237577,723.476,99.43799103218352,1.9573489556243078,-58543716335.0,-113781767031.0
20250429,726.46,1,7.05,0.0098,722.94,727.8,721.42,943333984,5609256482055,372832258499543.0,0.9799696973909366,725.5440000000001,100.12625009647932,0.8825075386615757,133667403360.0,43133829551.0
20250430,717.24,2,-9.22,-0.0127,726.19,727.27,715.33,850397796,5527164620062,367992750727586.0,-1.2691682955702999,723.7760000000001,99.09695817490494,1.6441977994739585,-71696204333.0,-128180951744.0
20250502,721.86,1,4.62,0.0064,716.6,723.77,714.07,735178377,4623685254778,370205863100350.0,0.6441358541074083,722.932,99.8517149607432,1.353614289701358,79918417508.0,65971340589.0
20250507,722.81,1,0.95,0.0013,722.41,722.81,714.8,744459684,5570137102166,370735467396545.0,0.13160446623998734,721.5559999999999,100.17379108482226,1.108788638031034,24832155299.0,-9349354947.0
20250508,729.59,1,6.78,0.0093999999999999,725.81,730.72,725.81,730302443,6284969296737,373994910225526.0,0.9380058383254397,723.592,100.82892016495484,0.6764855816260568,87863767967.0,-42418515111.0
20250509,722.52,2,-7.07,-0.0097,731.01,731.01,719.83,852590197,7469599597962,370766640465496.0,-0.9690374045696948,722.804,99.96070857383191,1.5293908428065213,-265936056852.0,-79210636888.0
20250512,725.4,1,2.88,0.004,724.47,727.56,719.23,1016087913,7045877105131,372386306107579.0,0.39860488290981433,724.4359999999999,100.13306903577404,1.1498060651234594,93691619546.0,5605348253.0
20250513,731.88,1,6.48,0.0089,731.11,735.85,730.76,1151961554,7061497171778,375358254179205.0,0.8933002481389618,726.4399999999999,100.74885744177084,0.696201665959983,43509918120.0,56304782096.0
20250514,739.05,1,7.17,0.0098,732.2,739.05,726.51,970914062,7405953012646,379042059281306.0,0.9796687981636243,729.688,101.28301411014023,1.7126468178093366,47225683447.0,62107904509.0
20250515,733.23,2,-5.82,-0.0079,738.15,738.28,732.59,1108973249,7872970047904,376438057123392.0,-0.7874974629591969,730.4159999999999,100.38525990668332,0.7708460340039207,-120044975751.0,15181907332.0
20250516,725.07,2,-8.16,-0.0111,734.38,734.38,722.99,1124173729,7437026337141,372366817903622.0,-1.1128840882124291,730.926,99.19882450480624,1.5509681636210118,-179010538079.0,-43269225844.0
20250519,713.75,2,-11.32,-0.0156,721.27,721.31,710.47,1319286832,6971426892158,367387892720001.0,-1.561228571034523,728.596,97.96238244514106,1.5029045988326033,-36008198457.0,-180921412497.0
20250520,715.55,1,1.8,0.0025,719.36,722.17,715.12,1018198005,7034016821292,368918950965291.0,0.25218914185638486,725.33,98.6516482152951,0.9800378113878939,55336020682.0,68435812028.0
20250521,723.62,1,8.07,0.0113,720.64,726.68,719.96,846438915,6446231626441,372965129173416.0,1.1278037872964886,722.244,100.19051733209274,0.9325044404973236,42345179820.0,85407596384.0
20250522,717.67,2,-5.95,-0.0081999999999999,720.96,720.96,714.71,1068236847,5874547207292,369991002238903.0,-0.8222547746054576,719.132,99.79669935422147,0.8668996893031513,-55642808611.0,-52241203703.0
20250523,715.98,2,-1.69,-0.0024,720.5,720.5,713.22,985285124,5817305593086,369764319394201.0,-0.23548427550266204,717.314,99.81402844500457,1.01040943789035,-26912753067.0,25219959537.0
20250526,725.27,1,9.29,0.013,718.48,726.93,716.86,825198990,5404346268886,374422698229100.0,1.2975222771585804,719.6179999999999,100.78541670719743,1.4015699810711413,85326243025.0,86249404776.0
20250527,727.11,1,1.84,0.0025,727.0,727.16,723.66,848891345,6068267737234,375543912252837.0,0.25369862258193265,721.9300000000001,100.71752108930228,0.48143053645116923,1440706685.0,-11210283775.0
20250528,728.79,1,1.68,0.0023,731.06,733.48,727.6,974171867,6815890807006,376609767324941.0,0.231051697817386,722.9639999999999,100.80584925390477,0.8043115476157902,333466821794.0,5330580082.0
20250529,736.29,1,7.5,0.0103,733.22,736.29,731.64,886682511,5369458939464,380346510455772.0,1.029103033795753,726.688,101.32133735523361,0.6341889201058314,-1978009353.0,48050067801.0
20250530,734.35,2,-1.94,-0.0026,735.26,737.43,732.55,907815111,5351146799537,379575280943270.0,-0.26348313843729265,730.362,100.54603059852512,0.6637107961809422,-109277788247.0,5621099393.0
20250602,740.29,1,5.94,0.0081,735.14,741.41,733.97,846169410,5761400658447,382652654685762.0,0.8088786001225534,733.366,100.94413976104701,1.012052126125628,110910008342.0,17005114606.0
20250604,750.21,1,9.92,0.0134,749.13,752.75,747.35,853355064,6775068555050,387727008874316.0,1.34001539937052,737.986,101.65639998590761,0.7208361699571473,147069151008.0,176319056551.0
20250605,756.23,1,6.02,0.008,751.59,761.17,750.17,861273588,7462281349786,390727941502873.0,0.8024419829114393,743.4739999999999,101.71572913107924,1.4635639111749756,38758820397.0,9948849772.0
20250609,764.21,1,7.98,0.0106,759.27,764.92,757.29,1055301118,7595454385707,394883443614929.0,1.0552345185988354,749.058,102.02280731265137,1.0049126134313215,153478821709.0,-38839459798.0
20250610,771.2,1,6.99,0.0091,767.91,771.2,761.36,1351927648,7121352601026,398574952166925.0,0.9146700514256478,756.4280000000001,101.95286266505205,1.2814001640817325,5738967029.0,-2309339606.0
20250611,786.29,1,15.09,0.0196,775.43,787.06,774.84,1566716471,7799685122891,406716567162800.0,1.9566908713692932,765.628,102.69869962958511,1.575899823323822,213492586223.0,112805180142.0
20250612,789.45,1,3.16,0.004,786.27,793.2,784.96,1288365758,7668782861001,408333205142564.0,0.40188734436403806,773.476,102.06522245034107,1.0479860607679308,8371037063.0,-6514555414.0
20250613,768.86,2,-20.59,-0.0260999999999999,792.68,792.68,761.42,1096004622,7858865210477,397652315522130.0,-2.6081449110139987,776.0020000000001,99.07964154731559,3.943583791693999,-235087672748.0,-90679250673.0
20250616,777.26,1,8.4,0.0109,767.64,777.68,763.81,1111396074,6898142866488,401912894070874.0,1.0925265978201537,778.6120000000001,99.82635767237082,1.8068365379605031,116941951110.0,43745919224.0
20250617,775.65,2,-1.61,-0.0021,780.08,785.76,766.56,1136678019,7429307104002,401040121308611.0,-0.20713789465558463,779.502,99.50583834294203,2.461286021946473,14261345710.0,-63186952886.0
20250618,779.73,1,4.08,0.0053,772.6,781.35,772.6,1006940370,7105541802781,403012416063106.0,0.5260104428543855,778.1899999999999,100.19789511558874,1.1325394770903443,-42630979552.0,-1058684617.0
20250619,782.51,1,2.78,0.0036,783.29,783.3,776.21,1103659388,7609431198982,405230473135391.0,0.35653367191206264,776.802,100.73480758288468,0.9051564554634832,-135507450453.0,18950503168.0
20250620,791.53,1,9.02,0.0115,783.63,791.53,780.65,1110932295,7858722693000,409847065976716.0,1.1527009239498565,781.336,101.30468837990314,1.3884103467197524,52274351676.0,38827192036.0
20250623,784.79,2,-6.74,-0.0085,779.67,784.79,772.91,991615723,7554336981761,406406467551672.0,-0.8515154195040009,782.842,100.2488369300574,1.5237215745122932,-2564187642.0,-61332207737.0
20250624,800.93,1,16.14,0.0206,796.06,801.34,794.87,1076177220,8337504695530,414507549486704.0,2.0566011289644415,787.8979999999999,101.65402120579061,0.8127528075773218,174180325837.0,64658700340.0
20250625,798.21,2,-2.72,-0.0034,802.92,803.93,793.03,1165502459,7017991736666,413235742853345.0,-0.33960520894459334,791.594,100.83578197914586,1.3575449608927388,-143237044026.0,-49926216427.0
20250626,787.95,2,-10.26,-0.0129,799.21,799.21,779.72,938619650,6238641599781,407828274546070.0,-1.2853760288645821,792.682,99.40303930201519,2.438658174947762,-168334180964.0,-55926528646.0
20250627,781.56,2,-6.39,-0.0081,789.93,790.67,778.6,888662093,5628451025141,404552311581698.0,-0.8109651627641434,790.688,98.84556234570398,1.5279834922081623,-224332410241.0,47041983623.0
20250630,781.5,2,-0.06,-0.0001,783.53,784.65,778.58,801110446,6296279603464,404628236195796.0,-0.0076769537847298785,790.03,98.92029416604433,0.774699118093747,-14921259070.0,54060459614.0
20250701,783.67,1,2.17,0.0028,783.65,788.38,783.29,971142670,6091748860723,405777886639185.0,0.27767114523351566,786.5780000000001,99.63029731317172,0.6495246602437353,-30822913836.0,55015610938.0
20250702,782.17,2,-1.5,-0.0019,784.73,787.11,769.91,945635774,5436628436550,405139268560991.0,-0.19140709737517358,783.3700000000001,99.8468156809681,2.1918366826806728,-190661539703.0,17042217803.0
20250703,793.33,1,11.16,0.0143,785.77,793.61,783.53,1087732758,5825862072411,411003106864950.0,1.4267998005548677,784.446,101.13251900067053,1.2828181274418775,108755324540.0,40537728806.0
20250704,775.8,2,-17.53,-0.0220999999999999,792.65,793.77,775.58,1131389159,6036753149461,402180338713320.0,-2.2096731498871924,783.294,99.04327110893227,2.2948337854033865,-323659864305.0,-63042681130.0
20250707,778.46,1,2.66,0.0034,774.19,779.98,771.46,1416111646,5815931639482,403786447167252.0,0.3428718741943948,782.6859999999999,99.46006444474543,1.100505043981449,135990260603.0,-72359251313.0
20250708,784.24,1,5.78,0.0074,779.28,784.37,775.57,1205277647,5367654549578,406768236699190.0,0.7424915859517434,782.8,100.18395503321412,1.1292475105225277,36248659257.0,-112400623773.0
20250709,790.36,1,6.12,0.0078,786.33,790.36,783.48,860876616,5635547762419,409957714497181.0,0.7803733550953762,784.4379999999999,100.75493538048899,0.87495072043544,64421282081.0,-81273991206.0
20250710,797.7,1,7.34,0.0093,794.64,798.73,792.05,905082870,6602315699125,413859795815992.0,0.9286907232147312,785.312,101.57746220610409,0.8406322359810812,154708774876.0,-146163922775.0
20250711,800.47,1,2.77,0.0034999999999999,799.96,805.9,798.83,976326744,7133020580564,415278855950929.0,0.34724833897454843,790.2460000000001,101.29377434368539,0.8837941897094775,51396570885.0,14497388765.0
20250714,799.37,2,-1.1,-0.0014,802.73,803.1,795.57,939783192,6149456850332,414781167547396.0,-0.13741926618112688,794.4280000000001,100.622082806749,0.9380489081011016,-151259455335.0,-41015174742.0
20250715,812.88,1,13.51,0.0169,800.24,812.91,798.83,816034316,7488117046904,422170177095579.0,1.690080938739258,800.156,101.59018991296698,1.759472158352485,71563325745.0,-16886813233.0
20250716,812.23,2,-0.65,-0.0008,810.09,813.19,805.13,946532947,7094680242258,421867632269658.0,-0.0799626021060873,804.5300000000001,100.95708053149042,0.9949511782641508,-32875564431.0,-63308000070.0
20250717,818.27,1,6.04,0.0074,814.92,818.27,806.63,951612291,6121447340560,425108707235813.0,0.7436317299287065,808.644,101.19038785918153,1.428361066116918,-70759064735.0,3153327926.0
20250718,820.67,1,2.4,0.0029,821.58,822.83,815.45,827138343,5998546385385,426552731386398.0,0.29330172192552073,812.684,100.98266977078421,0.8982691886365289,42449622095.0,32284130003.0
20250721,821.69,1,1.02,0.0012,819.84,822.76,817.34,866807250,5249525296192,426778495796614.0,0.12428869094764927,817.1479999999999,100.55583566257278,0.6611046057767319,-19193498795.0,11153198534.0
20250722,812.97,2,-8.72,-0.0106,822.33,827.82,808.81,993451581,6191670492780,422194288945095.0,-1.0612274702138325,817.1659999999999,99.48651803917443,2.3117240037454674,-40593025976.0,-142259084544.0
20250723,813.56,1,0.59,0.0007,815.88,815.88,802.3,909010533,5592866277405,422991786936738.0,0.07257340369262177,817.432,99.52632145548498,1.6644604598715547,-6187513148.0,-107155058752.0
20250724,809.89,2,-3.67,-0.0045,816.94,819.95,809.26,889008115,6114227577655,420539410713145.0,-0.4511037907468318,815.7560000000001,99.2809124296971,1.308541630964337,37209530177.0,-19374749378.0
20250725,806.95,2,-2.94,-0.0036,809.43,810.67,805.83,714505962,5209063211398,419278499128287.0,-0.3630122609243114,813.0120000000001,99.25437754916287,0.5979516449847322,92911954048.0,-140195968733.0
20250728,804.4,2,-2.55,-0.0032,811.26,811.49,800.76,727049937,5279086288376,418537193223346.0,-0.31600470908978995,809.554,99.36335315494705,1.32263392747085,-15485145380.0,-44715229577.0
20250729,804.45,1,0.05,0.0001,803.38,807.09,795.67,620970466,5116176933274,418748612045516.0,0.006215813028354056,807.85,99.57912978894598,1.4214941870596818,-5631876612.0,-29480731926.0
20250730,803.67,2,-0.78,-0.001,804.76,809.27,803.34,770147386,5218914708468,418309411054897.0,-0.09696065634906548,805.872,99.72675561379475,0.7368656493861462,45541241003.0,-15480990794.0
20250731,805.24,1,1.57,0.002,806.21,809.03,799.51,831711599,5066428416846,419188764655325.0,0.1953538143765643,804.942,100.03702130091361,1.1808337777998266,26979773797.0,-28172830761.0
20250801,772.79,2,-32.45,-0.0403,796.24,796.24,772.66,835015170,4750887070057,402395592586705.0,-4.029854453330694,798.11,96.82750498051647,2.9614186677383754,-112612060448.0,-140999918338.0
20250804,784.06,1,11.27,0.0146,773.83,786.35,770.35,705682917,4047911515061,408456725405992.0,1.458352204350466,794.042,98.74288765581667,2.067637594820568,-39597746421.0,74228926688.0
20250805,798.6,1,14.54,0.0185,791.94,801.63,791.94,689089323,4812376158839,415976573129459.0,1.8544499145473736,792.872,100.72243691289388,1.2235775437533072,46720187907.0,25582138021.0
20250806,803.49,1,4.89,0.0060999999999999,796.48,803.55,793.85,696604882,4775881174320,418855553862851.0,0.6123215627347856,792.836,101.3437835819766,1.2178585777420565,-2437152329.0,94190026080.0
20250807,805.81,1,2.32,0.0029,805.27,806.47,801.7,765440400,4803969295670,420293283683713.0,0.2887403701352875,792.95,101.6217920423734,0.5923479081550266,-53906400023.0,-20429306814.0
20250808,809.27,1,3.46,0.0043,806.43,812.48,806.43,848042613,5164784930383,422078572579433.0,0.42938161601371316,800.246,101.12765324662666,0.7502201058988466,51248852550.0,70972976051.0
20250811,811.85,1,2.58,0.0032,810.51,813.52,805.9,928260067,5301235294411,423414436908295.0,0.31880583735959256,805.804,100.75030652615278,0.9401487952030209,55037439676.0,42102907211.0
20250812,807.19,2,-4.66,-0.0056999999999999,813.12,820.27,806.84,1106879507,5946180259674,421101693939217.0,-0.5739976596661922,807.522,99.95888656903466,1.6516627312081797,-6959067882.0,-3076287968.0
20250813,814.1,1,6.91,0.0086,816.54,816.66,806.26,979563280,5768337971576,424724973998490.0,0.8560561949479073,809.644,100.5503653457569,1.273666936096208,9480036124.0,25457294208.0
20250814,815.26,1,1.16,0.0014,814.48,817.22,812.38,912584241,5816974171108,426312531735779.0,0.14248863775947473,811.534,100.459130486215,0.5942441803359237,43273168698.0,1793742541.0
20250818,798.05,2,-17.21,-0.0210999999999999,811.52,812.49,798.05,764722908,4936251584960,418014549617396.0,-2.11098299928858,809.29,98.61112827293059,1.7793769716088395,-43280304645.0,-118787673706.0
20250819,787.96,2,-10.09,-0.0126,799.54,800.07,785.95,866727946,5659873336874,413133973148462.0,-1.2643318087839028,804.512,97.94260371504716,1.7660154588888615,39721455852.0,-60670831490.0
20250820,777.61,2,-10.35,-0.0131,778.63,778.63,766.57,877724027,5028116190169,407962412811871.0,-1.313518452713336,798.596,97.37213810236966,1.5488743048688012,-42220062861.0,-85541568950.0
20250821,777.24,2,-0.37,-0.0005,780.32,784.73,776.31,894577484,4662554536552,407867192145023.0,-0.04758169262226719,791.2239999999999,98.23261175090747,1.079044494566341,-69151303411.0,-85367638603.0
20250822,782.51,1,5.27,0.0068,778.77,785.55,778.73,833027192,4633017246286,410673679866490.0,0.6780402449693801,784.674,99.72421668106756,0.8757399488937603,65485311931.0,-9221513186.0
20250825,798.02,1,15.51,0.0197999999999999,791.66,798.57,791.66,770617645,4882412241874,418845734133131.0,1.982083296060111,784.668,101.7016113821387,0.872849455574373,226324376540.0,82495535206.0
20250826,801.66,1,3.64,0.0046,793.99,802.84,793.37,784245468,5226897642369,420924840202677.0,0.4561289190747164,787.408,101.80998923048787,1.1927102356452886,161025266988.0,-32341930017.0
20250827,801.72,1,0.06,0.0001,802.57,803.19,797.6,729017215,4723439324430,420910036518983.0,0.007484469725316245,792.23,101.19788445274732,0.6965124537423566,-90220175438.0,-10785308630.0
20250828,798.43,2,-3.29,-0.0040999999999999,800.49,801.37,797.37,787080503,4684239050298,419656795163829.0,-0.41036770942474154,796.468,100.24633758041755,0.4996939374633037,-58484691931.0,-19823342675.0
20250829,796.91,2,-1.52,-0.0019,801.96,805.94,795.56,855305612,5042896502939,418982507059390.0,-0.19037360820610694,799.348,99.69500142616232,1.294328894209201,-50794776216.0,42660601608.0
20250901,785.0,2,-11.91,-0.0149,795.3,796.23,782.54,1093852709,6001661810464,412783926198496.0,-1.4945225935174555,796.7439999999999,98.52600082335104,1.7213630076700686,-57092768710.0,3961536810.0
20250902,794.0,1,9.0,0.0115,789.35,794.0,785.3,1039046890,6435888727441,417585126096603.0,1.146496815286624,795.212,99.84758781306117,1.1021726737188884,79502770472.0,21835885469.0
20250903,796.81,1,2.81,0.0034999999999999,793.28,796.92,789.27,1189073685,5532534625330,419025121335677.0,0.3539042821158578,794.2299999999999,100.32484292962995,0.9643505445744223,22357729652.0,-8061508405.0
20250904,805.42,1,8.61,0.0108,799.53,806.78,799.53,1252331330,5990196983937,423716298836882.0,1.0805587279276052,795.6279999999999,101.23072591713715,0.9067827348567283,86981373581.0,33689152454.0
20250905,811.4,1,5.98,0.0074,809.09,811.71,807.2,1013622146,5850369506650,427121554125661.0,0.7424697673263703,798.5260000000001,101.61222051630128,0.5574163566475906,46478367199.0,33147410372.0
20250908,818.6,1,7.2,0.0089,815.9,818.61,813.43,886185504,5789989857107,431012297249256.0,0.8873551885629771,805.246,101.65837520459587,0.6348817257016869,-34950219263.0,50621483896.0
20250909,824.82,1,6.22,0.0076,820.75,824.82,817.4,1282471139,7485095396014,434427141976511.0,0.759833862692405,811.4100000000001,101.65267867046252,0.9040511727078979,23676455851.0,-4191353224.0
20250910,833.0,1,8.18,0.0098999999999999,828.4,833.21,827.57,895071232,7663580551758,438485075018986.0,0.9917315293033635,818.648,101.75313443629008,0.6808305166586174,79484366654.0,64508257065.0
20250911,834.76,1,1.76,0.0021,834.68,836.55,831.23,960433626,7911832190817,439651373023848.0,0.21128451380552082,824.516,101.24242585953456,0.6373700100637294,-67061864763.0,29823695546.0
20250912,847.08,1,12.32,0.0148,839.73,847.36,839.56,954437631,8289262731226,446419302686867.0,1.47587330490202,831.652,101.85510285552131,0.9288699939266274,189484899349.0,96567126153.0
20250915,852.69,1,5.61,0.0066,849.64,852.69,843.43,944742939,8082127232287,449409719084167.0,0.6622751097889346,838.47,101.69594618769902,1.0898733581281608,-64649973409.0,-41169351478.0
20250916,851.84,2,-0.85,-0.001,854.4,855.5,850.15,1035618140,7789298553453,448806558820284.0,-0.09968452778853498,843.874,100.94397978845183,0.6261704119850214,-214664822600.0,-45122382307.0
20250917,845.53,2,-6.31,-0.0074,850.15,850.15,844.16,1004374095,6999014413113,445386996611439.0,-0.74074943651391,846.3799999999999,99.89957229613177,0.7045815444333364,-164023973684.0,-112631869603.0
20250918,857.11,1,11.58,0.0137,851.94,857.12,850.23,968140998,8220813087903,451441760067381.0,1.3695551902357161,850.85,100.73573485338191,0.8087423996995077,53404029650.0,161328281948.0
20250919,863.11,1,6.0,0.0069999999999999,858.08,863.11,854.0,951397580,10864457361532,454860816756249.0,0.7000268343619886,854.0560000000002,101.06011783770619,1.0616725713220228,211561224220.0,79227090081.0
20250922,874.36,1,11.25,0.013,869.06,875.27,867.11,956058154,9841417665664,460854759412449.0,1.3034259827831907,858.39,101.86045969780638,0.9389455273513876,-38775711463.0,18525917801.0
20250923,872.21,2,-2.15,-0.0025,877.18,877.56,866.65,964171331,10104817488818,460296764056738.0,-0.2458941397136205,862.4639999999999,101.13001818046898,1.2437584076244295,-128199148352.0,-79803851108.0
20250924,860.94,2,-11.27,-0.0129,870.54,871.82,851.38,1036233329,10119373368080,454521785202778.0,-1.29212001696839,865.5459999999999,99.46785035110787,2.347967927952771,-256363942417.0,-167877575175.0
20250925,852.48,2,-8.46,-0.0098,858.45,862.08,850.13,871793699,9035460145211,450029907718211.0,-0.9826468743466488,864.6200000000001,98.59591496842542,1.3920437998718673,30754772904.0,-114780467569.0
20250926,835.19,2,-17.29,-0.0203,847.67,847.73,829.47,749241693,7979792322718,440970921409888.0,-2.0282000750750706,859.0360000000001,97.22409770952555,2.1541401724727773,-83599521137.0,8996362047.0
20250929,846.71,1,11.52,0.0138,840.62,847.57,837.89,663695639,6300735197773,446927916811372.0,1.3793268597564579,853.5060000000001,99.20375486522647,1.1515310128238758,114314033262.0,136541356778.0
20250930,841.99,2,-4.72,-0.0056,847.52,849.18,841.65,839740111,6921741293044,444562528239405.0,-0.5574517839638138,847.4620000000001,99.35430733177417,0.8884746082688282,-183856901696.0,24908967688.0
20251001,845.34,1,3.35,0.004,846.32,849.8,844.0,620014129,6344081986865,446292675601101.0,0.39786695803989414,844.342,100.11819854987671,0.6853199735324645,27318059997.0,395478622.0
20251002,854.25,1,8.91,0.0105,853.4,854.87,848.75,820879618,7228645884271,451016377835878.0,1.054013769607498,844.6960000000001,101.13105780067619,0.7171314741035861,65767155204.0,12797842972.0
20251010,859.49,1,5.24,0.0060999999999999,858.86,859.98,849.64,773577211,8649180783645,452811180837144.0,0.6134035703833751,849.5559999999999,101.16931667835907,1.2039214773071318,245273876991.0,-87142680658.0
20251013,860.49,1,1.0,0.0012,845.76,861.79,840.28,698531892,8162012365137,453266077303103.0,0.11634806687685906,852.3120000000001,100.95950778588121,2.5432746878547094,-94359935711.0,-11719575353.0
20251014,847.96,2,-12.53,-0.0146,865.37,870.72,839.27,996539183,11139101347380,446736670394092.0,-1.4561470789898778,853.5060000000001,99.35020960602503,3.6342836012341597,-115651121293.0,-113465238052.0
20251015,864.72,1,16.76,0.0197999999999999,853.17,864.77,850.3,879761725,8869030231428,455485879590306.0,1.9765083258644234,857.382,100.8558612147211,1.6960277553125438,49665366836.0,61564346583.0
20251016,865.41,1,0.69,0.0008,866.82,868.36,862.63,899457604,9441707236763,455846661257057.0,0.07979461559810552,859.6139999999999,100.67425611960718,0.6610368934726953,-80599088907.0,-236110065724.0
20251017,859.54,2,-5.87,-0.0068,862.71,871.06,859.19,859531946,9555838618592,452797471844974.0,-0.6782912145688158,859.624,99.99022828585521,1.3758968830777307,50045901724.0,-124080016403.0
20251020,875.77,1,16.23,0.0189,864.98,876.47,862.01,846812813,9107603181155,461433098519204.0,1.8882192800800501,862.68,101.51736449204805,1.671714952946893,140607824868.0,67757959049.0
20251021,872.5,2,-3.27,-0.0037,881.53,882.1,867.62,1118285139,10231050397481,459628042881798.0,-0.37338570629275036,867.5880000000001,100.56616735132341,1.642598663687001,-39888242296.0,-59654846252.0
20251022,879.15,1,6.65,0.0076,872.51,879.31,866.21,871961429,8328241950459,463248403522903.0,0.7621776504298072,870.4739999999999,100.99669835055384,1.5014154565563615,-66230842068.0,-88430060270.0
20251023,872.03,2,-7.12,-0.0081,874.13,880.33,868.74,1060355971,7801886962067,459365807344522.0,-0.8098731729511477,871.798,100.02661166921696,1.3258897418004223,-118390069621.0,-13413670728.0
20251024,883.08,1,11.05,0.0127,880.61,884.06,876.38,961806778,9011845787475,465327498625623.0,1.267158239968813,876.506,100.7500233883168,0.8721227331054553,34872769221.0,162010212195.0
20251027,902.7,1,19.62,0.0222,890.23,902.72,888.87,997294118,9904002788580,475870061644809.0,2.221769262128004,881.892,102.35947258848022,1.5557777203644028,239187248125.0,187591199752.0
20251028,903.3,1,0.6,0.0007,902.82,906.71,896.36,842074817,8286274110858,476085845343431.0,0.0664672648720499,888.052,101.71701657110168,1.1464079218448884,-156135623830.0,25147268678.0
20251029,901.59,2,-1.71,-0.0019,906.5,906.5,896.11,976841443,9268119599768,475071096613992.0,-0.18930587844568914,892.54,101.01396015864836,1.1461665747380019,36950317290.0,-56648799012.0
20251030,890.86,2,-10.73,-0.0118999999999999,903.24,904.34,883.68,1214715904,9170647249329,469487193445190.0,-1.190119677458712,896.3060000000002,99.39239500795486,2.2873211992383067,185160398150.0,-35485614242.0
20251031,900.42,1,9.56,0.0107,894.54,901.8,891.32,895005986,9426947374128,474718249634299.0,1.0731203556114233,899.774,100.07179580650252,1.1715518590560405,197933494272.0,144327532975.0
20251103,914.55,1,14.13,0.0157,906.19,914.91,902.29,1037137247,12841681820761,483235386241308.0,1.5692676750849621,902.144,101.37516848751417,1.3926439267703246,388722218930.0,3342377598.0
20251104,926.57,1,12.02,0.0131,914.87,932.15,912.78,931506224,12132779748732,489799766047101.0,1.3143075829643136,906.798,102.18041945394675,2.1172407008646044,230012749502.0,166280944169.0
20251105,901.89,2,-24.68,-0.0266,919.28,919.28,871.79,1130176701,10963273434248,476118851919264.0,-2.6635872087376056,906.858,99.45217443083703,5.165999477852233,-596245724004.0,46827978155.0
20251106,898.17,2,-3.72,-0.0040999999999999,915.43,921.22,890.58,981007229,11066228478204,474288580077564.0,-0.4124671523134782,908.32,98.88255240443895,3.347060944037227,-115088047201.0,6062857285.0
20251107,876.81,2,-21.36,-0.0237999999999999,882.94,894.83,864.67,1041127667,9676816630776,463421451721770.0,-2.3781689435184883,903.598,97.03540733821899,3.415860647382617,58466943366.0,-105092074711.0
20251110,888.35,1,11.54,0.0132,882.44,889.08,872.13,727289624,8192320158769,469630113157849.0,1.3161346243770078,898.358,98.88596750961199,1.920810480032642,-16397554524.0,51751639593.0
20251111,884.27,2,-4.08,-0.0046,893.91,903.09,876.56,966120767,10401685560108,467285751200636.0,-0.4592784375527681,889.8979999999999,99.36756796846382,2.96786029913527,12947744123.0,-82238256938.0
20251112,906.51,1,22.24,0.0252,890.99,906.59,887.2,1001471641,9290427569556,479193408430614.0,2.515068926911468,890.8219999999999,101.76107011277227,2.17623093412945,255096878158.0,114787102525.0
20251113,918.37,1,11.86,0.0131,904.36,920.13,902.34,911086896,9636657196759,483411483415357.0,1.3083143043099321,894.8619999999999,102.62699723532793,1.9671369808483306,-79557629346.0,93768931894.0
20251114,897.9,2,-20.47,-0.0223,900.42,910.04,897.09,831830184,10631908048786,473282856989902.0,-2.2289491163692277,899.0799999999999,99.86875472705434,1.438217720619259,-315754441750.0,-29457504921.0
20251117,902.67,1,4.77,0.0053,904.15,905.42,895.69,715016164,8185193119729,476071084155696.0,0.5312395589709196,901.9440000000001,100.08049280221387,1.0761488691035674,-43649180455.0,54089794845.0
20251118,878.7,2,-23.97,-0.0266,899.62,900.73,873.04,849174335,9414569957498,463949887926264.0,-2.655455482069846,900.8299999999999,97.54337666374346,3.0779662524176934,-175511851376.0,-114530510645.0
20251119,871.32,2,-7.38,-0.0084,881.49,881.81,854.23,748690365,7905340530963,459986312975967.0,-0.8398770911573927,893.792,97.48576850094877,3.1287932931740494,-63919795810.0,73468846211.0
20251120,891.94,1,20.62,0.0237,884.1,894.87,884.1,636594701,7883584667136,472521019511155.0,2.366524353853916,888.506,100.38649148120552,1.2181879877841852,190977776691.0,15774827564.0
20251121,863.95,2,-27.99,-0.0314,867.45,870.51,860.17,752170109,8174598580763,458706522322794.0,-3.1381034598739865,881.716,97.98506548593878,1.191999538878325,-128003386188.0,-77540127398.0
20251124,856.44,2,-7.51,-0.0087,873.3,873.3,850.09,707039268,7617319500697,454259553670366.0,-0.8692632675502021,872.47,98.16268754226508,2.657735028054497,-40204961273.0,-30830635037.0
20251125,856.03,2,-0.41,-0.0005,867.84,871.68,851.41,679351904,7560630482848,455091448009773.0,-0.04787258885620149,867.936,98.62823987022084,2.3356839970501455,110785571157.0,-2672813457.0
20251126,877.32,1,21.29,0.0249,863.28,877.58,859.32,623313155,7655117642955,466850596908751.0,2.4870623693094895,869.1360000000001,100.94162478599435,2.1151885830784907,210832802454.0,86830877671.0
20251127,880.06,1,2.74,0.0031,879.44,884.0,878.04,721126512,8610287779742,468723962913122.0,0.3123147768202994,866.76,101.53445013613917,0.6777039934503816,-85739800665.0,-42541616836.0
20251128,912.67,1,32.61,0.0371,888.75,912.67,888.1,802794496,11749565431796,487358344850909.0,3.7054291752835145,876.5040000000001,104.12616485492363,2.7645569620253094,492350708473.0,602996423373.0
20251201,922.38,1,9.71,0.0106,920.69,933.26,917.18,847837459,11816138642333,492998628504584.0,1.0639113808934342,889.692,103.67408046829689,1.7465161998066712,-150445831892.0,351984693141.0
20251202,928.42,1,6.04,0.0065,921.37,928.42,914.67,783738636,10175318423989,495835164471199.0,0.6548277282681703,904.1699999999998,102.68201776214651,1.492342924123859,-125579816124.0,137150919967.0
20251203,932.01,1,3.59,0.0039,931.49,932.98,926.08,816178315,9830865957190,497621924464485.0,0.3866784429460868,915.108,101.84699510877404,0.7407486929542966,-17884041437.0,-14680495200.0
20251204,929.83,2,-2.18,-0.0023,934.01,937.88,924.62,754373225,12371869468538,499241591213125.0,-0.23390306970955121,925.0619999999999,100.51542491205996,1.4196850140790773,81824382423.0,80934973662.0
20251205,924.74,2,-5.09,-0.0055,930.75,933.06,916.11,699773919,12778902994253,499595789043797.0,-0.5474118924964855,927.476,99.70500584381699,1.8211120064464066,-132147177318.0,-186434816357.0
20251208,927.79,1,3.05,0.0033,928.52,929.92,922.17,702958391,11844423719705,501026975755703.0,0.32982243657675436,928.558,99.91729111159454,0.8346616120277431,384428203309.0,-186415820386.0
20251209,931.35,1,3.56,0.0038,926.93,932.57,924.55,711665879,10118606861976,503851518812286.0,0.3837075200207041,929.144,100.23742283219823,0.865221753530482,-61819832695.0,-106763793039.0
20251210,935.0,1,3.65,0.0039,932.37,936.75,927.36,770849791,10240181827515,505095410830341.0,0.39190422504966627,929.742,100.56553323395092,1.0071109109044678,98344603199.0,-3063303401.0
20251211,934.64,2,-0.36,-0.0004,940.59,943.19,929.56,912428273,10944398201410,505070694113694.0,-0.03850267379679195,930.7040000000001,100.42290567140573,1.4490904644957006,51997674159.0,-34237067144.0
20251212,937.34,1,2.7,0.0029,933.99,938.11,930.21,1012037244,12548791564888,506740847424764.0,0.2888812804930252,933.2239999999999,100.44105166605233,0.8458334671677402,201337423887.0,31864983004.0
20251215,938.83,1,1.49,0.0016,925.6,939.42,921.09,991670245,11342621170141,507476151030299.0,0.15896046258561114,935.432,100.36325462460125,1.9803370786516776,-20853600487.0,-132287773185.0
20251216,916.11,2,-22.72,-0.0242,938.23,938.23,915.49,933444140,13198345760146,495712178661559.0,-2.4200334458847728,932.384,98.25458180320554,2.4237127356831487,-354668373842.0,1101806422.0
20251217,911.07,2,-5.04,-0.0055,922.03,922.74,907.24,1005567478,12225835180744,493135373279600.0,-0.5501522742902054,927.598,98.21819365716615,1.6810732839495461,-222997822026.0,12235567238.0
20251218,901.33,2,-9.74,-0.0107,899.3,907.54,895.19,900506774,10091584040442,489255541618737.0,-1.0690726288869135,920.936,97.87107898920229,1.3732903369287124,-89578822920.0,-8474889292.0
20251219,915.27,1,13.94,0.0155,909.7,922.1,899.25,973702578,11519713607616,496854683132562.0,1.5466033528230394,916.5220000000002,99.86339662332162,2.511817082554691,108268106430.0,199312675812.0
20251222,929.14,1,13.87,0.0152,923.97,929.83,923.2,986661769,12426243717625,504618202666855.0,1.5153998273733427,914.5840000000001,101.59154325901174,0.7175557647975579,-33813444616.0,61932941058.0
20251223,919.56,2,-9.58,-0.0103,932.48,932.48,918.54,956469284,11974077594698,499568763110517.0,-1.0310609811223337,915.274,100.4682750739123,1.4949382292381665,-149797125920.0,45315691484.0
20251224,915.2,2,-4.36,-0.0046999999999999,921.01,921.01,913.21,833834632,11450572177569,498536727361424.0,-0.47413980599415595,916.1,99.90175745006003,0.846896342059256,-30012789534.0,76871858803.0
20251226,919.67,1,4.47,0.0049,920.9,923.61,913.85,829359264,11348264363182,500989120222614.0,0.4884178321678201,919.768,99.98934513920901,1.0598327722879781,105807958632.0,358296535274.0
20251229,932.59,1,12.92,0.0139999999999999,923.22,932.64,921.12,913419388,11853731601396,509275603324523.0,1.404851740298163,923.232,101.01361304634156,1.2478065899785513,85743047258.0,-178397826773.0
20251230,925.47,2,-7.12,-0.0076,928.99,929.95,920.56,818897041,10557101430634,505926194386465.0,-0.763465188346435,922.4979999999999,100.32216872014901,1.0107751428971357,-330452497990.0,-168708158574.0
20260102,945.57,1,20.1,0.0217,930.35,945.57,930.35,884030881,10781845213902,516105109376347.0,2.171869428506601,927.7,101.92626926808235,1.6359434621379079,103045271022.0,84486477197.0
20260105,957.5,1,11.93,0.0126,948.56,957.59,945.27,1096668410,12062092284415,522545651079382.0,1.2616728534111665,936.1600000000001,102.279524867544,1.2988108290461384,-112024188245.0,24292620939.0
20260106,955.97,2,-1.53,-0.0016,959.38,960.35,950.07,1042711479,10453956910330,521515919461810.0,-0.15979112271540252,943.4200000000001,101.33026647728475,1.0715253601284134,-335654956020.0,-30081892691.0
20260107,947.39,2,-8.58,-0.009,957.74,957.93,937.95,1072220568,11446455164057,516941007340295.0,-0.8975177045304816,946.3799999999999,100.10672245820919,2.086161171090265,256029007261.0,-100261124532.0
20260108,944.06,2,-3.33,-0.0034999999999999,950.71,951.77,943.08,971004082,10098032715486,515288203176604.0,-0.3514919937934735,950.098,99.36448661085487,0.9140537072293277,-89761066985.0,27235648864.0
20260109,947.92,1,3.86,0.0040999999999999,944.74,948.06,935.54,924588719,9033037337677,517435086314098.0,0.40887231743744756,950.568,99.72142971360282,1.3252323390562464,-171054835432.0,76170173001.0
20260112,949.81,1,1.89,0.002,948.48,957.37,939.33,1083537449,10314586030271,518460647051043.0,0.19938391425435853,949.03,100.08218918263911,1.9019905533063388,-10169120278.0,-68558470771.0
20260113,948.98,2,-0.83,-0.0009,954.75,954.75,941.34,1107522098,10189858922043,517871337759194.0,-0.08738589823227283,947.632,100.1422493119692,1.4045561665357391,-179017226019.0,-145662596116.0
20260114,942.18,2,-6.8,-0.0072,951.03,951.03,937.72,948432868,8855308926666,514341259913477.0,-0.7165588315876104,946.5899999999999,99.53411719963236,1.3995352407389825,-263835185731.0,-156827799928.0
20260115,951.16,1,8.98,0.0095,940.66,951.48,937.74,951959685,10731298240488,519333922033928.0,0.9531087477976596,948.01,100.33227497600237,1.4606765462547582,316339151573.0,-28755118021.0
20260116,954.59,1,3.43,0.0036,950.83,956.23,943.43,1222179961,14245556031944,521544690222286.0,0.3606123049749943,949.344,100.55259210570668,1.346192274118409,-86516790280.0,39723378639.0
20260119,968.36,1,13.77,0.0144,952.93,969.09,950.63,1281388093,13103317825409,529133808997498.0,1.4425041117128723,953.0540000000001,101.6059950433029,1.9371832138772038,227122732909.0,-38578905814.0
20260120,976.37,1,8.01,0.0083,973.17,986.23,954.64,1390665542,15318247561963,533575818783884.0,0.8271717129992862,958.5319999999999,101.8609707344147,3.246092666235091,28714906694.0,275884802089.0
20260121,951.29,2,-25.08,-0.0256999999999999,958.05,962.13,933.31,1565806774,20902489981379,519953546507037.0,-2.568698341817144,960.3539999999999,99.05618136645445,3.0081937268409846,-268307881962.0,-661131001819.0
20260122,970.35,1,19.06,0.02,963.77,972.38,956.09,1444825171,16583508229214,530746071011820.0,2.0035951182079126,964.192,100.63866947661877,1.6902372972804676,83940529444.0,-137681195642.0
20260123,993.93,1,23.58,0.0243,977.15,998.32,975.25,1452895451,17227263262595,544013862587709.0,2.4300510125212504,972.0599999999998,102.249861119684,2.360947653891424,111948269801.0,973521140118.0
20260126,1064.41,1,70.48,0.0709,1003.9,1064.44,1003.85,1547814024,25334068506807,582878032691374.0,7.091042628756572,991.2700000000001,107.37841355029407,6.03546169937245,462048325745.0,2621655171979.0
20260127,1082.59,1,18.18,0.0171,1054.19,1082.59,1054.16,1322259251,17691598180564,593012287709592.0,1.7079884630922137,1012.5139999999999,106.9209907221036,2.6968573027632434,-109022619648.0,1652780163476.0
20260128,1133.52,1,50.93,0.047,1093.47,1133.52,1092.62,1596894428,23237825872108,620312911943858.0,4.704458751697316,1048.96,108.0613178767541,3.7403861102728095,496690223563.0,2302175215864.0
20260129,1164.41,1,30.89,0.0273,1153.43,1167.57,1108.43,1540155965,22676589639925,637540228122045.0,2.7251393888065634,1087.772,107.04541025141299,5.127315918607966,226425114037.0,2042725090740.0
20260130,1149.44,2,-14.97,-0.0129,1166.23,1180.87,1146.34,1465197613,22869949516846,630522540400013.0,-1.2856296321742344,1118.8740000000003,102.7318536314187,2.9608224792708104,-160886948305.0,1335071334659.0
20260202,1098.36,2,-51.08,-0.0444,1128.57,1151.17,1089.89,1243911015,17492841166865,602855752047311.0,-4.4439031180401045,1125.664,97.5744094152429,5.4298802909877075,410001378274.0,-548442128765.0
20260203,1144.33,1,45.97,0.0419,1135.94,1144.4,1119.65,1166572714,14808754555546,627843575425121.0,4.185330856913949,1138.012,100.55517868001391,2.1788122612109793,-85779485454.0,863343042640.0
20260204,1149.43,1,5.1,0.0045,1139.02,1158.74,1136.73,1179457276,13676678433558,630262936357408.0,0.44567563552473377,1141.194,100.72170025429507,1.932362908465171,4026130832.0,-151481610851.0
20260205,1108.41,2,-41.02,-0.0356999999999999,1137.08,1143.21,1104.63,1370412413,14122636405365,608227766671486.0,-3.568725368225989,1129.9940000000001,98.08990136230811,3.392901115137011,-275365734856.0,-538540069476.0
20260206,1080.77,2,-27.64,-0.0249,1077.08,1096.16,1048.28,1476135941,14241070603216,592931397726286.0,-2.493662092546989,1116.2599999999998,96.82063318581694,4.445352248672347,71650207917.0,-164256224496.0
20260209,1127.55,1,46.78,0.0433,1109.91,1131.72,1106.07,1134870798,12500556225534,618383080624421.0,4.328395495803905,1122.098,100.48587556523583,2.3109981890423628,234758197621.0,487683508999.0
20260210,1115.2,2,-12.35,-0.011,1132.24,1141.67,1109.44,1341864113,12119151159180,611442391948338.0,-1.095295108864347,1116.2720000000002,99.9039660584517,2.8465696318801683,-197251767904.0,-80839272343.0
20260211,1114.87,2,-0.33,-0.0003,1120.62,1126.1,1110.53,1313253319,11189172205571,611359348482832.0,-0.029591104734594254,1109.36,100.49668277204876,1.389409434063281,18207688817.0,60815895088.0
20260212,1125.99,1,11.12,0.01,1122.55,1127.8,1110.18,1576134148,12791804633408,617381773549814.0,0.9974257088270377,1112.876,101.17838824810673,1.5696405505322606,-107276041790.0,99702385369.0
20260213,1106.08,2,-19.91,-0.0177,1113.53,1117.91,1099.62,1466898939,11251179798558,606576528052759.0,-1.7682217426442604,1117.938,98.93929717032607,1.6425242247627088,-243876685737.0,-338113790289.0
20260219,1160.71,1,54.63,0.0494,1122.2,1163.66,1111.28,1351784869,14423649983970,636311714197953.0,4.939064082164046,1124.5700000000002,103.2136727815965,4.6676171805382385,856376340330.0,1054130251590.0
20260220,1154.0,2,-6.71,-0.0058,1161.4,1162.62,1147.72,1331918368,12405282768296,632352781730336.0,-0.5780944421948653,1132.33,101.91375305785417,1.2829343895298657,-205723602393.0,23122040675.0
20260223,1151.99,2,-2.01,-0.0017,1166.94,1174.66,1143.38,1433817308,14444363849207,631945962192601.0,-0.174176776429813,1139.7540000000001,101.07356499735907,2.68051485080638,182994956554.0,-362388781235.0
20260224,1165.0,1,13.01,0.0113,1159.76,1165.32,1146.22,1335411719,13719901052065,639023316920986.0,1.1293500811639046,1147.556,101.52010010840429,1.646892460509063,274744822685.0,-146779670654.0
20260225,1165.25,1,0.25,0.0002,1174.27,1174.27,1158.18,1512980951,13456090753076,639180692053918.0,0.021459227467812703,1159.3899999999999,100.50543820457311,1.3702129833854155,-214479918343.0,-127654442676.0
20260226,1188.15,1,22.9,0.0197,1176.15,1190.85,1161.4,1449494980,17973527856743,652471095608939.0,1.9652435099763998,1164.878,101.9978057788026,2.503932321557609,423880193510.0,190100749135.0
20260227,1192.78,1,4.63,0.0039,1175.4,1201.89,1173.16,1262964320,14846572431837,655298804502556.0,0.3896814375289326,1172.634,101.71801261092548,2.4442742896035408,62076829101.0,445995101106.0
20260303,1137.7,2,-55.08,-0.0462,1169.82,1215.67,1137.7,1290763152,16896564290303,625379254653995.0,-4.617783665051389,1169.776,97.25793656221362,6.665127968405399,600723608598.0,238831712259.0
20260304,978.44,2,-159.26,-0.14,1112.08,1112.08,976.54,1454919596,16587060253211,538113885657956.0,-13.998417860595936,1132.464,86.39921445626528,12.187972088338967,1173958210204.0,32284516918.0
20260305,1116.41,1,137.97,0.141,1023.84,1149.54,1023.84,1044636795,15594889001086,613598130896289.0,14.101017946935945,1122.6960000000001,99.44009776466648,12.277308954524138,838199289975.0,739266264508.0
20260306,1154.67,1,38.26,0.0343,1117.49,1154.67,1092.43,1033229763,14491478372914,635667825498125.0,3.427056368180148,1116.0,103.46505376344086,5.5696247841144,-381482648347.0,476126162063.0
20260309,1102.28,2,-52.39,-0.0454,1096.48,1113.56,1067.24,1044169811,12382996852440,606878043013297.0,-4.5372270865268955,1097.9,100.39894343747153,4.224427258135117,-539986847655.0,44684176412.0
20260310,1137.68,1,35.4,0.0321,1147.99,1157.2,1123.79,984763423,15061589167087,625883590801663.0,3.211525202307941,1097.8960000000002,103.6236583428667,2.9103040967255884,-401780457595.0,429844492946.0
20260311,1136.83,2,-0.85,-0.0007,1155.48,1167.26,1121.45,1307016993,16592471610892,625398886336669.0,-0.07471345193729162,1129.574,100.64236606012531,3.964586146017235,-79975505473.0,-126669010346.0
20260312,1148.4,1,11.57,0.0102,1132.0,1150.65,1128.22,1268602707,14019354354740,631893260208703.0,1.0177423185524725,1135.972,101.0940410503076,1.981448763250889,-687731463815.0,253098114183.0
20260313,1152.96,1,4.56,0.004,1122.28,1158.01,1119.74,1343544115,14396933392945,634518216626887.0,0.39707419017762646,1135.6299999999999,101.52602520187035,3.4100224542894804,-83463456548.0,252617477170.0
20260316,1138.29,2,-14.67,-0.0127,1156.5,1157.32,1124.98,1177918386,13439171856739,627235824919632.0,-1.2723771856786081,1142.8319999999999,99.60256625645765,2.796368352788579,-502704398802.0,-169638539614.0
20260317,1136.94,2,-1.35,-0.0012,1156.83,1160.12,1136.94,1244517670,12933988363514,626458479219555.0,-0.11859895105815754,1142.684,99.49732384456246,2.0037516316139654,-56753402246.0,-35904078349.0
20260318,1164.38,1,27.44,0.0241,1156.46,1164.38,1149.88,1298537550,14433288316341,641128655512400.0,2.4134958748922575,1148.194,101.40969209036106,1.2538263320823892,498650240937.0,-25310011161.0
20260319,1143.48,2,-20.9,-0.0179,1139.12,1153.84,1138.8,1210669118,11802880972337,629708370376569.0,-1.7949466668956915,1147.21,99.67486336416175,1.32031743802233,-204101196390.0,-261166152679.0
20260320,1161.52,1,18.04,0.0158,1153.67,1165.96,1144.37,1251344650,14143306243848,641093086538057.0,1.5776401860985834,1148.922,101.09650611616803,1.8714190366396062,253148759147.0,-94188630866.0
20260323,1096.89,2,-64.63,-0.0556,1129.86,1130.44,1095.56,1059626626,11100703838271,605547360694796.0,-5.5642606240099095,1140.6420000000003,96.16426538738709,3.087108137291356,-260687157951.0,-199765685679.0
20260324,1121.44,1,24.55,0.0224,1134.16,1135.71,1094.67,1237346806,12459576406673,617824388697268.0,2.2381460310514134,1137.542,98.58449182535679,3.618537067080479,173214145464.0,15818272995.0
20260325,1159.55,1,38.11,0.034,1133.31,1160.06,1131.77,1133745818,13972414208390,639697908929129.0,3.398309316592951,1136.576,102.02133425305477,2.496227863514834,376451670514.0,22363950571.0
20260326,1136.64,2,-22.91,-0.0197999999999999,1159.61,1169.46,1135.33,1158121589,13822660819732,628951976087843.0,-1.9757664611271486,1135.208,100.12614428369075,2.9432309138417323,-295712272118.0,-133682848705.0
20260327,1141.51,1,4.87,0.0043,1119.77,1146.07,1101.93,1463267686,12523734226426,632247429582745.0,0.42845579954953195,1131.206,100.91088625767543,3.941880921975037,-232651651779.0,50737908631.0
20260330,1107.05,2,-34.46,-0.0302,1101.77,1113.79,1094.48,1133949656,9896777177902,612792865226712.0,-3.0188084204255783,1133.2379999999998,97.68909973015379,1.7526343973787586,-131932790082.0,-117907977265.0
20260331,1052.39,2,-54.66,-0.0494,1099.08,1099.08,1049.76,1228503799,11367431214549,582561125364799.0,-4.937446366469434,1119.428,94.01140582511783,4.487389452997046,112985704469.0,-68685573950.0
20260401,1116.18,1,63.79,0.0605999999999999,1090.36,1122.8,1089.31,1055086094,11242978803114,617468644568762.0,6.061441100732612,1110.7540000000001,100.48849700293674,3.071462636193552,443347961758.0,460864946395.0
20260402,1056.34,2,-59.84,-0.0536,1130.16,1132.4,1040.07,1530433833,15690194662058,584475537446468.0,-5.36114246806072,1094.694,96.49637250227003,8.169639697034063,-91437818501.0,-505481146399.0
20260403,1063.75,1,7.41,0.0069999999999999,1079.17,1083.24,1054.12,953913331,9933263480478,588614872147610.0,0.7014786905731096,1079.142,98.57368168415277,2.6983700436446636,-197713753954.0,-217316391004.0
20260406,1047.37,2,-16.38,-0.0154,1068.33,1077.04,1044.85,1176730535,10099541779303,579676700642483.0,-1.5398354876615894,1067.206,98.1413147977054,3.0131139254724717,84548835584.0,-359159756874.0
20260407,1036.73,2,-10.64,-0.0102,1060.25,1068.86,1026.95,1154251349,10100140132294,573940668475069.0,-1.0158778655107392,1064.074,97.4302539109122,3.9528413110115403,182259691381.0,-120026167118.0
20260408,1089.85,1,53.12,0.0512,1084.57,1090.04,1071.35,1198291065,13091398681907,603114478851788.0,5.123802725878468,1058.808,102.9317874439936,1.7232635975547965,241309785626.0,372923014451.0
20260409,1076.0,2,-13.85,-0.0127,1083.4,1091.38,1068.82,1223574096,9927107350485,595710827010340.0,-1.2708170849199396,1062.74,101.24771816248565,2.082333394868024,-431524457655.0,-507970845691.0
20260410,1093.63,1,17.63,0.0163999999999999,1089.14,1098.43,1082.92,1516075185,13361912993233,604998495600870.0,1.6384758364312413,1068.716,102.33120866535171,1.4240593495785656,-5133854138.0,93139217914.0
20260413,1099.84,1,6.21,0.0056999999999999,1076.85,1101.11,1074.84,1282994264,11789104541300,609163010383522.0,0.5678337280432988,1079.21,101.91158347309606,2.43952268189627,-155285128991.0,-92287349004.0
20260414,1121.88,1,22.04,0.02,1120.61,1125.92,1118.05,1429628407,14485006522002,621379788922053.0,2.0039278440500574,1096.24,102.3389038896592,0.7022960708899724,-9112514692.0,-128779690244.0
20260415,1152.43,1,30.55,0.0272,1140.62,1156.02,1135.35,1533311949,15890061669009,638916947906494.0,2.723107640745881,1108.756,103.93900912373869,1.8121723273307564,210802944899.0,176694637201.0
20260416,1162.97,1,10.54,0.0091,1163.0,1168.77,1156.31,1902506000,16846988191463,645053229984670.0,0.9145891724443134,1126.15,103.26954668561027,1.0713671539122989,-251832913758.0,-64024280058.0
20260417,1170.04,1,7.07,0.0060999999999999,1166.78,1170.63,1156.02,1836660144,15880436755047,648844386003391.0,0.6079262577710409,1141.432,102.50632538775852,1.2521640754898204,939808986.0,13756435156.0
20260420,1174.85,1,4.81,0.0040999999999999,1167.1,1186.2,1161.0,1488714924,14486811218478,651585334230494.0,0.41109705651087847,1156.434,101.59248171534216,2.159198012166913,18096066345.0,-160430968475.0
20260421,1179.03,1,4.18,0.0036,1186.23,1187.0,1172.18,1571861077,15994197934466,653303881344446.0,0.3557901008639508,1167.864,100.95610447791866,1.2493361321160261,-288227515867.0,-120246649058.0
20260422,1181.12,1,2.09,0.0018,1176.83,1181.12,1160.5,1427239416,14713096947513,654310293542610.0,0.17726436138181256,1173.6019999999999,100.64059195536477,1.7521647136799614,163854273629.0,-369113653973.0
20260423,1174.31,2,-6.81,-0.0058,1189.1,1189.49,1152.34,1687848649,16266422135007,650661628659449.0,-0.576571389867242,1175.87,99.86733227312543,3.1242115885964252,-151241206260.0,-149499400804.0
20260424,1203.84,1,29.53,0.0250999999999999,1176.42,1203.84,1172.32,1402973126,17393579089455,666921567884391.0,2.514668188127489,1182.6299999999999,101.79346033839832,2.6793152105540523,735587024438.0,188726499321.0
20260427,1226.18,1,22.34,0.0186,1213.13,1229.42,1209.28,1523708483,17600375043950,679545242807203.0,1.8557283359915022,1192.896,102.79018455925748,1.6601683249116004,-173994020677.0,84925031643.0
20260428,1215.58,2,-10.6,-0.0086,1226.76,1226.76,1207.47,1527371596,13872152782438,673948281274638.0,-0.864473405209687,1200.206,101.28094677080435,1.572434706054971,-496386796814.0,-254276689667.0
20260429,1220.26,1,4.68,0.0039,1213.28,1220.94,1206.11,1255886449,15791970883741,677626706864879.0,0.3850013985093659,1208.034,101.0120576076501,1.2223064750099033,-7721021682.0,-72853025659.0
20260430,1192.35,2,-27.91,-0.0229,1224.75,1225.26,1189.52,1386410174,15290292450454,661991784934690.0,-2.2872174782423538,1211.6419999999998,98.40778051602702,2.9181465605225565,-216549970376.0,-304501951038.0
20260504,1213.74,1,21.39,0.0179,1212.28,1222.65,1211.39,1176128666,16039123447215,673877927083401.0,1.7939363441942469,1213.6219999999998,100.00972296151522,0.9288283234896222,555686386039.0,-72898798021.0
20260506,1210.17,2,-3.57,-0.0029,1220.9,1220.9,1197.01,1432966462,18048146201425,671732432009567.0,-0.2941321864649682,1210.42,99.97934601212802,1.9567532148415185,-63203231496.0,-543499618714.0
20260507,1199.18,2,-10.99,-0.0091,1210.83,1219.58,1196.63,1420112922,17022480113632,666671422911815.0,-0.908136873331844,1207.14,99.34059015524296,1.8953940685314883,169399882131.0,-132344783434.0
20260508,1207.72,1,8.54,0.0070999999999999,1199.47,1215.59,1194.56,1233834098,16430468986728,672562055875360.0,0.7121533047582451,1204.632,100.25634384608743,1.753274362843587,399652654513.0,80330418217.0
20260511,1207.34,2,-0.38,-0.0003,1212.88,1212.89,1190.6,1319086022,19358214255459,673611485878248.0,-0.03146424667970216,1207.6299999999999,99.9759860222088,1.8377745531297562,106150863759.0,-163013405544.0
20260512,1179.29,2,-28.05,-0.0232,1214.9,1225.29,1142.49,1517366970,21316111092807,658828678094327.0,-2.3232892143058237,1200.74,98.21360161233905,6.81537575109062,521814744971.0,-258361530714.0
20260513,1176.93,2,-2.36,-0.002,1176.43,1183.07,1153.65,1132221224,14508842452293,656049418598827.0,-0.2001204114339905,1194.092,98.56275730848209,2.5007862771265477,-593773032852.0,3872792098.0
20260514,1191.09,1,14.16,0.012,1187.02,1194.03,1162.2,993502642,13840516800760,663735775130518.0,1.2031301776656012,1192.4740000000002,99.88393876931487,2.681504945156773,-147927736631.0,59515641313.0
20260515,1129.82,2,-61.27,-0.0513999999999999,1197.23,1197.23,1110.16,1093007525,17886614526073,629957504890199.0,-5.144027739297618,1176.894,96.00014954617832,7.272620966731533,380216198282.0,-167323081901.0
20260518,1111.09,2,-18.73,-0.0166,1122.57,1122.57,1071.66,955326788,14474902739549,619451912818876.0,-1.6577861960312301,1157.6439999999998,95.97855644740527,4.5351292124321745,229805300543.0,-253983857472.0
20260519,1084.36,2,-26.73,-0.0241,1111.36,1122.85,1063.28,1103760877,13812175141353,604842492406325.0,-2.405745709168472,1138.658,95.23140398609591,5.3600993377483395,125424937393.0,-65892792141.0
20260520,1056.07,2,-28.29,-0.0260999999999999,1081.04,1081.04,1038.23,1227090732,13048986880498,590239632765570.0,-2.6089121693902317,1114.4859999999999,94.75848059105275,3.960075482868344,209492891495.0,-136740902463.0
20260521,1105.97,1,49.9,0.0473,1085.3,1115.66,1085.3,926095732,12681527176182,617929046566633.0,4.72506557330481,1097.462,100.77524324304623,2.797383212015123,134602534870.0,139073402555.0
20260522,1161.13,1,55.16,0.0499,1119.43,1165.8,1119.43,1027933453,15226902059184,648796646410807.0,4.987477056339684,1103.724,105.2011191203598,4.142286699480976,593353734135.0,300980200025.0
20260526,1172.52,1,11.39,0.0098,1189.28,1205.12,1170.41,1186405647,16248711663494,655056622702231.0,0.9809409799074853,1116.01,105.06357469915145,2.9185725817301065,-102530073605.0,-25644254623.0
20260527,1133.13,2,-39.39,-0.0336,1173.8,1173.8,1128.75,1228978591,15278411649761,633385995173154.0,-3.3594309691945434,1125.764,100.65431120554575,3.8379621741352836,-67074807629.0,-541138159135.0
20260528,1104.36,2,-28.77,-0.0254,1135.84,1136.13,1066.79,977729431,12817495780428,617037176168987.0,-2.5389849355325733,1135.422,97.26427707055173,6.104733060994519,377708178695.0,-401063438926.0
20260529,1074.8,2,-29.56,-0.0268,1112.15,1112.15,1058.13,855810608,12150898268082,600442788907548.0,-2.6766634068600803,1129.1879999999999,95.18344155269097,4.857258463336779,8295344958.0,-313984664761.0
20260601,1050.03,2,-24.77,-0.023,1072.77,1082.75,1043.91,835031542,12237660818428,586320535263951.0,-2.304614812058059,1106.968,94.85640054635725,3.6205337584011406,799132594392.0,-291197455847.0
20260602,1026.03,2,-24.0,-0.0229,1044.89,1045.77,1009.75,774800387,11223370819346,574405389431705.0,-2.2856489814576775,1077.67,95.20818061187562,3.447252820871095,335498056034.0,132690134421.0
20260604,1049.73,1,23.7,0.0231,1032.91,1065.9,1032.29,622959928,11054328523425,587559981526828.0,2.309873980292987,1060.99,98.93872703795512,3.2539137001287743,-30285782362.0,206646041099.0
20260605,1002.44,2,-47.29,-0.045,1035.22,1035.22,992.8,724352334,10702576929658,560556824981854.0,-4.504967944138016,1040.6060000000002,96.33232943111992,4.097679720252707,-183876565313.0,150779869391.0
20260608,911.39,2,-91.05,-0.0908,959.61,959.61,908.46,624350804,8929291241211,509986625237429.0,-9.082837875583582,1007.924,90.42249217202884,5.330290430487383,279666219492.0,-146572094527.0
20260609,967.81,1,56.42,0.0619,937.69,981.24,937.04,620285982,10254612128296,542177181910471.0,6.1905441139358475,991.4799999999999,97.61265986202446,4.713711354498827,310389027265.0,199571209657.0
20260610,951.63,2,-16.18,-0.0167,958.58,983.25,932.27,614592037,9148499012943,533097357533406.0,-1.6718157489589824,976.6,97.44317018226499,5.318283294039102,143476515738.0,-112484347670.0
20260611,996.93,1,45.3,0.0475999999999999,937.17,997.11,921.08,635319025,13705634110233,557952513067021.0,4.760253459853092,966.04,103.19759016189806,8.11272234493208,-336286132117.0,714863473724.0
20260612,1029.05,1,32.12,0.0322,1027.05,1049.7,1021.49,644914560,16712154734131,575906851103220.0,3.221891206002425,971.3619999999999,105.93887757602214,2.7467017185141946,-330787848254.0,552621311057.0
20260615,1034.03,1,4.98,0.0048,1048.19,1054.32,1025.42,561328600,11502251140928,580103102727377.0,0.48394149944124276,995.89,103.82974023235498,2.7571337257558137,-804263213205.0,213342229693.0
20260616,1018.68,2,-15.35,-0.0148,1039.0,1040.86,1015.73,621165407,9024603103626,571697924111065.0,-1.4844830420780886,1006.064,101.25399576965282,2.418671799807496,-318907683699.0,-462642392803.0
20260617,1031.96,1,13.28,0.013,1019.88,1039.55,1008.57,570785870,9737346182456,579751522964718.0,1.3036478580123356,1022.1299999999999,100.96171719839944,3.037612268109964,28359353221.0,-19330621728.0
20260618,1000.93,2,-31.03,-0.0301,1029.81,1031.54,996.93,611802920,9112387200303,562073133733588.0,-3.0068994922283876,1022.9300000000001,97.84931520240876,3.360814130761987,-126753276978.0,-264373267992.0
20260619,966.59,2,-34.34,-0.0343,1001.4,1001.4,946.15,882518817,10704632409269,542797684283281.0,-3.4308093473069956,1010.4380000000001,95.6604957454094,5.5172758138605955,487420508186.0,-583507196031.0
20260622,968.4,1,1.81,0.0019,957.49,979.58,944.31,631818653,9122313647935,543803329822700.0,0.18725623066655483,997.3120000000001,97.10100750818198,3.6835893847455425,308306328468.0,147449337816.0
20260623,891.52,2,-76.88,-0.0794,958.64,971.69,891.52,797431660,8655458233791,500941419621711.0,-7.938868236266005,971.8799999999999,91.73148948429848,8.36288909288159,254330242000.0,133919600520.0
20260624,909.31,1,17.79,0.02,905.13,922.12,886.17,643383300,7048945009164,511244136503700.0,1.9954684134960488,947.35,95.98458858922257,3.9718051550606046,-35061439116.0,333728371566.0
20260625,887.81,2,-21.5,-0.0236,923.66,930.81,884.05,639124598,7059384646350,499303993810128.0,-2.364430172328469,924.726,96.00789855589656,5.062468873828031,32289985265.0,-170002776655.0
20260626,851.37,2,-36.44,-0.0409999999999999,884.43,887.43,838.53,728780416,8246627465856,478774208482017.0,-4.104481814802707,901.682,94.42020579317321,5.528984769851767,341271816848.0,307346292935.0
20260629,920.57,1,69.2,0.0813,860.4,923.11,859.33,576404248,8136266986074,516703215429457.0,8.128075924686096,892.116,103.18949553645491,7.412831241283121,36946522981.0,500621007310.0
20260630,916.18,2,-4.39,-0.0048,925.21,935.27,910.3,661150809,7952797015172,513943552746239.0,-0.47687845573939347,897.048,102.13277327411687,2.698846748305793,-243087047006.0,-145170175592.0
20260701,929.35,1,13.17,0.0144,924.09,955.45,905.87,601211887,11812175772326,521332068063351.0,1.4374904494750096,901.0559999999999,103.14009340151999,5.365278273761218,232814197043.0,-128025944118.0
20260702,866.72,2,-62.63,-0.0674,904.53,904.53,863.74,560643849,7983777679205,486460698116712.0,-6.739118738903538,896.838,96.64175692823008,4.50952428332946,-193060425241.0,-353483872731.0
20260703,860.8,2,-5.92,-0.0068,875.18,875.39,823.98,536589561,6113421375177,483318464263313.0,-0.6830348901606165,898.7239999999999,95.78023953961394,5.874220160424138,-18188049897.0,-103521076520.0
