code,date,crd_remn_rt,crd_remn_chg_5d,prm_net_5d_ratio,prm_net_5d_raw
000250,20200723,6.43,6.433123189135692,,
000250,20200805,7.08,2.316129288162738,,
000250,20200806,7.01,1.0025203310102704,,
000250,20200807,7.37,4.447739019465868,,
000250,20200810,7.57,4.873638577840422,,
000250,20200828,8.16,13.504679830477118,,
000250,20201208,8.01,3.5219935294464655,,
000250,20201210,7.86,2.321178965840076,,
000250,20201221,7.12,-9.594180422932052,,
000250,20230207,6.35,4.307771631933965,4.0677153339129956e-08,1219.0
000250,20230303,7.25,7.054852386182953,9.88262932730566e-08,3536.0
000250,20230306,7.54,12.424614026427205,1.0658310519067951e-07,3536.0
000250,20230324,8.17,1.3684952521316518,1.0243108790741279e-08,675.0
000250,20230327,8.42,6.161350744935046,6.575527619176813e-08,26090.0
000250,20230328,8.51,5.763916884693909,1.576486051370767e-07,33815.0
000250,20230412,8.47,9.794284222592985,6.482493460644825e-09,892.0
000250,20230413,8.56,12.77500983878246,5.106063707730645e-09,892.0
000250,20240325,7.36,0.074278290591967,7.077465699402002e-08,20554.0
000250,20240326,7.3,-0.5964628380062287,2.974120541872432e-08,39566.0
000250,20240619,7.28,9.0819201741275,5.191698489006156e-08,41631.0
000250,20240703,6.79,0.6084520390326809,1.525277722199054e-08,10676.0
000250,20240705,6.62,-0.5301521222706107,5.24766702957923e-08,31595.0
000250,20240709,6.45,-4.771996837037607,1.9304563988376115e-07,65307.0
000250,20240710,6.48,-4.562222776165359,1.64354932735815e-07,88769.0
000250,20250922,5.45,2.5308882736284177,2.780908722874081e-07,50201.0
000250,20260116,5.31,-1.4740136789227365,1.870738988747867e-07,30848.0
000250,20260122,5.39,4.5385460810329015,4.029639915333696e-08,15929.0
000250,20260123,5.34,0.5660335020027052,8.612305633232795e-08,49274.0
000250,20260126,5.32,1.4326659167239741,2.0553366194088492e-07,58287.0
000250,20260127,5.11,-2.615924548055726,3.128249843278247e-07,68847.0
000250,20260128,5.07,-4.303797265095611,4.002747498199285e-07,98537.0
000250,20260129,5.0,-7.14065276090664,4.967631185856078e-07,131283.0
000250,20260203,4.46,-12.753718458114038,6.847079601694464e-07,138606.0
000250,20260204,4.26,-15.886261109148824,4.995463758487113e-07,114734.0
000250,20260219,3.71,-4.310181353823561,3.8500606005638003e-07,83320.0
000250,20260220,3.69,-3.6363878517742476,8.617715618052827e-07,80421.0
000250,20260226,3.55,-4.333875917400453,7.406355836194565e-08,42564.0
000250,20260227,3.55,-3.8938542338523896,1.9542215924726036e-07,81434.0
000250,20260320,3.15,-1.681735721943134,2.1325998708079455e-07,122256.0
000250,20260325,3.04,-4.411059762615954,1.669147285803342e-07,67417.0
000250,20260326,3.03,-4.269149140645901,2.365811126877642e-07,61649.0
000440,20200103,1.36,-27.687346306680393,,
000440,20200106,1.49,1.163181458475604,,
000440,20210415,2.59,-2.6552495934617837,,
000440,20210416,2.3,-17.6409716941759,,
000440,20210510,2.89,2.0407007047839265,,
000440,20210511,3.47,29.88264627261068,,
000440,20210512,2.43,-13.642632161402911,,
000440,20210603,3.39,55.966210638046945,,
000440,20220214,4.17,30.044769191609145,2.8260886065033747e-09,401.0
000440,20220223,4.08,13.517005984288467,1.093176780434265e-08,1838.0
000440,20220224,3.73,9.450126677301295,9.824839381535137e-09,1836.0
000440,20220225,3.96,13.766207455429491,6.096418570648233e-09,2652.0
000440,20231018,1.1,-55.79434828772818,5.174823636055329e-09,567.0
000440,20260304,2.36,-5.1908475469805815,2.053335207778971e-08,1202.0
001000,20200619,0.63,9.4852107705798,,
001000,20250401,0.0,,9.772467035072052e-09,123.0
001000,20251105,0.0,37.821482602117996,2.1057118173778364e-08,220.0
001540,20200903,3.13,0.6823810680981923,,
001540,20251202,0.83,-12.141367137355585,7.868277582491945e-08,196.0
001810,20210119,3.32,-6.189862230707133,,
001810,20210120,3.47,8.17741906082654,,
001810,20260416,0.1,-3.3785777515491278,2.042199229523908e-09,12.0
001840,20200812,3.18,3.5166978302588303,,
001840,20210119,4.83,10.667866969747042,,
002230,20201006,1.68,5.439571450838687,,
002230,20201008,1.62,7.258568331167381,,
002230,20210121,1.29,-15.05719729914553,,
002230,20210126,1.2,-11.702360180338378,,
002230,20210222,1.25,6.039119804400972,,
002230,20210719,3.07,4.718284411109219,2.1086812020657226e-08,260.0
002230,20230523,0.01,0.0,7.656442934705512e-08,125.0
002230,20250728,0.02,30.296052631578952,4.3538967689407094e-08,84.0
002230,20251209,0.01,68.11989100817439,2.0507392003336868e-09,14.0
002230,20251210,0.01,68.11989100817439,1.6094217088416202e-08,223.0
002230,20251211,0.02,198.63760217983653,2.5461622075927794e-08,293.0
002230,20251212,0.28,3771.3215258855585,8.680387238296138e-08,293.0
002230,20251215,0.27,3552.6566757493183,6.330964726809078e-08,298.0
002230,20251226,0.12,-32.04793715416153,9.288804658122926e-09,72.0
002230,20251229,0.12,-29.134525214024265,8.999444190951975e-09,80.0
002230,20251230,0.12,-16.086972095855568,7.595509801292264e-09,63.0
002230,20260102,0.12,-12.317999775423882,3.629830557867282e-09,41.0
002230,20260116,0.02,4452.0,4.386995515820659e-08,1958.0
002230,20260119,0.05,11395.0,4.5107602284949144e-08,1607.0
002290,20201117,5.75,134.31416663108558,,
002290,20201224,7.08,5.374567230092575,,
002290,20210405,9.34,-4.895720826557303,,
002290,20210406,9.2,-5.726936209987388,,
002290,20210531,8.96,5.363885946846181,,
002290,20210607,9.51,6.129304314519546,,
002290,20210623,10.81,11.437890853092814,,
002680,20201119,0.24,14.525232403718459,,
002680,20201120,0.26,44.95053384268783,,
002680,20201130,0.26,28.550143517605562,,
002680,20220425,0.02,318.1762545899633,3.905385766653914e-09,129.0
002680,20220426,0.01,-6.19335347432024,4.184446742798732e-09,277.0
002680,20220519,0.0,,2.0526087590720816e-08,6668.0
002800,20200723,6.39,-0.3416318670263707,,
002800,20200724,6.04,-5.499466461216473,,
002800,20230921,1.16,5.702409058201563,2.5871626003082976e-09,67.0
002800,20230922,1.16,-1.1329994435169688,6.657818595832451e-09,916.0
003100,20201006,0.65,35.1777674274181,,
003100,20201008,0.85,60.451119361007976,,
003100,20201026,3.26,140.29127831409625,,
003100,20201111,5.45,20.47754189271853,,
003100,20201113,5.52,0.6540601404159574,,
003100,20201116,5.56,2.0579768137205967,,
003100,20210413,12.21,-4.49036484732499,,
003100,20210427,12.21,2.080005468036039,,
003100,20210625,12.83,1.855848338861854,,
003100,20210629,12.75,1.192804231786715,,
003100,20210709,12.28,-1.761160271033424,,
003100,20210726,12.72,-0.6613060883892574,6.597065732141788e-07,1221.0
003100,20210727,12.72,-0.6384531408748395,9.231232192797818e-07,1293.0
003100,20210916,13.69,-0.8276681073938086,1.992090175204039e-07,341.0
003100,20210917,13.7,-0.4362238526982587,1.2851327830854177e-07,138.0
003100,20211008,14.01,2.626812297501302,2.1074413402483947e-08,36.0
003100,20211028,13.16,-2.529943779027133,6.422315405261482e-07,3144.0
003100,20211215,11.99,-3.758468221229927,1.012763540305334e-06,1564.0
003100,20211216,11.83,-5.358187603793308,8.438767066929045e-07,2254.0
003100,20211217,11.7,-5.069725314092666,1.4521884557134954e-06,2825.0
003100,20220112,12.19,6.952481464518745,3.395019964874066e-07,976.0
003100,20220121,12.45,0.21308401650579345,2.236012541108787e-07,773.0
003100,20220321,13.33,0.8377492203721415,4.820733692036881e-07,612.0
003100,20220414,13.22,0.29223616356497395,8.274977788672704e-07,2392.0
003100,20220524,12.21,-3.2635329206365915,2.612274478028162e-07,1041.0
003100,20220525,12.2,-3.8958329607972852,8.998779018843864e-07,1369.0
003100,20220526,12.11,-4.61253820222306,6.6686290226689e-07,1157.0
003100,20220607,12.17,1.6892067143151834,2.899041368967868e-07,329.0
003100,20220608,12.25,1.210661629019838,5.534218778480833e-07,865.0
003100,20220616,11.95,-1.7378739017714806,6.729325445367587e-07,2100.0
003100,20220705,12.05,-1.4700929626712989,3.8087802639035444e-07,3213.0
003100,20220721,12.53,-0.20952456729801394,6.122887342428462e-07,3513.0
003100,20220803,13.16,3.271512224799422,9.111026863952228e-07,1832.0
003100,20220804,13.12,2.636352656718821,7.033004562124253e-07,1832.0
003100,20220812,13.05,0.3946750888863315,6.058677828074552e-07,2921.0
003100,20220902,12.62,1.2763661419667116,7.03703148364478e-07,1239.0
003100,20221007,12.19,-0.22440510949357506,3.9524798988165145e-07,1470.0
003100,20221011,12.32,-0.022233960224549154,4.2086725108235894e-07,1470.0
003100,20221012,12.34,1.5225372132162462,2.4704168008240236e-07,1470.0
003100,20221018,12.79,3.7722588706813776,2.6556987916087644e-07,1650.0
003100,20221019,12.72,3.090209224735907,8.511811690352703e-07,2688.0
003100,20221020,12.61,1.2060219634849823,8.585776440556487e-07,3295.0
003100,20221025,12.32,-3.6626011880306564,1.3831221508785028e-06,5306.0
003100,20221116,12.25,-0.08288391557945696,2.1747987359256826e-07,931.0
003100,20221121,11.98,-2.849285806360524,5.566933349128994e-07,1718.0
003100,20221122,11.96,-2.653978936166801,4.6602969587373593e-07,1858.0
003100,20221123,11.89,-2.909648347436933,3.8112757238791696e-07,1238.0
003100,20221124,11.89,-2.4750766633145904,3.530794317400193e-07,942.0
003100,20221125,11.83,-1.4867560391982448,4.2259996215747264e-07,1236.0
003100,20221216,11.84,0.2132070416016596,1.4369012224591862e-06,3181.0
003100,20230110,11.27,2.600011850806605,2.9172862369806215e-07,1033.0
003100,20230306,11.66,-1.2967494062549711,3.3540682202005194e-07,2168.0
003100,20230316,12.04,0.9439757140101257,8.508829283990312e-07,3949.0
003100,20230317,11.99,-0.3455992106342842,1.319090827258469e-06,4786.0
003100,20230320,12.07,-0.5361836647367557,1.0137589504439013e-06,5477.0
003100,20230414,12.61,0.273303945035952,7.641719055358738e-07,7618.0
003100,20230417,12.57,-0.6662884608940045,1.98753920375964e-06,9692.0
003100,20230421,12.49,-0.9750196228099917,4.089021272024117e-07,3392.0
003100,20250516,0.0,23.760330578512388,2.3195059302217036e-07,414.0
003100,20250519,0.12,1570.3092783505156,3.6941586099134566e-07,414.0
003100,20250529,0.15,-0.24429967426710109,2.9562708588794487e-07,509.0
003100,20250530,0.17,5.130571191289102,2.6227374321355173e-07,427.0
003100,20250604,0.2,44.137235116044394,2.939337827846851e-07,361.0
003100,20250609,0.2,28.598639455782315,1.687174511483167e-07,218.0
003100,20250616,0.21,4.1261108760050735,6.191243646719899e-07,632.0
003100,20250710,0.08,3.5115979381443285,2.8942296014497355e-07,921.0
003100,20260220,0.57,15.824824553477313,6.862681687426198e-07,1056.0
003100,20260504,0.24,14.014890390183377,3.7029292940565874e-07,2520.0
003100,20260506,0.22,4.3860884257955535,5.711345069484317e-07,3402.0
003310,20200727,1.45,-66.35987677492008,,
003310,20201019,9.07,-0.199823193903359,,
003310,20201111,9.39,-7.284128542068258,,
003310,20220419,7.74,-8.734106597942882,1.4037596665869454e-09,399.0
003310,20220425,7.38,-9.598335522374024,1.287198612975996e-08,365.0
003310,20220503,4.69,-32.629323128593434,3.2053218642333733e-09,787.0
003310,20220520,7.24,161.67083184576936,1.6525432462939415e-08,4834.0
003310,20250404,4.36,-3.7267884782104077,4.568121151030106e-08,1344.0
003310,20250407,4.4,-0.6296845082583657,2.088662178046161e-08,1221.0
003310,20250408,5.08,14.023180463989116,5.585256238591913e-09,634.0
003310,20250421,3.04,-59.91289921965402,6.132389325164685e-09,1376.0
003310,20260116,2.9,-13.733050645137245,2.6707007344489826e-08,1746.0
003310,20260119,2.85,-11.01785758217967,4.2526212143575196e-08,1746.0
003310,20260120,2.76,-10.522513407228528,5.3517446047963974e-08,3430.0
003310,20260202,3.56,42.783109361516104,4.744260295435008e-10,66.0
003380,20201229,0.71,24.006397263392888,,
003380,20201230,0.8,38.091586307587086,,
003380,20210104,0.75,-0.24774426035669705,,
003380,20210506,0.72,-6.718268016838724,,
003380,20210507,0.7,-6.380163502004654,,
003380,20210510,0.76,1.1722568272960032,,
003380,20210511,0.82,10.59898392195735,,
003380,20230228,2.89,13.138767072844137,1.7273610374395732e-07,1801.0
003380,20230302,2.92,13.539240145462394,2.0234143372828145e-07,1801.0
003380,20230303,2.89,5.0487316773514035,1.8996918230565192e-07,2955.0
003380,20230328,4.59,13.82384562894492,3.9455368546805767e-07,4227.0
003380,20230329,4.62,12.29950873434471,2.1246933548213718e-07,3884.0
003380,20230330,4.68,7.743004695758748,7.519962227912315e-08,2611.0
003380,20230331,4.84,9.059110243045975,5.537834654015448e-08,1635.0
003380,20230403,4.96,8.803587391374435,1.9849697094029975e-09,56.0
003380,20230407,6.05,24.81755843138178,3.2447830133159374e-07,6323.0
003380,20250515,0.58,14.870007604325641,5.321970151419382e-07,1386.0
003380,20250516,0.56,6.359775440529192,4.502791084103747e-07,1860.0
003380,20250519,0.6,32.02280783345124,4.2147188855481823e-08,1109.0
003380,20250527,1.21,77.88041936751384,5.173246062129394e-07,5929.0
003380,20250604,1.01,-16.766459620060214,2.69023055026237e-07,4123.0
003380,20250616,1.18,19.761632364108863,1.049286203288073e-06,10972.0
003380,20250701,1.1,-11.770969070303995,2.7140945700515405e-07,6614.0
003380,20251211,1.27,-7.902817439420861,0.0,0.0
003380,20251212,0.96,-34.50110479540926,0.0,0.0
003380,20260204,2.84,-0.46351010183581787,7.621503781842497e-08,11071.0
003800,20200205,0.03,-11.156418202577068,,
003800,20210817,0.02,45.38424359594006,4.060549863826415e-10,10.0
004590,20210203,1.95,187.9889969545142,,
004590,20250515,0.26,-4.537763782488136,6.798502565092962e-08,233.0
004590,20250527,0.27,0.4003202562049557,1.944368884109198e-07,243.0
004590,20250528,0.26,-8.022002694207453,2.134255475328907e-07,317.0
004590,20260508,0.7,87.8126476817251,2.486953699947751e-07,480.0
004590,20260511,0.7,91.08672805970681,8.452833863269664e-08,1450.0
004650,20200220,4.51,-15.112337164750954,,
004650,20200221,4.81,-6.347690298641506,,
004650,20250416,1.28,-2.495830697567425,1.64731931567604e-09,27.0
004780,20210323,1.45,-16.137200570101506,,
004780,20210427,2.91,9.807484031721847,,
004780,20210623,2.51,17.582311310387276,,
005160,20200721,1.68,4.007072242133147,,
005160,20220914,1.34,-3.078554724811433,1.3722710724861621e-09,157.0
005160,20220915,1.35,-2.816561873861345,9.311013392496013e-09,928.0
005160,20220923,3.48,32.6039028478764,2.981472776313607e-08,5729.0
005160,20230410,4.25,-11.95833473219654,1.0459892238419829e-08,3070.0
005160,20230411,4.15,-10.393803502678356,2.2865075504355403e-08,2979.0
005160,20230418,4.85,16.55094779442381,1.4403380291932359e-08,5720.0
005290,20190708,4.36,28.404792559371717,,
005290,20190715,5.6,28.164733555213182,,
005290,20200605,4.15,6.472811391518163,,
005290,20200609,4.17,12.976923246978412,,
005290,20200619,3.64,-11.506061762350207,,
005290,20200622,3.64,-15.121062633008842,,
005290,20200624,4.01,0.502048841582825,,
005290,20200625,3.81,2.557814070325537,,
005290,20200710,4.77,4.077860344520801,,
005290,20200805,4.13,-8.409488303156099,,
005290,20200806,3.92,-10.791872172500339,,
005290,20200807,3.97,-10.997445127262617,,
005290,20211221,4.45,21.648860079635046,3.5935117971650484e-08,29340.0
005290,20211230,4.78,-9.811458247803595,1.5589237963009045e-07,94060.0
005290,20230630,2.87,-5.782193393903301,1.4480766891943867e-07,27889.0
005290,20240321,3.57,-2.5318019739814512,8.839829083470963e-08,58893.0
005290,20240401,4.06,10.383976526336202,5.9165092972410477e-08,10062.0
005290,20250912,2.48,-19.34858960830328,7.48714704381748e-07,60334.0
005290,20250915,2.4,-19.64729634184128,1.4003338676740958e-06,58407.0
005290,20250918,2.46,-6.865871886564046,6.800331799347578e-07,25936.0
005290,20250922,2.56,6.457531304290431,1.3859512404580895e-07,6492.0
005290,20251001,2.47,-8.41831850980742,2.474089704023161e-07,8159.0
005290,20251002,2.45,-8.105918474862083,1.3341318262476158e-07,8159.0
005290,20251010,2.6,-4.7880533618020475,3.177059555680174e-08,1599.0
005290,20260128,3.87,-2.0285736605267557,8.120296676361735e-08,8503.0
005290,20260129,4.01,1.0586553477285765,1.1780069652624551e-07,15795.0
005290,20260130,3.71,-4.628869117419576,2.1146685510523617e-07,35963.0
005290,20260422,3.77,-0.5944747732833378,9.746882774670744e-09,1908.0
005670,20201207,1.78,-10.179727606600686,,
005670,20201208,1.89,-2.561834275398467,,
005670,20210701,5.9,24.616575252049188,,
005670,20240613,0.85,-3.6622194176507694,2.3274754805147816e-08,67.0
005670,20240614,0.85,0.3234257627747317,5.4250274286531514e-08,95.0
005670,20250818,0.9,-13.8660601658958,2.136353938533773e-08,458.0
005670,20251023,1.52,0.4662004662004726,1.3098284658188153e-08,142.0
005710,20210302,0.19,-4.461668887004966,,
005710,20210330,0.48,-5.7015254335595404,,
005710,20210405,0.42,-11.757141828431529,,
005710,20250307,0.03,9.477459016393453,2.5428343782122896e-10,5.0
005710,20250516,0.27,15.500629268192046,5.486541905848879e-08,157.0
005710,20250521,0.25,1.4141921523927348,4.1889734495008443e-07,472.0
005710,20250704,0.26,-19.673099645529735,1.9558636092482546e-07,252.0
005710,20251119,0.12,32.94806074088403,0.0,0.0
005710,20251215,0.2,-9.843262940685783,4.889152046745602e-07,1643.0
005710,20260223,0.25,-34.65330450972797,5.73587035534604e-07,653.0
005710,20260226,0.26,-20.88386433710174,2.2210608491886817e-07,593.0
005860,20190925,6.78,62.25903689373631,,
005860,20210503,4.44,-11.753478889409418,,
005860,20220321,5.81,-6.432962257632557,5.556207340267263e-09,878.0
005860,20220322,5.9,-6.026624371167221,9.372776851789888e-09,878.0
005860,20220323,4.31,-28.411505684930006,1.0489080120056962e-08,2813.0
005860,20220418,1.9,636.3393250722437,2.13557917187436e-09,244.0
005860,20220421,1.15,362.42664408010165,6.783839951788607e-11,27.0
005860,20220422,1.15,358.5269688782147,4.856686216485622e-09,1979.0
005860,20260304,2.93,9.270477711033243,5.445921481160007e-10,122.0
006050,20191220,9.82,7.114999002246281,,
006050,20200102,4.41,-55.29639001012514,,
006050,20201014,11.12,10.695499824398969,,
006050,20241029,2.99,11.481287433935417,1.5023337961018993e-07,1092.0
006050,20241121,3.33,-22.32020092274344,7.371548431946061e-08,1440.0
006140,20200820,0.33,-3.1819387097996144,,
006140,20200825,1.59,339.3052949184972,,
006140,20210122,0.82,0.4854408272754629,,
006140,20210618,0.57,27.964664415178376,,
006140,20210628,0.84,49.51248346657615,,
006140,20210630,0.87,6.253244834223914,,
006140,20260106,1.06,3.6877376119595295,1.5083303745248352e-09,42.0
006140,20260107,1.04,-8.669915219742519,3.006138990819863e-10,42.0
006140,20260112,2.14,104.13664635493953,1.5486442897824581e-09,163.0
006580,20231017,,,,
006620,20200723,4.16,3.38392442310671,,
006620,20240517,3.03,-3.2418084892824495,6.456667548897511e-10,97.0
006730,20210602,1.19,8.790653423145711,,
006730,20210614,1.47,-3.014211019059898,,
006730,20210907,1.54,30.684663932244028,3.3215644032557705e-07,7546.0
006730,20220426,1.78,-1.4688301842780471,2.492386354740091e-07,6377.0
006730,20230801,1.46,4.48442709226895,3.047294250679162e-07,3898.0
006730,20230810,1.58,7.74115807628335,1.1886405808917443e-07,1968.0
006730,20230814,1.6,2.56492255809051,1.3132173121422932e-07,2056.0
006730,20230831,1.56,1.0290006311538757,7.683679356872796e-08,673.0
006730,20250604,1.98,68.64340271110694,9.528726093028217e-08,555.0
006730,20250616,2.61,9.766669764327428,3.397257275789917e-07,3965.0
006730,20250620,2.49,-4.457197684740977,1.1893253276918709e-08,81.0
006730,20250623,2.54,-2.303017651288475,0.0,0.0
006730,20250707,2.68,-3.1846663559567556,1.4101619782556323e-07,3008.0
006730,20250722,2.49,-6.401821066174973,3.2877582981450817e-07,4784.0
006730,20250904,2.46,4.801410046189147,2.2482700502894317e-07,5866.0
006730,20250917,2.49,-3.3885293725658627,0.0,0.0
006730,20250918,2.61,1.364222292226791,0.0,0.0
006730,20251120,2.48,2.64871695485156,5.063992676757523e-07,19897.0
006730,20251211,2.2,-4.108854267280327,6.26593923012752e-10,72.0
006730,20260130,2.3,2.7389489501451036,1.796934960915808e-07,8554.0
006910,20210405,3.1,22.437739484087427,,
006910,20210406,2.95,14.189004822798568,,
006910,20210604,3.59,-3.1121843075777145,,
006910,20210607,3.48,-3.753764506141344,,
006910,20220310,9.78,51.445896198043116,5.5452285520681925e-09,3224.0
006910,20220323,3.63,-28.950940492340404,2.4144130076097562e-08,17482.0
006910,20250821,4.98,7.741076300178018,4.156074019028666e-08,10077.0
006910,20251010,7.92,-6.600972679529282,1.2130717909878392e-07,18803.0
006910,20260120,7.87,5.554901694752723,2.024310726405775e-08,8253.0
006910,20260121,8.61,13.784061916366031,1.7286968830012486e-08,8253.0
006910,20260220,7.96,-6.02009981238959,1.2162176016631143e-07,58193.0
006910,20260504,8.01,5.502480678148491,2.951234169351856e-08,18992.0
006910,20260506,7.39,1.2765427156300246,5.798515521514601e-08,35447.0
006920,20210422,8.62,6.274461577342305,,
006920,20210913,9.11,34.319406871707,7.7387561364575e-09,590.0
006920,20230616,5.35,-16.074962153009466,7.709414987875663e-09,629.0
006920,20250410,0.8,-11.663699188218612,2.6937025219595743e-09,94.0
006920,20250411,0.8,-9.98825151964039,7.365702265976831e-10,54.0
006920,20260303,3.95,23.453348376869144,1.8193388439918591e-09,79.0
007330,20210309,0.37,46.585940127817025,,
007330,20210310,0.87,233.856783919598,,
007330,20210311,0.4,54.53980099502487,,
007330,20210330,0.18,-5.215150384863176,,
007330,20220929,2.13,1.2882341696984545,1.9831519747161576e-08,3641.0
007330,20240205,1.97,97.32511106690538,2.8274870818846578e-09,572.0
007330,20250710,0.77,-5.027329505307532,3.6179025538849844e-08,571.0
007330,20260219,0.4,-34.80019754331768,9.882357532413397e-07,1412.0
007330,20260220,0.39,-33.575423377380275,1.8328946786480266e-07,1105.0
007370,20191121,1.83,79.971762478373,,
007370,20200103,2.17,-12.57385524372231,,
007370,20200120,3.96,17.40571003138274,,
007370,20200123,5.36,41.05932333028841,,
007370,20200128,5.21,27.209779605657136,,
007370,20200903,5.9,-9.431017956418941,,
007370,20240819,1.57,-4.993581076133802,1.5508096823633596e-09,64.0
007390,20210511,2.01,-4.7945897535995545,,
007390,20210517,2.09,1.1994892517632527,,
007390,20210518,2.08,3.1804838985892037,,
007390,20210618,2.26,2.7887287866118715,,
007390,20210622,2.34,6.5274426442988975,,
007390,20210630,2.52,7.497449055785976,,
007390,20210721,2.04,-4.4210279702034505,9.399628968269719e-08,41173.0
007390,20210722,2.0,-5.779414412902084,1.8136707399517209e-07,41173.0
007390,20240521,0.05,-4.06189065309327,6.396227729005791e-08,7096.0
007390,20241024,0.05,7.320621556367235,3.793168135313355e-08,5340.0
007390,20241025,0.12,131.0416605587968,1.0857422361504116e-07,10754.0
007390,20241028,0.14,191.06609808102343,1.5621055527572764e-07,16313.0
007390,20241029,0.13,154.73767327601334,5.10002139759572e-07,17662.0
007390,20241030,0.1,106.241352343139,1.9093974661946415e-07,18153.0
007390,20241031,0.09,85.83830867295434,1.663117758490189e-07,16836.0
007390,20241113,0.03,-19.935619581845998,1.1669626020340561e-07,9197.0
007390,20241114,0.03,-19.935619581845998,1.4516762378093299e-07,7069.0
007390,20241118,0.02,-19.61104810194142,4.3317952201291546e-08,4404.0
007390,20250325,0.2,19.93635697948779,5.089258225092866e-08,8477.0
007390,20250410,0.15,-8.005922571092627,1.7001852500633457e-07,12534.0
007390,20250411,0.15,-6.8923335178670335,1.872477273393007e-07,8429.0
007390,20250422,0.11,-10.894702732203154,1.4049500088330298e-08,1539.0
007390,20250730,0.32,9.980533514543666,2.1150140805542098e-07,40170.0
007530,20200811,0.41,-28.43370883882149,,
007530,20201106,0.66,0.054466862129309845,,
007530,20201109,0.68,3.2963435026134524,,
007530,20201113,0.49,-25.08628877203549,,
007530,20201201,0.59,3.2182897925487897,,
007530,20201203,0.37,-42.181147329087445,,
007530,20201204,0.37,-38.06759545923632,,
007530,20201210,0.45,19.961386038004257,,
007530,20210412,0.1,-0.007633587786259888,,
007530,20210423,0.12,-1.0318664643399145,,
007530,20230414,1.94,6.900860753137605,4.0973921943334537e-08,745.0
007530,20230420,1.99,3.7876924989258764,8.817228315953006e-08,608.0
007680,20250421,0.13,1.685677361353033,7.613631091427549e-10,3.0
007720,20210603,4.65,11.625977669057953,,
007720,20241010,0.05,-0.2555321848870973,2.3371558643007643e-09,108.0
007720,20241011,0.08,62.99476767430945,1.0504690082963776e-09,108.0
007770,20190730,0.69,10.56427469835799,,
007770,20190812,2.74,-10.066114163329921,,
007770,20190813,2.77,8.137961628035928,,
007770,20210118,1.87,4.616578505590563,,
007770,20210310,2.19,-2.3126722808082367,,
007770,20210405,3.83,-14.281354703761862,,
007770,20220907,6.26,11.052873192116186,1.1686159659245193e-09,45.0
007770,20220908,6.26,4.553583319064747,1.155372519176106e-08,1273.0
007820,20230412,3.68,0.9354878728761618,5.073615284277773e-09,327.0
007820,20260120,4.58,10.085366847370203,8.688222211880714e-09,700.0
008290,20191010,2.91,7.212323643145391,,
008290,20191016,3.17,8.374536409908618,,
008290,20230613,0.0,,1.5662936471219174e-08,154.0
008290,20250901,0.0,,9.352198897456387e-09,54.0
008370,20210308,0.85,-8.828938222069704,,
008370,20210309,0.81,-11.240758166420218,,
008370,20210330,4.12,86.78220529164389,,
008370,20210402,2.88,-1.3836173784391281,,
008470,20210407,3.43,2.260797072267784,,
008470,20210408,3.43,3.01190204361228,,
008470,20210416,3.54,1.02877454299255,,
008830,20210407,0.17,1.0291274246865934,,
008830,20210421,0.17,-42.54240943070731,,
008830,20210520,0.16,-19.36884032068631,,
008830,20210521,0.64,226.4923504867872,,
008830,20210531,0.24,-29.508352016167226,,
008830,20210601,0.23,-22.688900468994266,,
008830,20230908,1.1,38.22357498616491,4.542624989151708e-10,53.0
008830,20241203,3.91,2.987388726205764,7.225115580804146e-09,1628.0
008830,20250207,5.94,-7.581012715131941,8.883663651297527e-09,2133.0
008830,20250213,6.63,15.403509043367936,1.2444600285547024e-08,3490.0
009300,20200722,1.02,-1.420828841777455,,
009300,20210910,2.17,68.40389695368731,2.0798921396027453e-07,1081.0
009300,20210928,4.0,24.100116176763663,2.3564053709744722e-07,801.0
009300,20210929,4.31,27.09393030233094,3.018564567535483e-07,687.0
009300,20230605,1.29,-8.779511540703112,2.2858758851084371e-07,380.0
009300,20240529,1.95,-2.48416684865691,3.5700295854031335e-09,66.0
009300,20240710,1.62,-5.587406914529991,2.3380515627524955e-08,650.0
009520,20210222,5.46,18.178469844948886,,
009520,20210304,6.09,6.011821336803824,,
009520,20210305,5.84,31.144133348328218,,
009520,20221128,5.72,-0.7083183345332422,2.431748414889236e-09,991.0
009520,20221129,5.84,1.1100994115780471,4.886018172721012e-09,2054.0
009520,20221201,6.99,24.271699748220833,6.730807314219608e-08,16363.0
009520,20230307,8.32,-3.0955554245161054,1.3159788419673528e-08,5691.0
009520,20230327,7.89,8.805621135395025,6.558361760779093e-08,27598.0
009520,20230328,7.78,1.8639920831793333,7.284130592054054e-08,27598.0
009520,20230329,6.5,-17.010951160135555,4.700959148763591e-08,27664.0
009520,20230410,2.21,-26.786322341897208,5.63116888170973e-08,12605.0
009520,20230414,1.9,-15.304644390764711,2.0507390789048283e-08,12736.0
009520,20230417,1.79,-18.94880419381956,1.5331734143644624e-08,7818.0
009520,20260115,3.7,-1.354801020590779,4.79836890361235e-08,9853.0
009620,20201118,0.46,87.42686405563538,,
009620,20201119,0.62,147.92207522482292,,
009620,20201218,0.44,53.85529814245138,,
009620,20210120,1.05,-0.4315614275403945,,
009620,20210122,1.02,-3.1285557367117023,,
009620,20210125,1.02,12.069588780630824,,
009620,20210601,0.38,-50.47313923339885,,
009620,20231025,0.35,28.377502753839167,7.593654482372354e-08,527.0
009620,20231027,0.57,75.69024802132292,8.442447439068933e-08,602.0
009620,20231103,0.75,33.21791160007721,2.412900511771724e-08,309.0
009620,20241210,0.0,,5.457195404848648e-09,21.0
009620,20241211,0.0,,4.9693503367874256e-09,21.0
009620,20241216,0.0,,6.486647227836071e-08,110.0
009620,20250512,0.09,-11.528706479133044,1.1759841336405297e-08,265.0
009730,20221115,0.0,,0.0,0.0
009730,20230413,0.0,,3.6656075033274705e-08,911.0
009730,20230428,0.05,,3.870542628377269e-09,40.0
009780,20201008,0.33,23.52736430458018,,
009780,20210615,0.91,-6.952696789645807,,
009780,20230630,1.34,-6.494360865231963,2.3687779956840346e-10,19.0
009780,20230703,1.32,-4.323578451101017,7.221072102409818e-09,311.0
009780,20250519,1.19,8.555122366068456,2.1795238341711405e-08,1243.0
009780,20250912,3.77,3.7292052043822466,1.1355169346447325e-08,91.0
010170,20200908,6.61,-2.0145730891377944,,
010170,20221227,0.93,10.469038930500595,4.9289375174784503e-08,473.0
010170,20250910,0.04,-2.5572311842082196,1.3682880147166245e-08,1009.0
010170,20250911,0.04,-3.082689646716763,0.0,0.0
010170,20251016,0.02,-6.418807537216908,2.840662195864725e-08,2917.0
010170,20251031,0.0,,6.536834098305623e-08,4154.0
010170,20251103,0.0,,6.935880912185064e-08,9035.0
010170,20260105,0.0,,6.356114532589362e-08,9896.0
010170,20260129,0.0,0.0,8.022128211973202e-08,17179.0
010170,20260220,0.0,-17.24137931034483,5.020873681730117e-08,11819.0
010170,20260223,0.0,111.20689655172416,4.0981239376778514e-08,10947.0
010170,20260310,0.0,-25.0,2.1065774927979533e-07,61211.0
010170,20260311,0.0,9.523809523809534,1.2732053702641032e-07,57631.0
010170,20260312,0.0,46.166666666666664,5.2081028251455274e-08,42441.0
010170,20260325,0.0,-6.25,2.366407831522941e-08,8795.0
010170,20260402,0.0,0.0,3.325745333953865e-08,36821.0
010170,20260403,0.0,0.0,8.476481305481022e-08,80277.0
010170,20260406,0.0,0.0,6.710949709243443e-08,80277.0
010170,20260410,0.0,0.0,1.0191058697634904e-07,153388.0
010170,20260413,0.0,0.0,1.3434486628286757e-07,153388.0
010170,20260508,0.0,0.0,9.207396183068316e-08,144285.0
010170,20260511,0.0,0.0,9.979636068107713e-08,224889.0
010170,20260512,0.0,0.0,7.571139027994159e-08,161062.0
010240,20210111,1.91,13.93461951212469,,
010240,20210112,1.86,9.560378091906285,,
010240,20210113,2.5,44.36947656242709,,
010240,20210114,2.87,61.93818433565923,,
010240,20210629,6.36,-0.4637312667793325,,
010240,20210630,6.99,7.778268214334383,,
010280,20190819,1.29,21.203410677022163,,
010280,20190821,2.37,103.21507643758912,,
010280,20250521,0.01,387.979797979798,1.0345295395141963e-07,189.0
010280,20250528,0.01,20.69964810598219,7.533714048029898e-08,306.0
010280,20250609,0.11,348.84811067284056,7.985970314702688e-08,332.0
010280,20250616,0.39,236.35263700854594,2.3445006029745538e-08,785.0
010280,20250623,0.29,-26.058524616235125,8.244660391230767e-08,1363.0
010280,20260430,2.08,-41.302335816500225,0.0,0.0
010470,20201202,1.25,-1.6967317984821206,,
010470,20201203,1.37,8.214204522660108,,
010470,20201209,4.22,237.19149052155308,,
010470,20210413,3.09,-6.144042292157048,,
010470,20210607,3.75,0.07051948606118241,,
010470,20210618,4.35,0.701396553270639,,
010470,20210621,5.63,27.540366139285876,,
010470,20221205,2.75,-7.4498720136518815,9.299702591995529e-09,701.0
010470,20221208,3.48,31.055462785138488,1.9429136140025675e-08,1433.0
010470,20221216,3.16,-24.03412162838663,1.315559322927661e-07,1920.0
010470,20221221,2.36,-35.51228042285987,8.309100249356931e-08,2995.0
010470,20230109,1.97,64.68723215965548,1.0719993212699867e-07,3769.0
010470,20230414,3.48,-8.93068878848955,4.43686843296769e-08,3065.0
011040,20200617,0.22,-7.2738272524199505,,
011040,20200723,2.55,10.95517683469569,,
011040,20200724,2.35,15.11379872601184,,
011040,20211013,2.21,-0.5766244642306684,2.576720689125122e-09,842.0
011040,20211019,3.77,73.42854455523889,8.28249363114043e-09,3511.0
011080,20200720,0.0,,,
011080,20200721,0.0,,,
011080,20200730,0.0,,,
011080,20200813,0.0,,,
011080,20210107,0.04,0.0,,
011080,20210108,0.14,224.875078973063,,
011080,20210115,0.0,-95.58022770666855,,
011080,20241210,0.19,2922.74412855377,3.776551810274231e-09,62.0
011080,20250114,0.0,,1.476940951027006e-08,348.0
011080,20260507,0.03,-93.25922520790672,0.0,0.0
011320,20200910,7.72,12.581564485407903,,
011320,20251119,2.08,-4.3003353037073255,1.193341215300734e-07,124.0
011320,20251224,1.8,-3.054557741361019,2.2723192266583514e-07,336.0
011370,20201016,2.72,2.682521019754258,,
011370,20201019,2.58,-3.1114785468124406,,
011370,20210621,6.21,0.4934664004043521,,
011370,20260213,0.22,-1.8505261054874822,2.828792909291118e-07,448.0
011370,20260219,0.22,-1.6943697939087898,2.9315285721298695e-07,395.0
011370,20260220,0.18,-20.297199865861838,3.7390120189199377e-07,404.0
011370,20260223,0.18,-19.98931165366391,1.5045159468596432e-07,275.0
011370,20260224,0.18,-20.174905712911638,2.0078752075138058e-07,259.0
011370,20260225,0.17,-25.68254102879437,1.8632612875668925e-07,404.0
011560,20210405,1.36,14.242103098653924,,
011560,20210419,1.32,-4.827477914169065,,
011560,20210607,1.92,-0.6164590669228698,,
011560,20220527,1.68,-25.464367460174653,1.9273415960888374e-07,414.0
011560,20220602,2.06,9.741202231898471,1.4862154121687136e-08,89.0
011560,20220603,2.11,22.47721032399781,9.962748650586026e-09,457.0
011560,20240520,1.04,9.599069036512464,2.652024999536033e-07,483.0
011560,20240521,1.08,14.512496512137751,2.3118823969945385e-07,907.0
011560,20240522,1.01,2.192435378327029,1.007386841089858e-07,1829.0
011560,20240529,1.41,40.681833118949925,8.688566825123295e-08,529.0
011560,20250922,0.36,0.4149483875925286,4.97744782461144e-07,571.0
011560,20251111,0.21,-0.5224938009210089,7.283241557780238e-07,787.0
011560,20251117,0.16,-16.61706569537601,8.586953853105278e-07,923.0
011560,20251119,0.29,54.15648507498443,1.2200696173933957e-07,276.0
011560,20260225,0.38,-13.833183781640612,1.907102606836196e-07,1362.0
011560,20260410,0.88,-5.864992596499052,2.3652835403035432e-07,494.0
011560,20260414,0.91,7.399977459709239,4.0335897430809915e-07,494.0
011560,20260427,1.21,-0.7652940340236003,1.0084771739003835e-07,142.0
011560,20260428,1.2,1.9994310562035267,9.528322695973148e-08,142.0
011560,20260429,1.2,1.3633076866829796,2.0991589616813832e-07,439.0
012340,20191008,0.04,0.0,,
012340,20200211,0.32,-44.81593630733681,,
012340,20200330,0.14,4.912762876984611,,
012340,20200915,2.03,34.95234071766167,,
012340,20200916,1.98,12.861348682345742,,
012340,20210108,2.24,13.396041294833449,,
012340,20210111,2.2,10.232566615640515,,
012340,20260212,0.0,,7.544443882557826e-08,185.0
012620,20210310,0.8,10.996090695856143,,
012620,20210423,1.32,2.0405327961377395,,
012620,20210510,1.63,2.8219950451348286,,
012620,20210511,1.58,-0.668473864233099,,
012620,20210520,1.81,7.110665329321297,,
012620,20210908,3.78,29.685348683442882,1.869368101109958e-08,1111.0
012700,20191122,2.98,-21.59098256856732,,
012700,20191203,2.38,-14.214718348809619,,
012700,20210409,3.19,-15.868275684381317,,
012700,20210616,1.73,-18.67848884483303,,
012700,20250516,0.61,-6.901852716444424,1.481279547429662e-09,251.0
012790,20200617,2.64,-14.209354916560146,,
012790,20200618,2.42,-25.03755803459017,,
012790,20200714,4.91,33.9619103808962,,
012790,20200717,7.01,51.42064265426449,,
012790,20200720,7.88,64.40691259402091,,
012790,20200721,7.83,59.5096043131232,,
012790,20200722,7.17,24.826900430099652,,
012860,20201204,2.9,8.675083169101882,,
012860,20210106,3.59,-10.030637906321138,,
012860,20210113,3.1,-13.777695379727394,,
012860,20230418,1.38,6.422759054480753,2.1499991229408406e-08,880.0
012860,20230419,1.57,27.507398719205,1.2297538487974194e-08,1442.0
012860,20230509,3.31,8.475062246686683,6.39789498369219e-09,1498.0
012860,20260108,1.29,5.6982707958613155,5.660019668523631e-09,362.0
012860,20260109,1.47,21.382108922777565,3.823266664404521e-09,362.0
012860,20260112,2.45,96.67709211742104,2.3042713657071726e-09,326.0
012860,20260113,2.71,114.05717889878635,3.19943524163437e-07,3230.0
012860,20260116,1.15,-21.77433958171133,1.9526605323137335e-08,3046.0
013030,20210427,1.73,5.540579013861446,,
013030,20210506,1.78,2.698898950357953,,
013030,20210507,1.82,5.116580036963891,,
013030,20220809,0.9,9.675446139661892,8.9876055964813e-08,1660.0
013030,20220810,0.89,6.853686041734042,8.389580641846053e-08,1698.0
013030,20220818,1.52,70.765190499955,6.971760991760074e-08,2861.0
013030,20230704,1.29,-13.205795044892298,1.3757614814413255e-07,1829.0
013030,20250122,1.01,51.601153071439775,1.686912726931151e-07,2099.0
013030,20250812,0.88,7.895252655925367,1.1831279172269668e-07,2730.0
013030,20260410,1.33,6.489868209275862,2.5624925839714044e-07,3063.0
013030,20260424,1.53,9.519951142527173,1.5868723642966803e-07,1983.0
013120,20201210,0.28,-5.728580591954547,,
013120,20201230,0.4,-5.503820349181177,,
013120,20210104,0.4,0.18907608814107135,,
013120,20210312,0.46,-15.042444888829165,,
013120,20210408,0.43,-10.093992827928789,,
013120,20210409,0.43,-6.88209948157753,,
013120,20210415,0.42,-2.1444621828973554,,
013120,20210422,0.5,18.06584088537937,,
013120,20210423,0.46,7.49809425196597,,
013120,20250701,0.33,-3.2074185885065387,1.3959670637585242e-07,299.0
013120,20250714,0.2,-21.504429232937383,4.384746534748857e-07,562.0
013120,20250715,0.13,-46.141401811729,2.071764939222707e-07,650.0
013310,20201007,5.59,8.539561984472455,,
013310,20210125,8.86,30.048003441537997,,
013310,20230412,6.73,2.6928856535406887,2.7239097901235897e-08,1688.0
013310,20230510,8.49,1.1895595922895241,1.9342150273970775e-08,4279.0
013310,20230517,9.26,9.071345758493909,2.1982403031152066e-08,5382.0
013310,20230704,8.11,-12.430250240717577,1.933069305073973e-08,2208.0
013310,20230706,7.99,-6.865589886671419,2.6163868653685653e-08,3929.0
013310,20250820,1.5,0.09859078184704106,6.679878710338782e-08,3291.0
013720,20200721,1.18,106.70735570526494,,
013720,20200730,1.36,-0.002681084945710399,,
013720,20200731,1.55,15.571227080394912,,
013720,20200804,1.47,12.416931589630465,,
013720,20200813,1.41,-0.7680925132363403,,
013720,20200907,1.79,9.886382274441985,,
013720,20200924,2.21,0.977830650182332,,
013720,20200925,2.12,-3.422000630834532,,
013720,20200928,1.8,-18.95171194183819,,
013720,20201007,1.76,-17.13468821800388,,
013720,20201120,2.22,27.489617143056577,,
013720,20201201,2.41,3.1719053850445045,,
013720,20201202,2.34,-1.662191274516811,,
013720,20210106,2.04,7.1621096363508885,,
013720,20210113,2.63,28.151292982988153,,
013720,20210215,2.71,3.11464761286131,,
013720,20210216,2.57,-2.794652588399227,,
013720,20210426,3.31,-4.737126307005058,,
013720,20210428,3.37,1.117894729140989,,
013720,20210429,3.3,-1.3209327402614934,,
013720,20210503,2.94,-11.371299009142977,,
013720,20210506,2.73,-18.654472971164182,,
013720,20210518,2.04,-6.468411062147583,,
013720,20210520,2.04,-5.135136670055262,,
013720,20230616,0.21,-54.78833399035901,0.0,0.0
013810,20200615,8.79,20.081940905424677,,
013810,20200617,8.98,4.9698766376589765,,
013810,20200618,7.09,10.617590051704173,,
013990,20210414,1.14,10.187382446518667,,
013990,20210416,1.01,-7.188048773091548,,
013990,20210419,1.06,3.649123835198975,,
013990,20210630,2.52,31.394979546240975,,
013990,20240103,2.92,1.2235708897914144,3.147806358185819e-09,456.0
013990,20240104,3.19,11.01235011167374,2.0018912748957285e-09,448.0
013990,20240110,6.09,108.20781436650329,7.323445832251713e-09,188.0
013990,20250404,5.76,2.7136069955952857,1.652490733979055e-08,1070.0
013990,20250407,5.68,-2.9370473479840897,1.1484375054508017e-08,1070.0
014100,20200128,5.44,12.547902767870877,,
014100,20220513,0.0,,1.5094162767728015e-09,55.0
014190,20210127,2.97,-5.60959905409738,,
014190,20210309,4.97,0.17045786845899524,,
014190,20210311,4.34,-16.747757553822762,,
014190,20210319,2.08,-65.4056818171195,,
014190,20210322,1.98,-70.37891480103679,,
014190,20210406,1.41,-21.600613453728844,,
014190,20210409,1.24,-17.157811474444205,,
014190,20231218,4.33,-4.937439976862123,7.246267343881848e-09,471.0
014190,20231226,5.74,32.20827547470082,4.8552340746449675e-09,494.0
014190,20260105,1.89,-3.3273760517279483,6.1180533186381115e-09,688.0
014200,20210420,,,,
014200,20210426,,,,
014200,20210506,,,,
014200,20210510,,,,
014200,20210512,,,,
014200,20210521,,,,
014200,20210525,,,,
014200,20210528,,,,
014200,20210531,,,,
014470,20210330,3.05,-11.567371917544877,,
014470,20210331,3.43,-2.4613394456863724,,
014470,20230906,1.81,10.262543845885187,5.5663113425616956e-08,1856.0
014470,20231120,2.37,11.631753635265007,1.3622504401068416e-08,1312.0
014470,20231121,2.39,9.16843199001538,8.543684148969616e-09,2117.0
014470,20250407,2.78,10.851040616269646,4.5672236313188185e-08,1132.0
014570,20200120,8.98,4.3537806871214,,
014570,20200121,9.16,5.854000921162927,,
014570,20200527,10.15,27.64184482179921,,
014620,20210426,3.51,-11.6990297223192,,
014620,20210427,3.42,-5.4391888641982415,,
014620,20220602,2.03,4.030277940357729,7.528919678452388e-09,36.0
014620,20220628,2.0,-10.453330675354932,4.677730859601583e-08,359.0
014620,20220629,2.09,1.8658356779569285,7.439623886537898e-08,1158.0
014620,20220810,2.38,10.575777566345801,1.4355239099981442e-07,8033.0
014620,20220811,2.57,12.429973585261234,2.80860253346677e-07,9215.0
014620,20220818,3.11,30.821820420548086,9.462406821823315e-08,5555.0
014620,20241119,3.13,1.949582879941958,7.972524602169398e-08,1596.0
014620,20241122,3.52,7.516084279707691,4.595809325835037e-08,5470.0
014620,20241125,3.47,10.47495293488938,7.199816774456094e-08,7352.0
014620,20241213,5.08,0.3560859350291379,2.190374500800571e-07,9545.0
014620,20250113,4.29,0.6193156449033621,4.008521170240822e-07,11308.0
014620,20250115,4.18,0.6164323547956485,3.5173753927960967e-07,10254.0
014620,20250116,4.17,-3.447404349582117,4.1189160052644516e-07,10254.0
014620,20250117,3.99,-8.325391763586653,2.395762493952927e-07,7382.0
014620,20250605,2.54,1.2906368817917402,8.66315309294561e-08,12306.0
014620,20260219,1.86,-5.916090479380253,2.7643937258047677e-07,10303.0
014620,20260424,2.04,8.700721300217019,1.633233815383846e-07,15663.0
014940,20200602,0.86,-26.401412894529518,,
014940,20200603,0.79,-33.49618803627048,,
014940,20200812,1.02,-18.421506898758345,,
014940,20200814,1.49,26.10794629864859,,
014940,20200902,1.17,31.198738016520867,,
014940,20210122,1.28,5.589460358392473,,
014940,20210405,0.87,-29.67258702365814,,
014940,20210427,0.88,0.4323285993639736,,
014940,20210428,0.91,-0.11478923553226439,,
014940,20210430,0.87,-2.846885735876026,,
014940,20210503,0.86,-3.3331950703555213,,
014940,20230704,1.21,1.3756952619388585,6.20382664650851e-08,748.0
014940,20240729,2.19,-7.776881270826175,3.0713447778082934e-07,1063.0
014940,20240730,2.19,-6.461999160634302,3.4566757725908064e-07,987.0
014940,20240807,2.11,-2.8005443883571624,5.8229501936118e-08,315.0
014940,20240808,2.03,-8.168641784317543,3.462796075862614e-08,163.0
014940,20241125,3.1,7.455422383370913,8.905920358980308e-08,4311.0
014940,20250527,3.42,3.5992545687455024,2.228301210111556e-07,6784.0
014940,20250807,3.83,-8.792253361481828,4.105264438719375e-08,5176.0
014940,20250904,5.67,-5.358839222761436,5.297874182865209e-08,5116.0
014940,20250908,6.79,14.341801411268351,2.0419776566983994e-08,3544.0
014940,20250909,6.96,22.112066313976374,5.8244886937617814e-08,8712.0
014970,20190828,3.52,3.5235282947944313,,
014970,20190829,3.46,1.770411691126772,,
014970,20250423,0.2,0.47667576185936866,1.732612895640528e-08,92.0
014970,20250424,0.2,4.1421479996055055,3.760314932361393e-08,147.0
014970,20250425,0.2,2.8539488393503065,1.9953884536724962e-08,147.0
015710,20210127,1.98,-5.188240097999186,,
015710,20210504,1.79,-2.447537341069006,,
015710,20210506,1.8,-4.71114497953894,,
015710,20210511,1.94,4.564440055690833,,
015710,20210603,2.4,0.9374723410973562,,
015710,20230111,3.62,15.08787070595723,3.839006746430944e-09,879.0
015750,20201224,1.89,-2.4433964195420543,,
015750,20201228,1.89,-2.384803032291438,,
015750,20201230,4.19,120.76419948863534,,
015750,20210104,3.58,88.17582106622177,,
015750,20210105,3.31,74.18715794139905,,
015750,20210108,3.09,-26.265330437860513,,
015750,20210122,2.98,39.584864284797796,,
015750,20221114,4.29,2.7344460136319304,2.245003295275839e-08,7064.0
015750,20230217,5.11,14.742418629771592,5.572399897172158e-08,11949.0
015750,20230220,5.22,13.578261396274115,1.3292805673270878e-07,15404.0
015750,20230221,5.77,16.217225892196097,1.7528542316713405e-07,22829.0
015750,20230403,5.06,1.300804918513121,5.5286592668616665e-09,593.0
015750,20230406,3.66,-32.614863184923514,3.852658210350789e-09,535.0
015750,20230412,4.29,7.049817625134769,6.354229142970948e-09,4052.0
015750,20230706,6.26,0.6691580102947015,7.280953182246885e-08,62170.0
015750,20230710,4.3,-31.385590580259915,2.2367559994999308e-07,59922.0
015750,20251020,3.38,13.098964613947972,3.0317176297697026e-07,4455.0
015750,20251203,2.9,-5.63232520660436,1.1155669296625218e-06,19930.0
015750,20260219,3.59,-2.4463727341223596,6.095357905144756e-07,7391.0
015750,20260310,3.6,-1.1347288517067122,7.45136753247417e-08,6373.0
015750,20260311,3.5,-0.26178549713318233,4.38089858076291e-08,6373.0
016100,20210513,0.01,-8.172555820507267,,
016100,20210524,0.02,26.676109537299332,,
016100,20210526,0.02,-5.337399923751429,,
016100,20210527,0.02,0.0,,
016100,20210531,0.02,-12.504658963846438,,
016100,20210601,0.02,-7.873540072492958,,
016100,20210602,0.02,-1.8525976641159847,,
016100,20210603,0.01,-19.834877164720098,,
016250,20200910,1.93,0.9906510789361223,,
016250,20200911,1.85,-1.8338054768649692,,
016250,20200914,1.93,1.4381252212142037,,
016250,20200915,1.84,-3.075482300056187,,
016250,20260219,0.01,-50.19539730785931,2.60517676437751e-07,266.0
016250,20260223,0.01,-17.543859649122805,1.8521649282622915e-07,434.0
016600,20200213,1.23,5.451674370044857,,
016600,20220330,5.57,3.4748008122754026,2.001088692856495e-09,246.0
016600,20220405,7.87,41.29833854354872,8.889034885001047e-09,2067.0
016670,20220915,0.04,-60.60851436123676,0.0,0.0
016670,20240517,0.0,,0.0,0.0
016790,20210503,5.26,8.368963740624014,,
016790,20220321,2.71,-17.53687199305939,3.45337289801341e-08,321.0
016790,20220322,2.66,-15.300656014148517,9.055022018109221e-08,231.0
016790,20220323,2.11,-33.3319706477526,1.9648175909579555e-08,255.0
016790,20220324,2.03,-32.158561821003616,4.416519451889833e-09,58.0
016790,20220329,1.17,-55.995556823493,8.803494673451589e-09,3060.0
016790,20220418,0.19,-25.70804814727401,2.230109418434459e-09,780.0
016920,20200827,2.45,-4.189615102989396,,
016920,20210517,3.57,-3.4444283993014357,,
016920,20210617,1.47,-2.285007001951722,,
016920,20210618,1.43,-3.985399883132601,,
016920,20210623,1.31,-10.893029621223427,,
016920,20210624,1.26,-14.510800723339546,,
016920,20241209,0.19,1.569519369936656,0.0,0.0
016920,20241210,0.19,-1.8565805894211418,0.0,0.0
016920,20241211,0.2,7.581837381203793,0.0,0.0
017000,20200715,0.98,11.187138406764575,,
017000,20200716,0.96,5.797852807119863,,
017000,20210129,5.38,-4.519349933639793,,
017000,20210201,5.18,-9.837450045076013,,
017000,20210927,9.49,20.011221144275115,9.71910290412543e-09,1401.0
017000,20211108,9.4,2.5737512305103127,3.568145888582323e-08,1681.0
017000,20211109,9.7,3.9982299861281545,1.6873431605036008e-08,2110.0
017000,20211115,8.24,-12.34362636592181,3.528149767431114e-08,2832.0
017000,20211116,8.26,-14.852384517058493,1.3392608740730747e-07,9028.0
017000,20211117,9.08,-1.7890440514099937,2.773974831237835e-07,7802.0
017480,20210224,2.27,-4.680323608204828,,
017480,20210408,2.46,-2.8579075864001102,,
017480,20210427,2.33,21.644186054198045,,
017480,20210429,3.87,99.59113222901846,,
017510,20210506,3.95,9.50181673720165,,
017510,20210608,4.51,2.277729770270498,,
017510,20240408,1.75,1.7156444474782928,7.854502193889575e-11,6.0
017510,20240507,3.71,20.02151143218287,4.6793054389239795e-09,203.0
017510,20240508,3.52,13.87948429662471,1.5890711935965895e-08,2117.0
017510,20240627,4.51,13.194206172399703,4.268510188885936e-09,1375.0
017510,20250807,6.56,-2.1501953746682734,5.988921084978916e-08,10701.0
017510,20250811,6.42,-1.0613019310542704,9.274252515285593e-08,12100.0
017510,20250814,2.97,-54.794424864593026,1.5258752743781025e-07,5202.0
017510,20260507,6.19,-16.78389748464206,9.217636344213316e-08,1357.0
017510,20260508,5.76,-23.156207395021767,1.0414932933018943e-08,841.0
017650,20200708,12.43,-50.50183366977501,,
017650,20201127,3.82,8.013789861317866,,
017650,20210111,4.26,-2.6807961106046774,,
017650,20210210,4.71,3.742342540625798,,
017650,20210414,4.87,-7.948969578017662,,
017650,20210510,4.31,-5.39960895279502,,
017650,20260209,2.96,1.0371760997543333,7.436959077369863e-08,389.0
017890,20200220,5.72,-2.6814258092242804,,
017890,20200221,5.92,3.317244929409502,,
017890,20230721,2.94,-0.1993671579382239,1.4778308756538432e-07,548.0
017890,20251113,1.43,-9.06006097832508,6.036599066015163e-07,1679.0
017890,20251127,1.39,-1.4726512376254108,2.8757230935888906e-07,453.0
017890,20251128,1.33,-3.63122016120091,5.337290572862488e-07,539.0
017890,20251211,1.29,-2.0853160755451183,2.1925418141362298e-07,240.0
017890,20260210,1.45,14.079707694343568,1.3782207163378057e-07,1364.0
017890,20260422,1.42,-2.0362463414712484,6.183716371765657e-07,2065.0
017890,20260423,1.4,-0.781211109525537,5.940344879177523e-07,3410.0
017890,20260429,1.38,-3.378907979443857,1.4385815016954772e-06,3456.0
018000,20200526,0.21,-42.375739512370025,,
018000,20200527,0.17,-52.56648846179874,,
018000,20200528,0.17,-52.2951126965373,,
018000,20200824,0.37,87.16917546618737,,
018000,20200826,0.36,89.94033952152935,,
018000,20200827,0.3,154.64239195225514,,
018000,20200908,0.06,-38.20015140518055,,
018000,20250422,0.01,-3.4442375833283245,2.3209085787441983e-08,725.0
018000,20250512,0.01,7.771293491911058,1.892701637026096e-07,2701.0
018000,20250513,0.01,1.3013449654670994,2.0421995162504853e-07,3581.0
018000,20250514,0.01,1.7557251908396854,2.5660333561372745e-07,3886.0
018000,20250616,0.01,6.729604670662392,8.777752115126897e-08,7751.0
018290,20200116,10.61,4.09964927708133,,
018290,20230602,6.56,-5.996363299792851,2.24411431035728e-08,399.0
018290,20230607,6.91,3.7344989702189135,1.1624745310337215e-07,1346.0
018290,20230613,7.24,8.05880644341439,8.721389290953409e-08,2619.0
018290,20230616,6.79,-2.7115310679937776,8.233735995388149e-08,1540.0
018290,20230619,6.97,-3.6969992759217973,2.5834503753125306e-08,1250.0
018290,20230620,7.4,2.2913990834403597,3.271683440773559e-08,572.0
018290,20230621,9.16,32.203198669302765,9.160210723164828e-08,3932.0
018290,20230811,9.8,7.27482394604666,4.427898561827759e-09,137.0
018290,20230814,9.08,-1.9022981145154327,1.877227598856221e-08,1119.0
018290,20230831,9.19,3.899599167976109,1.4370973043763776e-07,2363.0
018290,20230901,9.42,8.755871022896988,9.496641944930331e-08,3197.0
018290,20230904,9.53,8.447371053563412,1.3789214982755777e-07,3197.0
018290,20230905,8.99,-0.2751702738041817,1.235357754658917e-07,2516.0
018290,20230911,9.41,-1.323120001475897,1.158224590452924e-07,3279.0
018290,20230918,10.13,7.738730450781972,1.2257891586544417e-07,4521.0
018290,20230919,10.37,10.46313621725159,7.903013842140457e-08,4521.0
018290,20230925,9.92,-2.0368976816237616,1.0812419465690475e-07,2174.0
018290,20231116,7.34,-9.222987341667356,9.795176675525502e-08,3471.0
018290,20240403,5.74,8.71949119512081,5.884741261653725e-08,4828.0
018290,20240510,4.46,-0.21591261625043545,1.039572312091043e-07,15766.0
018290,20240528,4.57,-7.387405172170681,1.1345114444120977e-07,14841.0
018290,20240529,4.52,-7.633153207313437,1.7673264937623427e-07,13159.0
018290,20240530,4.37,-11.36781563006024,1.9560356577894695e-07,12678.0
018290,20240603,4.15,-12.778476458992616,1.6990681680690313e-07,21032.0
018290,20240613,3.95,-0.9247767201979173,2.2262338510993115e-07,28468.0
018290,20241210,4.33,20.82114698044144,9.833875365160618e-08,23562.0
018310,20210119,1.22,-2.6241592682270665,,
018310,20210120,1.18,-11.78355052727852,,
018310,20210203,2.13,2.940867245355916,,
018310,20210331,2.23,7.10218701030727,,
018310,20210408,1.99,-10.295953855805484,,
018310,20210414,2.44,25.97796923808824,,
018310,20220303,2.25,-9.988612331218484,4.5024411721916045e-08,1734.0
018310,20220304,2.33,-5.635310881042388,8.4203357635323e-08,3615.0
018310,20220314,3.42,46.713973576792256,6.566927012606463e-08,1017.0
018310,20220317,3.58,9.851055061338831,1.009381236202139e-07,3136.0
018310,20220323,3.22,-8.220940807678168,3.81943716320273e-07,2172.0
018310,20220401,3.49,20.061941454131606,6.095895828527435e-08,1015.0
018310,20240304,1.18,2.5229021297073384,2.821839509088205e-08,872.0
018310,20240307,1.53,30.391033795957846,7.785100135430077e-08,1574.0
018310,20240930,0.97,5.406467386558789,9.035688430346093e-08,363.0
018310,20241004,1.1,17.620352306633013,2.151716180338707e-07,389.0
018680,20200717,4.93,-16.236988791880602,,
018680,20200720,4.58,-7.244582338220207,,
018680,20240717,0.0,228.9855072463768,3.432284908814989e-10,6.0
018680,20240808,0.03,65.12820512820512,1.9531356145871484e-08,355.0
018680,20240809,0.03,93.52034768866059,6.932468004528913e-09,355.0
018700,20200212,0.0,-99.96931009084213,,
018700,20200213,0.0,-99.99386201816843,,
018700,20200214,0.0,-99.9938612645795,,
018700,20211110,1.14,19.032733270366652,1.0463535106199457e-08,1651.0
018700,20211223,1.04,29.73680896612518,7.597377472304466e-10,233.0
018700,20250623,0.0,0.0,1.1210808530150031e-09,11.0
019010,20210329,0.97,9.826214747253271,,
019010,20210401,1.14,16.031835319555586,,
019010,20210415,1.43,5.51169181504132,,
019010,20210420,1.18,-7.7512686266613,,
019010,20240823,0.19,-15.07167270315768,9.5577449637447e-08,112.0
019010,20251210,0.02,-0.8587041373926629,1.798235560478645e-09,2.0
019010,20260109,0.14,2.656341196065304,1.6509782098553906e-07,522.0
019010,20260129,0.15,157.45683930942894,9.09146695675486e-08,379.0
019010,20260204,0.13,22.57677817102408,3.9336737499630565e-08,141.0
019010,20260213,0.15,32.94607335094113,9.632309064025561e-08,150.0
019010,20260219,0.16,23.761804108818296,1.0782588909045723e-07,194.0
019010,20260220,0.16,16.443127619598208,7.462982095090286e-08,318.0
019210,20210322,1.56,-15.407162897000193,,
019210,20210323,1.51,-8.274962837287214,,
019210,20210409,1.66,-13.313649676204975,,
019210,20210420,1.23,-19.9290209664718,,
019210,20210427,1.19,-3.2489156658273233,,
019210,20210507,1.13,-16.244410615178307,,
019210,20210906,1.23,-3.3950029578061924,1.5714239863437596e-07,3498.0
019210,20210907,1.25,-1.6413797665785435,3.2339623215931365e-07,3498.0
019210,20260126,1.23,-4.481786258591547,1.5116018890548087e-07,2040.0
019210,20260128,1.22,-5.788298265885395,2.474245728274105e-07,3116.0
019210,20260129,1.25,-5.279990372057575,1.9191998910347778e-07,3116.0
019210,20260130,1.23,-1.1184655580017244,1.3022886969422523e-07,2919.0
019210,20260206,2.09,70.16960707050683,5.6854164245506504e-08,2510.0
019210,20260310,2.4,20.104880849419928,9.401144664532351e-08,4261.0
019210,20260313,3.78,80.76906782652901,6.697496010131639e-08,3874.0
019210,20260424,3.35,-2.0664983858054375,2.0937414033098541e-07,10266.0
019540,20190709,3.22,-28.39155271983802,,
019540,20190710,3.34,0.7306591535231277,,
019540,20190805,6.57,-0.9817081722196641,,
019540,20190823,8.28,6.624530654994909,,
019540,20201105,1.18,5.557343773607215,,
019540,20230602,0.33,-15.477460901563934,2.456358599889372e-07,428.0
019540,20230706,0.22,5.179866146123824,1.6441167125984258e-07,638.0
019540,20230816,1.13,4.606711044695011,4.096821925031833e-08,437.0
019540,20260113,0.99,40.840584537241355,1.369130452947696e-09,70.0
019540,20260312,1.39,5.097932202068356,7.819893291486867e-08,268.0
019550,20200715,1.34,38.33268915969443,,
019550,20201124,1.53,4.861547746736017,,
019550,20201125,1.32,-10.97451413999131,,
019550,20210218,2.62,-3.7798353004588225,,
019550,20210315,2.76,1.4231218563380832,,
019550,20210405,3.04,-1.5681010099360182,,
019550,20210412,3.17,4.204195574364822,,
019550,20260219,1.99,-0.3627749872535224,2.3466926434209805e-08,238.0
019570,20210215,0.21,-6.4608084831771055,,
019570,20210216,0.21,-4.306958673525118,,
019570,20210304,0.12,-6.044566898685233,,
019570,20210604,0.37,1020.0690611811233,,
019570,20230503,0.0,,0.0,0.0
019570,20260209,0.0,,1.3941165855078237e-08,186.0
019570,20260210,0.0,,2.1207701098773823e-08,231.0
019570,20260211,0.0,,1.3316275713586517e-07,332.0
019590,20200422,,,,
019590,20211206,,,,
019590,20211209,,,,
019590,20211213,,,,
019660,20201013,3.04,2.641780645429659,,
019660,20201014,3.07,0.10700837859967116,,
019660,20210105,3.79,0.2657360233324191,,
019660,20210106,3.83,1.1528873574351506,,
019770,20201026,2.55,7.103124584783216,,
019770,20201028,3.36,34.81050284013787,,
019770,20201126,1.16,93.03663890139578,,
019770,20201130,4.7,326.1258745598114,,
019990,20210311,3.22,17.130674227355037,,
019990,20210323,3.99,-12.0971254601137,,
019990,20210408,4.27,19.706270749963473,,
019990,20210419,5.92,9.265914872641368,,
019990,20240528,4.38,0.35241630112847755,6.044779761601238e-10,127.0
020180,20201012,8.62,3.0335400676613222,,
020180,20210623,11.63,12.957249266770376,,
020180,20250408,3.67,33.77426018651546,2.0293967584572594e-08,1499.0
020400,20210520,0.47,70.68926553672317,,
020400,20210531,0.76,52.48376003056936,,
020400,20230907,0.0,61.728395061728406,1.7312034051919252e-08,287.0
020400,20231228,0.36,167.05882352941174,4.624891236784678e-10,46.0
020710,20210409,1.69,2.9907273603082762,,
020710,20210412,1.92,12.515146118068188,,
020710,20231121,2.5,0.9527080082498474,2.3119436922641142e-07,739.0
020710,20231122,2.34,-0.5925421348017545,1.140974974949793e-07,619.0
020710,20250407,1.36,-13.117605356439544,1.7253137119631274e-08,482.0
020710,20250408,1.19,-21.48540162646163,4.1438474051983114e-09,283.0
020710,20250411,2.12,53.615104286702,1.6618914419596433e-09,202.0
020710,20250414,0.88,-35.40035467808793,1.6752765954340771e-09,202.0
021040,20201030,2.01,-12.367020329901113,,
021040,20221223,0.68,-85.66930307261799,0.0,0.0
021080,20200810,5.53,38.677738991186274,,
021080,20200820,6.28,-0.6355481162406473,,
021080,20200831,7.42,4.953662118152691,,
021080,20210330,10.07,8.398042731616773,,
021080,20210401,8.96,-12.534685532072508,,
021080,20210402,8.18,-18.419816517416077,,
021080,20210405,8.13,-19.925174867761154,,
021080,20210406,4.98,-50.43961556658909,,
021080,20231204,1.96,5.0824019050004,1.3985879648661404e-09,11.0
021080,20231228,2.74,-0.037878327827434166,1.5688880783594706e-09,115.0
021080,20251222,3.57,9.58729157784286,1.1967184719078172e-07,526.0
021080,20260129,3.34,-1.3783780965821446,1.9612055314279436e-07,2114.0
021080,20260219,3.34,7.318265241649979,1.4918574985203138e-07,790.0
021080,20260220,3.33,1.5894709525468231,3.052029670958222e-07,1173.0
021320,20200803,0.61,-8.638465985739064,,
021320,20200804,0.61,-11.558080068188481,,
021320,20201211,0.72,-8.360541731986471,,
021320,20210105,0.62,-19.929195549773983,,
021320,20210408,0.94,-3.7891732452581595,,
021320,20210409,1.02,6.201950189668715,,
021320,20210412,1.05,10.090830575745514,,
021320,20210423,1.12,9.120591781712761,,
021320,20250701,0.0,-58.82352941176471,2.100342577108717e-07,215.0
021320,20260205,0.0,,3.1314085145085115e-07,396.0
021320,20260211,0.0,20.048019207683065,6.577221111269206e-08,115.0
021320,20260219,0.0,-84.6,1.5502308968508177e-08,22.0
021320,20260223,0.0,0.0,0.0,0.0
021650,20210331,4.58,12.807110822737089,,
021650,20210625,5.07,-7.335379997118741,,
021880,20200507,0.0,-100.0,,
021880,20210308,0.0,,,
021880,20210402,0.0,,,
021880,20220420,0.84,-12.232213308897933,6.1123576003943636e-09,259.0
021880,20220421,0.84,1.0547510383273062,2.094226254897906e-09,261.0
021880,20231226,0.0,0.0,6.7384702361685995e-09,151.0
022100,20200908,0.76,0.30523664983004295,,
022100,20200909,0.8,2.8260619795421826,,
022100,20201012,2.89,25.546163097770492,,
022100,20210104,2.52,-3.960889386088695,,
022100,20221130,0.59,2.0341998727498867,2.861823080925978e-10,34.0
022100,20230328,1.27,4.243574410640005,4.1215670314818304e-09,2007.0
022100,20230331,2.53,103.89182550812754,4.7960810432183215e-09,2769.0
022100,20230413,3.34,2.2020136199674134,2.7612121489548755e-08,16920.0
022100,20230414,3.31,-1.3753739244149799,6.197176061947588e-08,23308.0
022100,20230417,3.21,-5.2936221897087465,1.7795271029628966e-08,18654.0
022100,20230418,3.31,-11.445285690903507,1.27712204251552e-08,17128.0
022100,20230711,2.44,-12.10093988317541,6.95952539853549e-08,68124.0
022100,20230712,2.24,-20.330456881461934,8.456020215359831e-08,67486.0
022100,20230713,1.52,-48.5316009388956,4.6731747410870384e-08,67486.0
022100,20230720,1.78,16.906621906486752,2.308361665238221e-08,30378.0
022100,20230724,1.44,-29.102537937285167,4.124048741586059e-08,30378.0
022100,20230828,1.03,25.49786125264262,4.4697038412105225e-08,38630.0
022100,20230831,1.09,22.443777269909184,8.917327145270274e-08,125672.0
022100,20230904,0.85,-16.34786929360519,1.6942182707044792e-07,143030.0
022220,20210701,4.84,-3.174908000087917,,
023160,20210426,3.4,-7.0173183058957145,,
023160,20210427,3.35,-2.780353188843687,,
023160,20210506,3.88,11.08513328132985,,
023160,20210507,3.65,1.5872982644910882,,
023160,20210510,3.75,-6.706213421588981,,
023160,20220629,1.61,-3.2208726542035993,5.190575408216775e-08,673.0
023160,20220810,1.88,7.845541507649001,3.7178135100860955e-08,3172.0
023160,20220818,2.45,30.181994748768126,1.5652772338694083e-07,5497.0
023160,20220830,2.56,15.91289155971285,9.470135553710235e-08,2166.0
023160,20230712,1.87,-11.069866647548032,2.0289849574236545e-07,4439.0
023160,20241219,2.3,17.805092355673136,4.186617665340533e-08,2566.0
023160,20250110,2.24,-12.118309942036664,1.6375535785566024e-07,3901.0
023160,20250113,2.2,-3.9242862883714813,2.0332428036969924e-07,3901.0
023160,20250121,2.02,3.6561590660596277,5.906523181162228e-08,2873.0
023160,20250902,3.17,-12.265633052337655,6.866637504236205e-08,1074.0
023160,20250911,3.04,2.168655190908453,4.2686534316378854e-07,11186.0
023160,20260320,3.46,-2.8342981570406156,1.6923002942167453e-07,10819.0
023160,20260403,2.97,-3.7393423566799533,1.92812021654171e-07,7344.0
023160,20260406,3.07,-1.0928507227737083,1.1819082812933228e-07,7344.0
023410,20210329,2.4,1.2300143040073985,,
023410,20210331,2.45,3.8113034856227523,,
023410,20210409,2.55,-2.225235387055169,,
023410,20260128,0.99,-0.5733606630973775,1.0429072048860898e-07,438.0
023410,20260129,0.99,-0.7969730499307492,2.947297783472548e-07,856.0
023410,20260204,0.96,-3.2352698337341224,2.0110052161279743e-07,730.0
023410,20260211,1.11,15.636890620292077,4.750170435522802e-07,882.0
023410,20260212,1.07,6.823711369341079,3.9169909814551254e-07,882.0
023410,20260213,1.08,-0.14465684117127564,2.0344822654341267e-07,1180.0
023410,20260220,1.05,-2.019084546709271,2.083909264202558e-07,718.0
023410,20260223,1.08,-2.5273446912618014,1.7889603201338016e-07,718.0
023440,20190814,1.86,13.313273964736938,,
023440,20190906,2.1,-0.11629210783450361,,
023440,20201123,2.06,3.479051093900476,,
023440,20201208,0.73,-66.69840916743736,,
023440,20210129,1.56,8.170587209930913,,
023440,20210331,2.48,11.222058856043681,,
023440,20221206,1.88,-2.730089724075102,2.424894101746463e-07,1250.0
023440,20221207,1.76,-7.867006993836279,6.81130940630524e-08,626.0
023440,20230405,3.49,3.002159345767841,4.2887567558428094e-08,1172.0
023440,20230406,3.57,0.9337549670194623,5.8240548906157094e-09,826.0
023440,20230410,3.92,11.084633768184581,3.591406512959652e-08,4013.0
023440,20230412,4.42,26.65607874620406,3.098002549940727e-07,3766.0
023440,20250707,1.19,-0.3426169524327949,7.949059294067958e-08,808.0
023460,20191128,,,,
023460,20210119,,,,
023460,20210412,,,,
023460,20210413,,,,
023460,20240613,,,,
023460,20240624,,,,
023600,20201130,1.51,-21.09777676441025,,
023600,20201217,3.12,9.771583228778645,,
023600,20201221,4.09,42.75259628099708,,
023600,20210331,4.47,27.389229241195025,,
023600,20210413,4.27,-7.468799846103291,,
023600,20210506,3.6,-7.872066900043794,,
023600,20210507,3.57,-9.97090638518452,,
023600,20210510,3.57,-1.6905513228555602,,
023760,20210407,0.62,-17.036283991381406,,
023760,20210520,1.03,25.685247615234385,,
023760,20210608,0.88,7.392503303771258,,
023760,20210615,0.84,-4.665847728763217,,
023760,20250708,0.25,-3.0437797356208995,4.2966424866332315e-07,524.0
023760,20250709,0.25,-2.478465328411128,2.057818891531639e-07,645.0
023760,20260212,0.24,0.3964762190562965,3.4251677968355023e-07,365.0
023760,20260213,0.27,15.130004546478947,1.9037453352616144e-07,416.0
023760,20260219,0.28,11.052476363518227,1.0351412237920023e-07,341.0
023760,20260220,0.25,-0.31562335612835835,9.569246604224582e-08,238.0
023770,20190628,0.0,,,
023770,20190701,0.21,,,
023770,20190702,0.26,836.0433604336043,,
023770,20190703,0.26,4041.3654618473897,,
023770,20190708,0.26,25.51571709233791,,
023770,20211130,4.43,-2.424101630460862,1.338292876890581e-08,872.0
023770,20211201,4.04,-9.718578919702036,2.0130667835245408e-08,1954.0
023770,20220527,4.55,24.597847921889837,9.037549805019099e-09,128.0
023770,20240913,1.08,1.401383348892482,2.0906033841381705e-07,349.0
023790,20201008,0.12,-11.353279175747966,,
023790,20201221,0.63,12.9250561958965,,
023790,20210503,0.95,-1.9406424777268727,,
023790,20250829,0.0,,3.7345230373650316e-08,423.0
023790,20250905,0.0,,3.1638112806040346e-09,51.0
023790,20250908,0.0,,1.5843814749777752e-08,219.0
023790,20250911,0.0,,2.241672468909478e-09,244.0
023890,20201127,,,,
023890,20210111,,,,
023910,20250605,0.38,-6.773344136115044,1.0095926787732524e-07,119.0
023910,20250609,0.36,-15.896175702657045,1.3641396099161343e-07,201.0
023910,20250612,0.42,7.869314648202663,1.461495314787822e-07,310.0
023910,20250709,0.3,3.6985846970367,2.567388448137065e-07,785.0
024060,20200106,5.03,-2.93747037674994,,
024060,20200107,6.7,32.6059834768667,,
024060,20220224,6.89,2.4997051416360883,2.1284430055018607e-08,4519.0
024060,20231011,4.8,51.867769499976845,5.575115464663627e-09,1692.0
024060,20231012,4.58,52.63791627675947,8.192375073196048e-09,2220.0
024060,20231013,4.75,-8.404046264290733,2.7298896608995843e-09,1135.0
024060,20231016,5.41,2.6027859813931853,1.7579621882070989e-09,696.0
024060,20240604,6.7,-1.7081810262158492,6.6393794206667686e-09,3251.0
024060,20260223,6.19,-12.286988321340097,1.0784926849056522e-08,9773.0
024060,20260304,7.69,8.568084716366563,1.22711354158595e-08,5804.0
024060,20260305,6.51,-16.517688584554456,3.4819601426135223e-09,5768.0
024120,20201223,0.19,3.205304069501591,,
024120,20210125,0.52,-10.868127507605486,,
024120,20210204,0.33,-0.8102906917856756,,
024120,20210205,0.32,-0.6660699241786028,,
024740,20200108,4.74,6.958046067063606,,
024740,20200617,9.99,3.008150940689447,,
024740,20200618,9.08,8.188972553603314,,
024740,20210621,7.15,13.550693833014105,,
024740,20210712,9.96,-7.721067523179592,,
024740,20210714,8.99,-13.248360171774632,,
024740,20241023,5.63,-5.689426138176779,3.4976632996528752e-09,980.0
024740,20260306,4.42,-11.349138300869644,4.7562739251816516e-08,3266.0
024740,20260309,4.22,-16.91633113896224,2.873262307586955e-08,3266.0
024800,20210423,2.46,-4.24787670334309,,
024800,20250521,0.46,-3.1413875158128213,2.4441089734369524e-08,61.0
024800,20260203,0.81,38.75923747196588,6.44251682965744e-08,76.0
024800,20260511,0.82,-6.23273396985412,1.202588248390973e-07,185.0
024810,20210215,,,,
024810,20210216,,,,
024810,20210217,,,,
024810,20210524,,,,
024810,20210526,,,,
024810,20210527,,,,
024830,20221220,0.03,0.0,4.389438174598268e-11,1.0
024830,20250117,0.0,0.0,0.0,0.0
024830,20250120,0.0,0.0,2.6860490894542044e-10,1.0
024830,20250121,0.0,-82.14285714285714,3.881664643031969e-10,8.0
024830,20250123,0.0,-100.0,1.4523213069088302e-09,18.0
024840,20210121,4.17,-7.820820974966358,,
024840,20210203,3.23,-19.79570117458277,,
024840,20210215,5.57,73.41151572772098,,
024840,20210609,5.88,6.5221936212441545,,
024840,20240430,3.2,6.642426522675904,7.199091266140368e-09,1087.0
024840,20240513,3.64,4.743405287949565,5.40295150822673e-09,946.0
024840,20240514,4.16,11.302828199129644,2.246012779450332e-09,736.0
024840,20260224,5.67,3.2409741640774703,6.279115196162327e-09,448.0
024840,20260430,8.49,-5.7108052517301555,1.9865115696572443e-08,3605.0
024840,20260504,7.87,-12.72882483975203,1.2336116623300903e-07,4891.0
024840,20260506,7.46,-16.729583263812962,2.0765483158101978e-08,2774.0
024850,20201124,0.73,-13.194650990546508,,
024850,20210112,1.48,142.26979893561312,,
024850,20210421,0.74,-45.61667127276587,,
024850,20210423,1.0,37.84762839138145,,
024850,20210426,0.96,41.11021545576901,,
024850,20210512,0.7,-11.665160779265783,,
024850,20230203,0.11,-67.28585075894279,1.481984888348292e-09,19.0
024850,20230206,0.11,-67.98255874402163,7.404398936269892e-09,658.0
024850,20230209,0.1,-67.01898734177215,6.608712374581017e-08,2147.0
024850,20230227,0.0,-100.0,4.814252728544645e-09,185.0
024850,20230406,0.08,117.57114718467703,9.575897374840094e-09,897.0
024850,20230412,0.08,0.371609665068684,3.515788037117437e-08,3093.0
024850,20230413,0.08,-6.507351793462989,8.141932037836107e-08,4589.0
024850,20230419,0.15,68.72085009536326,1.1642990581588028e-07,6181.0
024850,20240326,1.9,19.509334668956967,6.821585961208505e-08,4428.0
024850,20240328,1.51,-12.87702969254385,9.656042741755936e-08,7963.0
024850,20260504,0.08,-42.18004995080602,0.0,0.0
024880,20220411,6.52,37.27626745651236,1.8433003378271827e-09,383.0
024880,20220803,7.22,-0.882672218959657,6.9395734207298154e-09,1221.0
024880,20220811,9.85,37.49712070475746,3.523841480109536e-08,2777.0
024880,20250904,2.44,-1.3954795204795256,4.531340909684133e-07,1239.0
024880,20250905,2.34,-5.191807859920661,1.0774296498358763e-07,904.0
024880,20260119,3.91,9.46798200165906,1.0291578943105958e-07,1560.0
024910,20200820,0.4,-2.9357314622657005,,
024910,20201214,0.15,-1.548440376443061,,
024910,20210104,0.07,-21.083850931677016,,
024910,20210215,0.03,3150.0,,
024910,20210421,0.12,-3.904975979549563,,
024910,20210908,0.23,835.4887380105614,4.218339967231057e-09,236.0
024910,20210909,0.25,883.8870252137215,7.045131336112374e-09,294.0
024910,20230602,0.76,17.67668864481258,4.187971170137458e-08,2417.0
024910,20260106,0.7,-11.659515347561122,1.9423184837786527e-09,85.0
024940,20200713,0.5,8110.096153846153,,
024940,20200810,0.61,14.301837221780245,,
024940,20210402,3.21,3.7560547719019954,,
024940,20210422,4.57,-1.6728027052858474,,
024940,20210427,4.31,-6.46798362174188,,
024940,20210521,5.71,20.976331986717156,,
024940,20210524,5.71,18.171678553503167,,
024940,20221201,6.08,17.323765496872223,3.802410391412953e-08,1118.0
024940,20221202,6.23,15.538978932709124,1.4187366449913022e-07,1118.0
024940,20230925,5.74,6.794946875261432,0.0,0.0
024940,20241212,1.25,-44.47577793493635,1.0218637050507665e-08,1595.0
024950,20200522,1.43,7.132043828893986,,
024950,20200525,2.12,55.166321132985786,,
024950,20200527,1.79,16.40236455127266,,
024950,20200601,1.92,-9.45081753379069,,
024950,20200602,2.15,-7.479510178814397,,
024950,20210407,1.84,-19.24133704955623,,
024950,20260421,0.39,-3.2872735290874977,5.000089059175565e-10,28.0
025320,20200713,5.0,3.104473803583585,,
025320,20200714,5.48,6.944497432312402,,
025320,20200803,5.63,34.168206620637065,,
025320,20200804,5.67,32.058456095368435,,
025320,20230821,5.52,9.398024810957729,2.4087026520758906e-09,160.0
025320,20230822,5.36,4.146544634007476,2.7077051910124727e-08,9242.0
025320,20231201,8.12,0.6210565253605083,3.34512211655442e-08,8819.0
025320,20231222,9.5,-5.376406659679289,1.2870557940872902e-07,16190.0
025320,20231228,8.72,-11.868369230232501,1.868710147588978e-07,24236.0
025320,20240102,8.48,-12.717253487788104,1.782188599186264e-07,22656.0
025320,20240110,7.76,-8.157373642896893,6.189763485492322e-08,6696.0
025320,20240311,8.12,3.765426015368778,1.642938323161588e-07,43542.0
025320,20240313,6.89,-13.029295391438179,2.2851494008432456e-07,43539.0
025440,20230511,0.1,-80.04968575613192,0.0,0.0
025440,20260114,0.04,203.53401489334848,3.974875206456812e-09,118.0
025550,20210504,6.22,2.3076542238529063,,
025550,20210506,6.0,-1.9339126223538505,,
025550,20210623,10.31,15.357699636237655,,
025550,20210827,9.0,2.091528683069832,8.69931993248935e-09,4533.0
025550,20210903,8.39,-6.718452504542793,3.320015636857365e-09,906.0
025550,20210907,8.68,4.199212063950353,2.456801106237648e-08,8590.0
025550,20210909,8.95,5.593353860342676,2.656526449375256e-08,7684.0
025550,20241216,3.78,51.8647162904105,5.286395171710651e-08,1997.0
025550,20250407,4.01,-4.03668660531028,4.6056958910859985e-10,31.0
025770,20220809,0.34,1.1432070251040427,8.027281916333425e-11,9.0
025770,20220907,1.17,-7.3113670260680275,2.531001883911257e-08,2892.0
025770,20220915,1.58,32.71657567817303,1.570154398216675e-08,3088.0
025770,20221017,1.77,13.196285685726728,4.483378137560849e-08,4479.0
025770,20221018,1.81,0.9991969016137636,5.679765306816991e-08,5335.0
025770,20250619,0.42,-4.8555890954791625,9.522530614899612e-08,590.0
025770,20250620,0.41,-5.195405021316912,2.9466256816557433e-08,685.0
025770,20260420,0.56,-7.884476226961223,4.012292883217522e-09,182.0
025870,20190918,0.24,36.28760285984083,,
025870,20190919,0.31,-10.182125026369448,,
025870,20190920,0.46,46.86639930801291,,
025870,20190923,0.21,-10.646655922643033,,
025870,20190924,0.2,-11.589336589336586,,
025870,20210122,4.65,57.30405354083501,,
025870,20210125,4.95,66.75637036414095,,
025870,20210127,5.54,90.19735545405464,,
025870,20210412,0.8,-9.142921247475877,,
025880,20190927,2.91,-5.521609999071863,,
025880,20210119,2.77,3.537719048297472,,
025880,20210312,4.44,-1.7625469330891819,,
025880,20210315,4.51,4.464474829963994,,
025880,20220421,5.64,0.6687473560717416,3.2031498519734934e-08,1213.0
025880,20220422,6.5,14.51942933910686,9.61479135138776e-09,1213.0
025880,20220425,5.1,-9.801279714257028,7.2417824826113266e-09,1213.0
025880,20240925,1.47,-3.5893653636778655,3.1270283059614816e-08,105.0
025880,20240927,2.53,51.447017714355134,4.440533607758874e-08,105.0
025880,20250120,2.85,-4.093974784127141,3.478880686048143e-08,733.0
025900,20200514,,,,
025900,20200611,,,,
025900,20200618,,,,
025900,20200623,,,,
025900,20200706,,,,
025900,20210104,,,,
025900,20210107,,,,
025900,20210108,,,,
025900,20210414,,,,
025900,20210415,,,,
025900,20210423,,,,
025900,20210426,,,,
025900,20210812,,,1.822714944947189e-07,9876.0
025900,20210930,,,9.984882777084308e-08,9045.0
025900,20211112,,,9.296272500547352e-08,11308.0
025900,20231012,,,1.222489147963478e-07,3437.0
025900,20240206,0.96,2.614211336804284,6.18767882484945e-08,5979.0
025950,20200708,1.6,41.65294938845248,,
025950,20200710,1.95,44.10275724345725,,
025950,20200714,2.6,73.15769920877698,,
025950,20200720,2.82,9.617860554404455,,
025950,20200721,2.66,2.525711312064338,,
025950,20200731,1.19,-15.17313160032494,,
025950,20200803,1.16,-15.63874951756079,,
025950,20201208,2.56,24.437269372693727,,
025950,20201216,0.85,-75.06208623587926,,
025950,20201217,0.65,-63.41231723762264,,
025950,20201218,2.52,129.1046227658793,,
025950,20201221,1.55,62.449700051842896,,
025950,20240103,1.71,-28.5224451188271,9.386504335920545e-10,95.0
025950,20240325,0.99,12.895511158285068,6.44523791346858e-08,1196.0
025950,20241205,0.48,33.746667094991814,1.0702381362669241e-08,588.0
025950,20241206,0.5,34.17669927263607,2.628348926037922e-09,588.0
025950,20241209,0.42,5.9576676855643385,4.658001055368334e-10,74.0
025980,20210618,6.55,-5.299340420862697,,
025980,20210927,5.9,0.013767576722001351,1.5971129688517358e-08,5652.0
025980,20210928,5.96,1.2995185508428042,9.058688458053383e-08,19998.0
025980,20230810,2.25,-6.485901354110435,1.5854958846935585e-09,412.0
025980,20230811,2.28,-4.497802051735988,5.29680666960148e-08,11392.0
025980,20250418,3.4,8.314780774273656,3.535826473762273e-07,2916.0
025980,20250507,3.72,0.9281422693861119,2.781484270104262e-07,3597.0
025980,20250604,3.56,-5.347248176619557,8.688083145519947e-08,1626.0
025980,20250612,4.26,19.29665526493789,1.4673939101399054e-08,4078.0
025980,20250613,4.34,18.460561752155137,1.0050778715497223e-07,14131.0
025980,20250624,5.81,22.485706558613792,3.32981498356267e-08,4053.0
026040,20210603,0.04,-81.14264530213782,,
026040,20210927,0.04,600.0,2.933839358581766e-10,5.0
026040,20241213,0.09,0.0,2.150438262299146e-09,11.0
026040,20250609,0.09,0.0,4.073922111246838e-09,99.0
026040,20250731,0.07,-2.041649652919564,1.4608307277460588e-08,177.0
026040,20250801,0.07,0.0,2.701618245374631e-09,162.0
026040,20250814,0.24,55.421182734360144,6.013320749379575e-08,3058.0
026150,20200422,4.55,8.257008352505757,,
026150,20210506,8.66,-5.285932426650108,,
026150,20210507,8.55,-4.538155763150941,,
026150,20210510,9.15,0.3661281301077679,,
026150,20210527,6.79,42.21811385969496,,
026150,20250421,1.46,18.608814605013713,1.6426086895620842e-07,1149.0
026910,20190920,2.57,-14.414400454533716,,
026910,20190923,2.64,10.479789766739955,,
026910,20210105,2.04,-7.331718923789543,,
026910,20210107,2.05,-7.886373500217003,,
026910,20210504,1.14,5.401539209796002,,
026910,20210608,1.67,70.0066451490412,,
026910,20210609,1.74,4.398044900386555,,
026910,20210628,1.79,26.81825175286283,,
027040,20260311,0.0,,1.3970741723409898e-08,38.0
027040,20260317,0.0,,5.907630405904956e-09,21.0
027040,20260413,0.0,,4.4076052740777164e-08,143.0
027040,20260414,0.0,,1.4011869140541467e-07,192.0
027040,20260415,0.0,,2.1917553761009746e-09,118.0
027050,20200121,5.36,34.27794654561267,,
027360,20200924,2.42,-2.9020038731844,,
027360,20200925,2.21,-11.832192340070424,,
027360,20200929,3.12,30.519759998349727,,
027360,20201029,0.74,-3.4031082845470295,,
027360,20201030,0.73,-0.25315621862520565,,
027360,20201127,1.31,180.14211262371572,,
027360,20201130,1.35,186.52435760645707,,
027360,20210315,3.21,1.200741420708873,,
027360,20210316,3.21,-1.5826569721708927,,
027360,20210322,2.7,-15.835588857688009,,
027360,20210402,2.64,40.50892866682574,,
027360,20240108,2.23,7.429154884328981,1.983065238396174e-08,279.0
027360,20240111,2.27,5.762183116042396,4.3827852660358155e-08,263.0
027360,20251218,2.68,14.474021005919436,8.730840314758369e-10,133.0
027360,20260129,3.18,1.421213892376283,1.704578602857894e-08,2085.0
027360,20260130,3.24,7.747379880707084,7.200095078439797e-09,1892.0
027360,20260203,3.52,8.922376875431958,8.172177609971532e-09,1892.0
027360,20260227,4.34,0.1345399573621675,5.738611770879962e-08,8406.0
027360,20260317,3.86,1.4437420986093574,3.6615263270646535e-09,1261.0
027360,20260325,3.48,-8.829798707517622,1.1692292245742504e-08,3787.0
027360,20260326,3.63,-3.8876772700499496,8.108602416962371e-09,5174.0
027360,20260414,3.92,1.9667462986943551,8.110649645007152e-08,27836.0
027360,20260415,3.98,1.7503533946410244,8.770365839972106e-08,38355.0
027360,20260422,2.51,-12.6466353543369,4.95830999226815e-08,26288.0
027360,20260424,2.27,-9.712420153536982,1.2221115913934145e-07,79465.0
027580,20200902,0.09,-29.906905180050668,,
027580,20210210,0.1,16.234719931310295,,
027580,20210622,0.71,31.300157394633032,,
027580,20230622,4.46,-3.6276158853597806,7.803998945871336e-10,69.0
027580,20230623,4.41,-1.0833568513988645,1.624802531714181e-10,69.0
027710,20210223,,,,
027710,20210310,,,,
027710,20210929,,,3.0885247884822427e-09,1393.0
027710,20220425,,,2.0178535176356054e-08,12366.0
027710,20220426,,,1.8244263681116794e-08,9277.0
027710,20260223,1.84,0.43061234007493177,1.0727029340518986e-08,316.0
027830,20210208,3.78,-1.7343915151546652,,
027830,20210209,3.82,0.23276414304438386,,
027830,20210315,6.09,-2.427256740022943,,
027830,20210316,6.02,-5.321553915423216,,
027830,20210330,6.65,-23.269855947920558,,
027830,20210402,6.25,-12.323211106968635,,
028080,20200813,0.05,-15.161965759329965,,
028080,20200814,0.03,-36.49196183505424,,
028080,20210628,0.25,-9.140747052975428,,
028080,20210629,0.24,-9.228791022531347,,
028080,20210826,0.58,-24.27691867124857,1.5613874767952385e-09,124.0
028080,20210827,0.51,-30.17973469782641,6.9815080010799236e-09,386.0
028080,20210903,0.58,14.11987498267926,2.3459004218528717e-08,521.0
028080,20230307,1.39,38.937287028511626,7.275728058979318e-09,463.0
028080,20230414,1.8,36.49626286419843,6.677083811981696e-09,415.0
028080,20230417,2.18,62.55797560730003,1.5486460324131413e-08,415.0
028080,20230427,1.61,-16.595384880599585,1.1214087113589732e-08,733.0
028080,20260430,0.03,0.0,1.4477589492668313e-08,22.0
028080,20260504,0.0,-80.05284015852048,1.2995203578455657e-09,22.0
028150,20210316,,,,
028150,20210317,,,,
028150,20210318,,,,
028300,20191021,1.52,-11.90456599803702,,
028300,20231215,0.51,0.6457876894671033,3.4862690215113503e-07,96285.0
028300,20231218,0.52,1.497187441159853,6.749710496114884e-07,108263.0
028300,20231219,0.53,1.5346730316293966,3.2974392579046156e-07,116058.0
028300,20231220,0.53,2.788241971846106,5.183053788000477e-07,134792.0
028300,20240102,0.6,8.549813994272304,1.9291605681151256e-07,29710.0
028300,20240126,0.62,2.8273555437260844,1.3700098507236194e-07,140693.0
028300,20240206,0.54,-14.242661834639492,2.398828573571426e-07,54536.0
028300,20240207,0.55,-4.250271495998625,2.0183238443968932e-07,60372.0
028300,20240219,0.54,-0.7324315316199925,1.2201334334812302e-07,59466.0
028300,20240308,0.53,-1.0415265258531758,1.0353234627501496e-07,123284.0
028300,20240311,0.53,0.6333679490677424,2.5280608584301027e-07,134269.0
028300,20240321,0.48,-4.289403912282319,1.8481502582130638e-07,91784.0
028300,20240325,0.47,-3.1461879833523665,4.3238430940609345e-07,143483.0
028300,20240326,0.47,-2.501336233254725,1.4200878302431211e-07,127272.0
029480,20200904,0.0,-10.601092896174869,,
029480,20200910,0.0,-99.89071038251366,,
029480,20200911,0.0,-99.87775061124694,,
029480,20200916,0.0,-100.0,,
029480,20211116,0.39,-7.06105257767593,2.762565312639119e-08,370.0
029480,20211118,0.14,-65.21920395000367,3.643306582815956e-08,262.0
029480,20211119,0.13,-67.04678912332045,2.3512689860640522e-08,262.0
029480,20220429,0.09,-80.00033542414383,0.0,0.0
029480,20230328,0.0,,4.676203313728745e-08,2761.0
029480,20230403,0.0,,3.345346861243088e-08,2355.0
029480,20240528,0.85,141.4237986920671,6.295653774008624e-08,5011.0
029480,20240612,1.13,22.311966432876762,1.443373138748024e-07,8490.0
029960,20240823,,,,
029960,20240827,,,,
029960,20240927,,,,
029960,20241108,,,,
029960,20241203,,,,
030190,20200511,0.2,39.33037605046701,,
030190,20200512,0.16,-14.646410875885508,,
030190,20200513,0.18,-4.811685031549928,,
030350,20190705,0.58,-0.0032269514989136105,,
030350,20201109,0.17,265.97029952177195,,
030350,20211125,0.03,,7.1699961889210145e-09,1380.0
030350,20241129,0.0,,0.0,0.0
030350,20241209,0.0,,9.530359187921745e-10,19.0
030520,20200616,3.0,6.732610498616998,,
030520,20200619,3.33,20.24269467268869,,
030520,20200622,3.4,21.972922680185782,,
030520,20200708,3.45,-0.8785497596652814,,
030520,20200709,3.41,-1.6566848179788596,,
030520,20200828,3.57,-10.754304622234933,,
030520,20200903,3.46,1.5383823647332928,,
030520,20210607,4.25,14.10613695083458,,
030520,20211117,3.87,-2.0494902062108578,2.1252072822042914e-09,498.0
030520,20211118,3.95,2.7231848087383437,1.3332518124281776e-09,409.0
030520,20211124,5.55,43.095833043648966,1.2148518626340085e-07,4288.0
030520,20240108,2.96,-2.0107531283688806,1.6673022979916807e-09,495.0
030520,20240109,3.56,19.097909457165052,4.517640374245582e-10,194.0
030520,20240110,5.04,69.80557038618971,4.949168181588601e-09,3555.0
030520,20240118,7.6,0.5144639006353424,8.859631198835275e-09,772.0
030520,20240119,7.27,-27.173293350643725,2.229555837775378e-08,1630.0
030520,20240122,6.63,-26.764410570033313,8.62404675742739e-09,1603.0
030520,20250618,5.01,-7.781550521854063,6.89023153688765e-08,6993.0
030530,20191230,0.92,26.45029033960935,,
030530,20200102,1.05,43.050340188259014,,
030530,20200109,1.17,11.034977176075845,,
030530,20200110,1.18,7.632304105136711,,
030530,20201127,2.16,17.637766912113563,,
030530,20201202,2.31,-11.587214611872144,,
030530,20210126,2.16,3.626148658376893,,
030530,20210426,1.95,9.078340914433847,,
030530,20240202,0.9,5.765671134172656,3.6374792576909524e-09,303.0
030530,20240205,0.94,10.099886015957772,3.6742775996445017e-09,303.0
030530,20250519,5.08,8.58513381665611,3.4580213600094864e-09,908.0
030530,20250604,5.19,3.0391207357895578,9.229929365213695e-09,1750.0
030530,20250826,3.87,-6.983531683867583,9.654610074528951e-08,18438.0
030530,20250828,4.09,0.3708183795722242,1.9499520832847797e-07,19777.0
030530,20250908,2.56,-39.30356507553007,1.1794480786972377e-07,3061.0
030530,20250909,2.52,-24.704051646342872,1.1329097831912133e-08,2471.0
030530,20250910,2.47,-18.72025067324774,1.3134675140530502e-07,6163.0
030530,20250911,3.64,25.035123793928005,1.0372472545125349e-07,7487.0
030530,20250924,2.02,-18.715918948259656,2.3214639180485513e-08,2656.0
030530,20251010,1.74,-9.900693026557484,1.5373934128722616e-07,31440.0
030530,20251013,1.69,-9.667079848399363,7.494105995114601e-08,30290.0
030530,20251020,1.4,-17.640703330501818,1.5773377517943494e-08,2724.0
030530,20251104,1.18,-6.920552808418923,4.18106340092256e-08,6484.0
030530,20251215,2.3,65.7782830900589,1.3066300435185926e-07,105359.0
030530,20251226,2.98,22.947657228097285,9.478157746465747e-08,73415.0
030530,20251229,3.1,25.780075838086326,1.3545179825218076e-07,121693.0
030960,20190730,1.78,-0.8326959483077823,,
030960,20220902,0.0,-33.88069705093834,5.5797103488662245e-09,558.0
030960,20220915,0.34,18127.540983606556,4.8045060957918874e-08,3598.0
030960,20220916,0.28,56.35700536926349,2.0793760906253286e-08,3253.0
030960,20220919,0.25,6.114265789998008,3.005254421823805e-08,3650.0
030960,20220920,0.29,59.68140078333279,4.157480763072445e-08,3385.0
031330,20210126,2.46,-3.7336536373211215,,
031330,20210419,2.31,2.4061088808623454,,
031330,20210518,2.38,-0.8866643782502903,,
031330,20210614,3.26,-10.235941682390626,,
031330,20210805,2.73,-2.965430098219779,1.209666183152843e-08,1247.0
031330,20210806,2.87,-2.6004994327701647,3.5383561989356797e-09,1361.0
031330,20240402,1.53,14.491667391629237,9.678797323619217e-08,2293.0
031330,20240417,1.57,0.02835836106396261,1.1463349863528686e-07,1278.0
031330,20240507,1.4,-4.853666256515988,3.783827941373236e-07,1015.0
031330,20240508,1.4,-5.088764852228367,5.400112576521823e-07,1109.0
031330,20250922,1.12,3.23286875512403,5.361579996052545e-08,231.0
031330,20251002,1.19,-0.37853501511629917,3.2674285991312954e-07,869.0
031330,20251010,1.17,-2.1382327557261216,3.2992725373032084e-07,747.0
031330,20251020,1.3,10.93210830672442,1.9372365751301368e-07,926.0
031330,20251030,1.26,-12.201972772795532,2.814381518559378e-07,1184.0
031330,20251111,1.17,-11.00077979338846,3.662036486083512e-07,1755.0
031330,20251230,1.51,16.326998797123803,7.310903418282398e-08,3926.0
031330,20260219,2.69,-0.18823710333706334,2.666542019771651e-07,1533.0
031330,20260224,2.71,-1.1740855111028514,2.3463969989533768e-07,1641.0
031330,20260226,2.91,7.977831168585858,1.500351328101688e-08,108.0
031330,20260410,1.93,-5.422559099217383,5.039306291811525e-07,6569.0
031330,20260424,2.17,-3.3430349889425948,5.700461996222669e-09,30.0
031330,20260506,2.26,6.605617673274589,1.2105813952671867e-08,208.0
031330,20260511,2.38,6.904362964548394,8.853831310808227e-08,1465.0
031390,20200810,,,,
031510,20200909,4.25,-10.980993152198637,,
031510,20200914,4.69,-5.108287111724897,,
031860,20220316,0.03,0.0,2.053005285287077e-07,2211.0
031860,20220330,0.03,0.0,2.1009254542506614e-07,1016.0
031860,20220401,0.03,0.0,1.9842910876301255e-07,2207.0
031860,20220404,0.03,0.0,2.599781211649601e-07,3327.0
031860,20240510,0.63,0.0,2.3560253603301756e-08,103.0
031980,20210405,0.54,-1.8616801415273665,,
031980,20210419,1.19,-11.877816520870288,,
031980,20211223,1.06,-12.583839629451399,1.9788014534475945e-07,2318.0
031980,20211227,1.55,20.521432394472438,2.437113256115181e-07,2689.0
031980,20211229,1.43,23.46374915764855,4.6669852761900455e-07,2428.0
031980,20230613,0.39,-8.985375831637544,1.0063692616467748e-08,277.0
031980,20230615,1.22,189.94958315484234,5.508149492673077e-09,223.0
031980,20230616,1.1,163.8322572085618,1.6616161637538538e-08,444.0
031980,20230619,1.74,317.3167652335703,7.369192438732968e-08,2887.0
031980,20230629,1.52,-3.9574294616078975,6.063410211507242e-08,3220.0
031980,20230703,1.8,25.85369165268496,1.6741835521120464e-07,3300.0
031980,20230720,0.64,-21.547863770209453,2.3838710834461943e-09,80.0
031980,20230727,0.65,1.065110547710435,1.0592049597954782e-08,793.0
031980,20240222,1.22,-0.4692534230428147,3.475107747986185e-08,3792.0
031980,20240228,1.18,-4.179192543104571,1.1669345805188455e-07,3133.0
031980,20240320,0.95,-9.162765645321624,7.954211568740486e-08,6755.0
031980,20240418,0.41,-14.41003400710711,1.4262949319419656e-07,8720.0
031980,20240516,0.74,6.664214011667635,2.0044223161342698e-07,10714.0
031980,20240520,0.72,-11.240368805310974,3.2146089452975535e-07,13309.0
031980,20240605,0.29,-12.37497154640279,1.1641640872895421e-07,12746.0
031980,20240607,0.29,-13.25315807902605,1.493713053812526e-07,16145.0
031980,20260121,2.76,3.8703215749988695,2.6169140499742494e-07,11773.0
031980,20260126,2.84,5.487344033419439,1.1675740550240242e-07,6142.0
031980,20260127,2.79,12.285918040641675,1.8895708856729051e-07,4841.0
031980,20260128,3.02,9.109139554043377,8.715886716627498e-08,2522.0
031980,20260129,3.01,14.950146782682294,1.1155422025728377e-07,5092.0
031980,20260219,2.11,-1.1422790557621965,5.719250404055206e-08,2835.0
031980,20260305,1.68,-10.657544922289253,1.3058536498921965e-07,10741.0
031980,20260306,1.39,-24.216150644042543,1.7389397233109365e-07,8375.0
031980,20260428,1.68,25.340132557454133,3.867390342616842e-07,28747.0
032080,20210114,1.28,30.013889215847822,,
032080,20210115,1.24,35.935432386840006,,
032080,20210408,1.59,5.267462734117956,,
032080,20210416,1.47,-18.885152104682092,,
032080,20210419,1.37,-7.890394814378309,,
032080,20210722,3.5,4.523352491799115,6.926388168926654e-10,130.0
032080,20210723,3.76,14.219841534282462,2.792785506580051e-10,57.0
032080,20210805,2.47,-10.986753465042753,1.7790807828631496e-09,563.0
032080,20210806,2.31,-1.7441551619319706,1.5814104305495352e-09,415.0
032080,20250403,0.33,-5.368715726502282,1.5157657261028025e-09,16.0
032190,20200507,0.57,5.030295022556097,,
032190,20200508,0.61,17.461731033732097,,
032190,20221101,3.66,-0.6943202960435935,6.626311766206547e-07,2670.0
032190,20221102,3.64,-0.4710440979270647,9.338917669562158e-07,2590.0
032190,20221107,3.83,4.513422306105475,1.3206927482971265e-06,2468.0
032190,20221109,3.89,6.81140433054479,4.960761413252427e-07,2035.0
032190,20221111,3.92,2.5593235034883755,6.051710194235358e-07,3317.0
032190,20221114,4.09,6.968768570305728,5.628959723759567e-07,3676.0
032190,20221115,4.07,5.801765018837424,4.066399099962017e-07,3912.0
032190,20221116,4.24,9.01852110983381,2.6835396019630847e-07,3043.0
032190,20221117,4.59,17.556803856779446,1.7298282597739546e-07,3043.0
032190,20221125,5.52,15.4763518977457,6.655289380418719e-07,10634.0
032190,20221130,6.06,10.784599623567527,6.095785444821463e-07,13236.0
032190,20221201,6.06,9.609847865590648,4.088607203106863e-07,11455.0
032190,20221228,7.92,6.4211350981637105,3.783892932348124e-07,11298.0
032190,20230103,8.7,16.723386784300097,6.626639800214226e-07,11303.0
032190,20230104,9.07,18.028304102458968,1.8423591506153455e-07,4415.0
032190,20230105,9.37,18.249196786421695,7.745487457360306e-08,1306.0
032190,20230106,9.44,21.01487077540114,9.304950304152407e-08,2432.0
032190,20230113,10.41,10.338326737644966,1.9354996995947062e-07,6222.0
032190,20230127,10.99,0.007476805880046733,5.162906864590765e-07,10324.0
032190,20230130,11.1,1.7905575075872315,3.474392613142755e-07,6936.0
032190,20230131,11.0,0.14908286019670314,3.0956832787692003e-07,6936.0
032190,20230201,10.93,0.409806615542041,2.6973958072680593e-07,6936.0
032190,20250509,0.13,-9.49830564509464,4.457389291485203e-07,1508.0
032190,20250512,0.14,-0.705613232447655,5.008333275685465e-07,1941.0
032190,20250522,0.33,-9.995332588433303,2.5658011381193087e-07,703.0
032190,20250526,0.3,-12.354319223232313,2.516845121762988e-07,903.0
032190,20250527,0.3,-9.840531970569222,1.8983125054179942e-07,745.0
032190,20250529,0.42,30.507888616506374,1.2092104869970598e-07,1871.0
032190,20250530,0.4,18.3126558390869,1.4798578758436198e-07,2017.0
032190,20250701,0.96,2.280826017010118,1.402888138834674e-07,5343.0
032190,20260126,0.86,-13.917295543088471,1.8792830827263928e-07,4238.0
032190,20260128,0.91,-10.754207725409316,3.0961851846026157e-07,4206.0
032190,20260129,0.89,-11.978232937029908,2.7943744502427254e-07,4398.0
032190,20260209,0.96,1.075733955811664,4.530063084455789e-08,1484.0
032190,20260223,1.29,19.160531851862505,0.0,0.0
032280,20210419,2.53,6.511307524418375,,
032280,20210420,2.34,-3.978888970218908,,
032280,20210430,2.72,-4.005339876196223,,
032280,20210812,3.32,-2.117822196384811,0.0,0.0
032280,20210823,5.38,-6.211523080254999,4.2737860193162244e-09,752.0
032280,20210903,2.99,-18.182566037989268,2.7610791401052807e-08,1342.0
032280,20210907,2.95,-16.087729324727484,5.2474574382470946e-08,2968.0
032280,20210908,2.93,-10.702680671420506,6.982481325253386e-08,2854.0
032280,20210913,2.62,-11.48106770108689,4.597234420756345e-08,1825.0
032280,20241209,0.0,0.09337068160597539,6.518392557583579e-10,4.0
032280,20241210,0.0,0.0,9.798612772406424e-09,89.0
032280,20241212,0.11,1729.5051353874883,4.209434033750112e-08,238.0
032300,20231206,3.66,2.8960497891163506,3.230606823851303e-08,3089.0
032500,20190715,1.22,1.3663068145665758,,
032500,20190718,1.15,0.3451297246319651,,
032500,20190726,1.07,-8.190825784521582,,
032500,20190731,1.21,4.982490563381514,,
032500,20190814,1.32,13.256389806191082,,
032500,20190823,1.47,17.285284185686976,,
032500,20190829,1.5,4.555494634604851,,
032500,20190830,1.52,5.225036466852018,,
032500,20190902,1.56,2.897196879763775,,
032500,20190903,1.6,10.59600124083886,,
032500,20190904,1.52,2.64148969557485,,
032500,20200902,4.6,30.074160604612477,,
032500,20200904,4.95,27.53261484639293,,
032500,20200907,5.02,21.996565696857083,,
032500,20250709,0.15,-25.69423902883443,5.682991993193114e-07,5443.0
032500,20251029,0.19,-0.769353669177919,5.142048389947502e-08,2330.0
032500,20251030,0.2,5.612581567563613,2.514510535219645e-07,7869.0
032500,20260219,0.12,-9.258024108929419,3.2257560871854707e-07,4534.0
032500,20260220,0.12,-7.7214637909636785,7.564136219666353e-07,4534.0
032500,20260311,0.14,-1.1957730812013345,1.761357441250028e-07,14978.0
032500,20260312,0.14,-2.335553029072601,2.1914166225045873e-07,16102.0
032500,20260317,0.03,-73.78966875144776,2.05070324272615e-07,13500.0
032500,20260320,0.02,-63.60365762254534,2.310489460261366e-07,12456.0
032500,20260415,0.04,8.964696548988504,1.5743213513868872e-07,14102.0
032540,20210602,1.72,0.5189208114337651,,
032540,20210607,2.33,32.76293772061607,,
032540,20220303,5.27,41.1726037268652,5.454178220908462e-08,1634.0
032540,20220331,4.98,1.1112612750077355,1.0769588484485423e-09,237.0
032540,20220401,4.97,-1.9832845316236525,6.202098822201571e-09,1476.0
032540,20230518,2.67,0.48218706274889556,2.116279864938798e-08,498.0
032580,20220329,2.8,3.239471136625993,6.545079389593687e-08,609.0
032580,20230530,4.57,31.402827396009258,6.17525975376815e-10,87.0
032580,20260512,1.69,-5.008365565946149,1.1346558714218122e-07,581.0
032580,20260513,1.4,-21.375922199303965,1.4447810771718062e-08,498.0
032620,20200427,2.62,-7.106961883195762,,
032620,20200515,4.09,-10.166153531495992,,
032680,20210827,5.04,-32.62614356028217,9.848879228048565e-09,1745.0
032680,20210901,7.24,34.6222589669992,6.0330105760100676e-09,927.0
032750,20190820,2.98,-18.70826273298116,,
032750,20190902,2.85,-19.131490755732948,,
032750,20210115,3.28,2.8741359071344785,,
032750,20210118,3.4,3.400199031112505,,
032790,20221026,0.0,,0.0,0.0
032820,20200925,0.01,-62.87980268333653,,
032820,20210607,0.09,437.88677702840795,,
032820,20210608,0.38,1880.6109102100486,,
032820,20240513,2.37,-5.830254579263261,1.6157794386447654e-09,272.0
032820,20240514,2.36,-5.77428762238249,1.1302623837407926e-08,2747.0
032820,20240516,2.91,16.57109324035222,3.95746182866335e-08,7237.0
032820,20240523,3.97,35.87515634337559,6.077952474559546e-09,2237.0
032820,20240528,4.44,6.536203851573941,1.5228353811636694e-08,529.0
032820,20240709,4.93,-4.855935852275229,1.1490055907940246e-08,6008.0
032820,20240715,4.21,-15.95858743655576,2.2060414444639546e-08,7619.0
032820,20250616,5.54,10.199774058260779,2.0949682631344425e-08,14451.0
032820,20250617,5.41,3.231937633493298,2.2761937844465596e-08,14451.0
032820,20250619,5.21,-1.862972471834845,6.008068044351513e-08,35098.0
032820,20250630,1.98,-29.973338704056207,1.5375343824574653e-07,28452.0
032820,20260119,5.53,5.90173074556295,8.377519559326425e-08,33837.0
032820,20260120,4.44,-15.029284682804079,7.680802298481247e-08,33837.0
032820,20260121,4.04,-24.334170978117577,6.877043479571723e-08,50026.0
032820,20260211,1.23,-9.467722696609915,1.440019660110548e-07,83185.0
032820,20260212,1.18,-8.820985175249675,5.675583708376899e-08,83185.0
032820,20260220,1.01,-18.761980602153404,1.1897194783999778e-07,111329.0
032820,20260223,0.99,-19.12997010579143,3.9257978658808276e-08,30307.0
032820,20260310,0.75,-13.138267473930942,1.3067433584053352e-07,213605.0
032820,20260311,0.73,-12.166253726660447,2.1241420142773356e-07,292146.0
032820,20260313,0.71,-5.629691376959379,2.586110067709976e-07,371573.0
032820,20260318,0.66,-9.294560412760532,1.6867628757633236e-07,353786.0
032850,20200129,4.7,2.8021646518194165,,
032850,20200408,4.84,30.12803530582442,,
032850,20200409,4.81,18.10844230388988,,
032850,20200422,6.69,9.955267982399407,,
032850,20200625,10.67,5.684650069594355,,
032850,20240201,6.25,25.03547846358125,6.770604619735283e-09,2449.0
032860,20201023,2.79,0.0,,
032860,20201029,0.11,-95.8121370697118,,
032860,20201030,0.11,-95.9920824052369,,
032860,20201207,0.19,-15.311510031678988,,
032860,20201215,0.1,-51.436403508771924,,
032860,20201217,0.22,448.1524926686217,,
032860,20201221,0.24,356.8825466520307,,
032860,20201223,0.25,40.86014268407592,,
032860,20210105,0.19,-22.934683931387067,,
032860,20210108,0.18,0.0,,
032860,20210204,0.19,38.98484848484849,,
032860,20241022,0.0,,0.0,0.0
032860,20260128,0.02,-36.42890108199579,1.0273005777569905e-07,258.0
032940,20201201,0.71,13.206781650869281,,
032940,20201202,0.73,7.569575929461525,,
032940,20210405,0.62,-20.48656720545331,,
032940,20240521,1.06,33.54021812753134,6.073597189095788e-09,311.0
032940,20240530,3.42,5.7675630263487765,2.2578540330933212e-10,13.0
032940,20250701,5.7,430.99548321423276,1.0905422560772926e-08,2920.0
032940,20251230,6.01,-3.7502319327672007,6.542110467179805e-08,3179.0
032940,20260102,5.67,-5.623237517584889,7.728529924767498e-07,3157.0
032940,20260105,5.06,-14.035737095067391,1.2209808590178314e-08,3078.0
032960,20210113,3.29,-7.340189222542159,,
032960,20210120,3.53,6.961856731896154,,
032960,20210520,1.98,-19.84872136265553,,
032960,20210521,1.92,-20.3235865152674,,
032960,20230209,1.89,20.42824982985183,2.493103235752306e-07,387.0
032960,20230210,1.93,56.201876272236476,2.5919382949908415e-07,387.0
032960,20230215,2.02,13.901719370336618,1.4665896218252002e-07,173.0
032960,20251021,0.44,0.2530253025302631,2.2415258702120458e-08,159.0
032960,20251022,0.43,-0.9075408393377726,5.4871211161653826e-09,155.0
032980,20201027,0.39,-5.553776900021989,,
032980,20201109,0.35,-13.769322420022744,,
032980,20230629,0.52,-13.747537004736776,8.13974237979571e-08,541.0
032980,20230630,0.5,-19.688963916438063,2.205118649657425e-07,1043.0
032980,20230801,0.32,-0.022765153055004372,4.5546346873612e-08,401.0
033050,20191105,0.74,2.8442681595099772,,
033050,20191111,0.8,2.8204480540929167,,
033050,20200221,0.97,235.38023672243403,,
033050,20200304,0.26,-59.088738135094154,,
033050,20200311,0.65,143.8409575191549,,
033050,20210622,1.04,-9.846653920699744,,
033050,20210630,1.38,23.773281339478068,,
033050,20210713,1.58,110.7819124264592,,
033050,20210804,1.98,11.781426416720532,3.026876219772325e-08,650.0
033050,20210810,1.9,-6.2258120820719025,8.006384298076696e-08,1770.0
033100,20210405,4.79,2.1852986826919274,,
033100,20210406,4.8,2.013046056532919,,
033100,20220826,6.87,-8.233298386868992,1.2500351574593773e-07,7084.0
033100,20220908,7.3,-4.007232622070955,4.0956685779074584e-08,2638.0
033100,20221116,6.15,-3.340980379315639,1.9024938743824106e-07,4368.0
033100,20230302,7.02,-7.455756965479687,1.9307995388036115e-07,4928.0
033100,20230303,6.94,-8.26809127455046,5.449640708752762e-07,6161.0
033100,20230403,6.0,-3.366036436022679,1.53428981092094e-07,1938.0
033100,20230412,6.02,-2.40084937324474,1.1621538456892996e-07,2611.0
033100,20230413,6.05,-2.597574037460515,2.190068216447792e-07,2611.0
033100,20230414,5.5,-8.794991659291052,2.2064251694195124e-07,2953.0
033100,20230630,5.74,0.06121157754694906,2.155880277817895e-07,4531.0
033100,20230703,5.83,3.2636225725815704,1.735993779393682e-07,4531.0
033100,20230711,5.64,4.317632295075935,1.012152003738351e-07,891.0
033100,20230808,6.22,6.63324342973175,1.2096700409507054e-07,2563.0
033100,20230811,6.17,2.126192308996755,1.4286247859992658e-07,7110.0
033100,20240306,5.13,-10.81670785886656,5.515873270791394e-08,12920.0
033100,20240308,3.67,-34.61791649454703,1.2882721128155152e-07,16172.0
033100,20240327,4.53,2.206975687216284,4.559258201907246e-08,6439.0
033100,20240328,4.54,0.08227303953631804,9.397384998078056e-08,5671.0
033100,20240329,4.86,9.5256274183241,3.9472426366748366e-08,17294.0
033100,20240404,3.91,-13.65801728779702,1.3480013329409738e-07,24054.0
033100,20240424,3.81,-1.036089565155618,8.281939981935562e-08,24804.0
033100,20240621,3.42,-4.4258190959646,8.503526486098453e-08,36039.0
033100,20240627,3.54,4.541735235379085,2.1337072156426646e-07,51004.0
033100,20240709,3.47,-3.7759046116175643,2.8827844358525556e-07,30255.0
033130,20200807,8.28,6.842272649310921,,
033130,20200810,8.44,10.155564663164295,,
033130,20200812,9.52,22.204549668067088,,
033130,20210614,8.61,-2.1693564937708354,,
033130,20210615,10.16,16.529661159579522,,
033130,20260105,2.13,5.104605280580499,1.7559004007697802e-07,360.0
033130,20260114,1.86,-16.999414913004273,2.8341187160282883e-07,406.0
033130,20260220,1.63,29.583166349753153,3.4585197852974596e-07,812.0
033130,20260224,1.63,30.050006114003637,2.150943900038227e-07,227.0
033130,20260303,1.78,11.402629532289211,1.449619916711358e-07,149.0
033130,20260305,1.72,-5.770973560336101,1.983675672871537e-07,547.0
033130,20260306,1.73,-5.008021244903094,2.07460790807264e-07,594.0
033130,20260310,2.82,58.3249202196086,3.6051111351235456e-07,522.0
033130,20260311,3.1,77.16554323704597,1.7278780410515925e-07,383.0
033130,20260313,2.86,65.11313274851358,2.3580627464897349e-07,351.0
033160,20200714,8.0,-1.4730705956068957,,
033160,20200715,8.28,2.981557820664449,,
033160,20200807,8.23,-0.12598847041549455,,
033160,20200810,8.19,-5.257073925415778,,
033160,20210217,8.72,-0.3811182644202882,,
033160,20210610,8.29,15.267266547659176,,
033160,20210617,8.59,3.6661126610735284,,
033160,20210628,9.16,8.862685473150878,,
033160,20210629,9.29,6.470946561737412,,
033160,20210728,9.5,-4.45981111919318,1.8560187862493575e-09,466.0
033160,20210730,9.68,-1.8481278213275054,2.2186111854510733e-08,3779.0
033160,20210802,9.35,-4.755505409519223,3.269052046397257e-08,4540.0
033160,20210803,8.94,-8.125785145205677,4.477344111607408e-08,4325.0
033160,20210826,9.2,11.328447692673361,2.111220368335427e-08,8814.0
033160,20230412,5.26,6.952937614977994,1.601293147360287e-08,1405.0
033160,20260311,4.24,8.267056739013046,1.5051876567649104e-07,11779.0
033160,20260312,3.75,-10.989594382725954,2.6318553111818895e-07,11151.0
033160,20260313,3.11,-27.08854812931162,3.087522901795169e-07,10793.0
033160,20260316,3.44,-15.84674916326605,2.416943287949634e-07,10793.0
033160,20260319,3.02,-19.3767788381048,0.0,0.0
033160,20260408,1.72,-15.536582861286274,4.975437255024297e-08,3652.0
033160,20260414,2.93,66.92354838630908,5.120137769634677e-08,5268.0
033160,20260423,2.19,-24.836172809942937,4.1732939922183435e-08,2094.0
033170,20210125,2.23,-0.3353928173876364,,
033170,20210126,2.29,2.430779229219482,,
033170,20210215,1.13,125.19366083532373,,
033170,20211229,1.64,2.3907916032073873,2.7067123733081456e-07,9301.0
033170,20211230,1.79,12.088922953413682,5.116520918460632e-07,9533.0
033170,20240222,5.24,6.588713307588434,0.0,0.0
033200,20201014,0.01,-53.84074529794341,,
033200,20260224,0.0,,0.0,0.0
033230,20200221,0.71,239.03304178814383,,
033230,20200408,0.79,97.45347195481966,,
033230,20200409,0.87,49.43664104459666,,
033230,20230508,2.09,-4.155685606891401,1.3665198209084657e-08,1677.0
033230,20230602,4.85,4.6300137191696455,0.0,0.0
033230,20230619,8.42,-2.428016326896898,5.043316508896015e-08,2829.0
033230,20230620,8.45,-14.464836705864403,1.560150690534496e-08,2829.0
033230,20240219,4.56,19.17472770887969,4.0730238276957293e-10,235.0
033290,20210715,1.66,39.37610041970705,4.047613418913139e-09,1019.0
033290,20211019,2.09,3.940268800472846,9.76522714397193e-08,7216.0
033290,20211020,1.91,-7.929827933315591,1.0290663318909978e-07,7575.0
033290,20230830,1.46,4.702078104883145,6.226136543088637e-08,1053.0
033290,20230918,1.81,9.897505172620157,0.0,0.0
033290,20231016,1.6,1.7780553195020365,1.5437547574957917e-07,1240.0
033290,20231018,1.63,2.2097472980284083,1.50774169088856e-07,1948.0
033290,20231019,1.7,8.344648835296642,1.4644157209570683e-07,1662.0
033290,20231123,1.91,-1.5126859329869013,4.871863612993846e-07,3279.0
033290,20231128,1.93,-0.6210856463615744,2.6513618907192617e-07,1788.0
033290,20231129,1.96,-0.09986094077041319,2.0374204722602549e-07,1788.0
033290,20231130,1.86,-2.7713982630229173,1.734371630587137e-07,3129.0
033290,20231201,1.95,-1.1620647028329545,1.560321599031092e-07,4451.0
033310,20191118,6.96,0.5773921493314349,,
033310,20200219,6.85,6.736913076795603,,
033310,20200619,3.53,2.960137189675849,,
033310,20200909,5.26,2.5714318604649122,,
033310,20200910,5.25,1.8978770615220686,,
033310,20200911,4.96,-3.87928875752227,,
033310,20200914,5.89,13.808489253470624,,
033310,20200921,4.89,-16.941918007700664,,
033310,20200929,4.13,-13.96710308644893,,
033310,20201005,3.97,-13.867794388808319,,
033310,20201014,3.43,-7.289076892258417,,
033310,20210408,5.1,7.270824541516618,,
033310,20210416,4.63,-10.502430864542255,,
033310,20210423,4.21,-8.8612983741165,,
033310,20210527,3.2,3.9885703283623952,,
033320,20200827,6.45,-5.434696834229335,,
033320,20201005,7.39,-12.015075186310476,,
033320,20241202,5.93,64.47250270830797,1.6082886533637358e-09,268.0
033320,20250107,7.23,-6.629460156810119,2.8941688468277162e-09,670.0
033340,20240725,0.0,,0.0,0.0
033340,20250804,2.97,32.9400819493656,5.995447765260141e-08,4405.0
033340,20250805,3.3,56.08234314410294,1.1104081968016253e-07,5093.0
033340,20250808,3.61,44.47965104316695,9.957881872618056e-09,1386.0
033340,20250812,3.73,12.854568238501841,0.0,0.0
033500,20190920,0.98,7.019092727583653,,
033500,20210329,3.48,20.74895740366134,,
033500,20220823,2.98,8.659024201412201,1.7219769893623802e-07,3300.0
033500,20230714,2.41,-5.4039152247470135,2.6144475056828527e-07,1977.0
033500,20230717,2.46,0.25429580195734935,1.072707781853286e-07,1977.0
033500,20230719,2.59,13.333935707269596,3.749491269213326e-08,298.0
033500,20250110,2.75,-6.509313519829297,2.6116852654236626e-07,1818.0
033500,20250114,2.72,-2.0782758291121084,7.716305355892439e-08,773.0
033500,20250115,2.74,1.801157270066267,7.808262922559435e-08,906.0
033500,20250117,2.78,0.7837607002576741,1.6559617132153742e-07,10921.0
033500,20250121,3.46,27.135195279902003,3.622627278035519e-07,12623.0
033500,20250122,3.45,25.84662845039942,2.5673179875631626e-07,17557.0
033500,20250217,3.76,4.961706107036989,9.664755476941895e-08,3906.0
033500,20250225,4.06,10.544948231998807,5.8034833880319303e-08,2777.0
033500,20250312,4.06,0.2619463211286144,7.569349757461278e-08,7115.0
033500,20250605,3.14,0.06349743893663273,3.159160245669573e-07,9126.0
033500,20250908,2.75,-6.733839718260115,3.18190692498353e-07,5262.0
033540,20200407,1.93,14.594282494443544,,
033540,20200408,1.95,2.4987619993786847,,
033540,20200409,1.98,6.723966315390317,,
033540,20201116,3.38,32.765420632005046,,
033540,20201117,3.45,39.29401331638751,,
033540,20201118,3.3,27.367956451375598,,
033540,20201124,2.84,-17.63545338946264,,
033540,20201125,2.75,-16.70623651633678,,
033540,20210107,3.48,11.635519749441059,,
033540,20210108,3.5,15.44148752440202,,
033540,20231204,2.6,28.443781247596345,3.6039415836860154e-07,899.0
033540,20231206,3.23,48.82875531336155,2.974475311115186e-07,880.0
033540,20231213,3.66,13.371174514471761,1.4854446345947544e-08,274.0
033540,20240220,3.4,-53.16816898179122,0.0,0.0
033540,20240227,3.04,-10.650315633707475,1.8552800548341164e-07,988.0
033560,20200604,1.5,22.166506664285237,,
033560,20200605,1.46,6.683608131903318,,
033560,20200630,1.88,17.03277188093384,,
033560,20200703,1.94,9.773422270386089,,
033560,20200706,2.01,20.712047755680874,,
033560,20200717,1.88,-5.89083854942325,,
033560,20200727,2.37,27.1106792216538,,
033560,20200729,2.54,14.079647242599801,,
033560,20210602,1.07,-3.287181821780616,,
033560,20210603,1.06,-1.4438954326375986,,
033560,20210604,1.07,3.735155152598657,,
033560,20210607,1.07,-1.206679253114129,,
033560,20210723,1.07,3.1799322205682046,5.572003559459815e-07,1464.0
033560,20260413,0.36,-13.749761690769946,1.320421747888308e-07,212.0
033640,20201230,4.81,-6.474126282208137,,
033640,20250827,0.2,0.5130761720778532,3.1840572960822405e-07,1826.0
033640,20250915,0.15,0.5533845629311029,4.082748636409672e-07,1369.0
033640,20250916,0.14,-10.17734784361145,2.1393291248515094e-07,621.0
033640,20250922,0.16,3.560250391236308,2.931649437577126e-07,1396.0
033640,20250923,0.17,16.115099842943682,4.0174591580418315e-07,1396.0
033640,20251002,0.16,-7.381287079173715,3.017121990685119e-07,2460.0
033640,20251010,0.15,-14.433180576771743,5.068350183529481e-07,1889.0
033640,20260129,0.15,-9.219223696635359,2.2274912760703722e-07,3345.0
033640,20260320,0.46,-0.7665308794646108,3.2287267347002704e-07,8048.0
033640,20260407,0.51,10.604325522069846,1.222473716800334e-07,3107.0
033640,20260408,0.45,2.469412624908607,8.245040065465366e-08,1306.0
033640,20260410,0.67,54.8922056384743,1.9762573340603574e-07,5113.0
033640,20260424,0.98,-5.097556908196443,1.6736172273629724e-07,10488.0
033790,20230330,0.0,,0.0,0.0
033790,20230406,0.01,,6.5155629298802815e-09,183.0
033790,20240507,0.0,-100.0,1.044246673416361e-09,12.0
033790,20240517,0.0,,1.8690180975603795e-08,361.0
033790,20240621,0.01,,4.8696187904406107e-08,3163.0
033790,20240719,0.17,290.4931317323846,7.034116719691919e-08,5890.0
033790,20240801,0.22,-2.223483773299273,1.995066524576954e-07,9874.0
033790,20260403,1.1,91.99017812340007,1.574899280432778e-07,17749.0
033790,20260507,0.19,-33.39452699214044,4.196955355445883e-07,21523.0
033790,20260508,0.18,-28.311145399741644,3.4364870281525194e-07,22898.0
033830,20190923,2.12,-5.082554875339229,,
033830,20210312,2.32,12.809196054094674,,
033830,20210407,3.93,-6.745465029132025,,
033830,20210907,3.94,17.54561131173038,9.600042385415938e-11,20.0
033830,20211015,3.18,65.19932216831788,6.920792672601047e-10,191.0
034230,20200110,1.44,-1.3207063251350237,,
034230,20200113,1.49,0.9834597263397082,,
034230,20210304,1.59,-12.306843001606838,,
034230,20210526,1.64,1.2414471727041798,,
034230,20210527,1.58,-3.640337544453043,,
034230,20210531,1.52,-0.7369155776794978,,
034810,20210325,1.99,7.981480951075515,,
034810,20210326,2.03,9.131765078257192,,
034810,20250709,1.51,0.2737560916302728,5.122214820199721e-07,627.0
034810,20250910,1.57,4.507775278528792,1.8342632742423196e-07,220.0
034950,20200506,0.07,60.32513181019332,,
034950,20200518,0.05,-5.430510896748841,,
034950,20200521,0.11,93.50089766606821,,
034950,20200807,0.03,15.946843853820592,,
034950,20200810,0.07,95.65689467969598,,
034950,20200813,0.06,28.501628664495104,,
034950,20200914,0.02,-19.761499148211247,,
034950,20201126,0.06,33.1887201735358,,
034950,20201130,0.11,89.00169204737733,,
034950,20201201,0.11,81.42589118198875,,
034950,20201224,0.15,-7.494944388270985,,
034950,20201228,0.15,-6.809567376813486,,
034950,20250612,0.0,41.49377593360997,4.40071876272179e-07,1787.0
034950,20260212,0.01,21.45328719723183,3.6639487919929955e-07,890.0
034950,20260213,0.03,81.63972286374135,1.0083631566272255e-06,1410.0
035080,20210113,3.3,-10.153314435223082,,
035080,20210114,3.33,-8.985594493784909,,
035080,20210126,6.05,-10.03759112584709,,
035080,20210217,5.0,34.3282782963914,,
035080,20210602,8.04,15.052799741015587,,
035080,20210603,7.93,12.615962279894411,,
035080,20210713,6.21,0.3461723720229237,,
035080,20210714,6.13,-1.9083640638018817,,
035080,20210715,7.77,22.416858065116863,0.0,0.0
035080,20220520,10.43,-66.99963068057532,1.8744993596413852e-08,136.0
035080,20220523,6.23,-80.23082844263251,2.1525182617673917e-07,1580.0
035080,20250710,1.83,-15.107523440211034,6.365720929963472e-07,691.0
035080,20250711,1.79,-17.121360021200015,5.882340605136562e-08,691.0
035200,20200722,5.02,197.1184391950581,,
035200,20200723,5.59,226.38379919043854,,
035200,20200727,7.74,218.79139843161806,,
035200,20210427,3.88,5.658584963742386,,
035200,20210602,8.39,5.887365714988757,,
035200,20210615,8.31,-7.710848041718332,,
035200,20250310,1.99,9.056775835087748,8.773483368977374e-08,819.0
035200,20250401,2.15,3.6246021657946326,3.507113159907958e-08,279.0
035200,20250403,2.39,20.202755742852418,1.8861059642135547e-08,279.0
035290,20230308,0.67,-2.8370385854462277,3.051987733709032e-07,1031.0
035290,20230309,0.67,-4.207735871791785,3.905019298155205e-07,1093.0
035290,20230421,0.5,-10.036169067973933,4.697429101496265e-07,740.0
035290,20260205,0.0,,1.5316285656537813e-08,31.0
035460,20210702,3.29,53.32792855478563,,
035460,20220426,8.23,0.5748060249521014,7.343838374901155e-09,640.0
035460,20220504,2.04,-74.0091278446231,6.365112796410601e-09,1266.0
035460,20220513,6.69,228.17262809561606,9.745764711597255e-09,1716.0
035460,20250613,0.0,0.2766251728907321,1.4522241005631213e-07,245.0
035460,20260311,0.0,0.0,8.021215221967443e-08,612.0
035460,20260312,0.0,0.0,5.46668930233267e-08,606.0
035460,20260408,0.07,42.531046717918386,6.005350169026502e-08,469.0
035460,20260409,0.0,-85.12123004139562,1.0114567085995095e-08,297.0
035460,20260410,0.0,-83.79657007687759,2.546731701076037e-08,435.0
035460,20260413,0.02,-51.24778237729155,1.3689091481680299e-08,685.0
035460,20260414,0.03,-47.32252867026821,9.424971376893372e-09,685.0
035600,20200204,2.98,5.623679928089609,,
035600,20200210,3.22,10.358735187140677,,
035600,20200211,3.15,5.318762385823317,,
035600,20200219,3.02,-5.932346647804865,,
035600,20200220,2.99,-4.626778379105567,,
035600,20200423,2.9,-2.6154945895831228,,
035600,20200514,3.08,-4.983610892283618,,
035600,20250624,4.09,14.995638763564045,2.571983636836697e-08,306.0
035600,20250711,4.53,6.053057084534008,6.899795567337095e-08,1725.0
035610,20201006,2.58,35.11047060956871,,
035610,20201203,3.23,12.57440921090296,,
035610,20210225,5.95,-13.645017880859655,,
035610,20230130,2.41,7.803527130328991,9.420503147786738e-09,1015.0
035620,20200212,4.32,74.17387379069076,,
035620,20200213,4.45,55.331794969015476,,
035620,20211222,0.24,14.27001305165081,1.7598217503228864e-09,81.0
035620,20250620,0.0,,4.831188172372658e-10,4.0
035760,20210617,1.07,-2.1882920195339106,,
035760,20210618,1.02,-6.330288915778482,,
035760,20210623,1.01,-6.207360390088068,,
035760,20210624,1.01,-5.973161431671192,,
035760,20240527,0.58,-3.099948959678145,2.1135047738299366e-07,5125.0
035810,20200608,2.12,-7.924149463227847,,
035810,20200609,3.49,52.426188624077,,
035810,20250529,1.86,7.936096386490088,2.2121810761991131e-07,438.0
035810,20250604,1.98,5.696357729349932,6.123480515933493e-07,975.0
035810,20250613,1.95,0.6823396275065452,3.383130857369125e-07,508.0
035810,20250616,1.84,0.007842790431467073,3.1475888222754356e-07,388.0
035810,20251110,1.89,3.168187371955722,5.698737323770397e-07,2149.0
035810,20251120,1.77,-1.8684438600161335,5.369797875304362e-07,1244.0
035810,20251203,1.74,-0.884152417306594,3.434634459231481e-07,734.0
035810,20260112,1.93,2.5302226970116193,5.235654162806104e-07,989.0
035810,20260126,1.92,1.2956263156353565,3.1306438602326143e-07,1076.0
035810,20260130,1.72,-10.90701903028667,9.35421637399633e-07,1336.0
035810,20260204,1.72,-5.8387066645013475,6.957190877879806e-07,1415.0
035810,20260219,1.65,-3.023434881466791,1.9998058720556678e-07,327.0
035810,20260220,1.63,-4.977888507135675,2.1620769309230798e-07,506.0
035810,20260223,1.64,-4.984001562824747,6.155566877650774e-08,620.0
035810,20260224,1.64,-3.1899291683870956,1.1435197942055449e-08,1444.0
035890,20201116,0.6,-3.5651688943393878,,
035890,20201117,0.6,0.8526322285205001,,
035890,20201118,0.57,-0.9304047688592498,,
035890,20201230,0.51,-6.899768832054454,,
035890,20210104,0.49,-8.223452230903948,,
035890,20210105,0.52,-6.132268411874875,,
035890,20210409,0.4,2.753780574554221,,
035890,20210507,0.65,3.2733500958723294,,
035890,20240821,0.35,10.609890562223256,5.805580363370245e-07,1037.0
035890,20240826,0.36,0.3116224468071138,3.9750648647857454e-07,776.0
035890,20240919,0.19,-15.261397106761187,2.1634659635530612e-07,263.0
035890,20241010,0.14,-29.875398316015545,0.0,0.0
035890,20250418,0.06,10.801852046722082,3.293083276687564e-07,336.0
035890,20250421,0.06,10.861829486077124,3.0135610774873144e-07,458.0
035890,20250529,0.11,22.57435397367138,3.3232635249522614e-07,419.0
035890,20260504,0.03,-60.29549112207477,0.0,0.0
035900,20200708,3.1,24.516063497796313,,
035900,20200717,3.22,1.1216868277909464,,
035900,20200720,3.19,2.7447315672571637,,
035900,20200810,2.98,3.5195971913507096,,
035900,20200903,3.03,-6.741638986527077,,
035900,20200904,2.98,-7.208519230483967,,
035900,20211020,2.91,0.5185930697635399,1.5428298018063477e-07,37249.0
035900,20211026,2.59,-11.86703693163913,6.143292441890344e-07,48705.0
035900,20211027,2.64,-9.279494777825548,3.8749071965908406e-07,20998.0
035900,20211117,2.62,2.556979330215148,1.9505726245437747e-08,2054.0
035900,20220330,2.4,2.15859939195735,2.193562802530674e-07,22038.0
035900,20220401,2.34,1.981794392340852,3.2292225601710044e-07,16370.0
035900,20220408,2.36,1.0287895924217194,2.181638927652557e-07,13807.0
035900,20230127,0.79,-12.139306254604431,6.756912513625491e-07,23546.0
035900,20230131,0.89,4.414139835365227,9.280499428371606e-07,25499.0
035900,20230222,0.84,14.900714793042468,4.3302659333661733e-07,33029.0
035900,20230228,0.87,-2.7514128330915155,6.37435740567552e-07,22009.0
035900,20230414,1.51,2.1577654829253223,2.373081732859993e-07,22527.0
035900,20230417,1.61,11.253891527176062,4.4268318106324423e-07,19431.0
035900,20230502,1.63,-3.268294949843653,1.1423730301890131e-07,8090.0
035900,20230516,1.78,4.66385344948137,2.2486043014715804e-07,83591.0
035900,20230517,1.85,9.709705056086504,5.647313570281512e-07,98127.0
035900,20230530,1.29,-23.70112994163237,1.8759354094857531e-07,18722.0
035900,20230601,1.65,13.265090064945317,2.260336916104376e-07,22021.0
035900,20230609,1.84,11.510839049127508,3.7759350765953246e-07,30822.0
035900,20230614,1.85,1.4847117114059838,4.79068871310238e-07,39955.0
035900,20230620,1.76,-7.629273391349278,5.667795356679706e-07,28942.0
035900,20230725,1.69,7.768672926821862,1.6122831385324354e-07,31265.0
036000,20210531,0.63,-21.408073464702504,,
036000,20210602,0.63,-12.274526535352814,,
036000,20241010,0.0,,0.0,0.0
036000,20241011,0.0,,1.0897077267754132e-10,3.0
036000,20241014,0.0,,1.2361280896042478e-09,79.0
036000,20250611,0.1,0.017045938805071437,2.2208012280729536e-08,506.0
036000,20250625,0.71,9.899242673691134,9.09012254650781e-08,186.0
036000,20250702,0.59,-16.44695053990245,3.709325623562341e-08,50.0
036010,20200220,3.89,40.588227321397106,,
036010,20201008,2.9,-19.132148662008408,,
036010,20210125,3.92,-3.0927356803016504,,
036010,20210805,4.6,-3.3820106886528367,4.057262843692493e-09,385.0
036010,20211027,7.61,8.478712913736919,2.2099405465962353e-07,1086.0
036010,20211028,7.79,11.317345844907178,9.981788720085142e-08,1092.0
036010,20220513,7.41,1.24210161418854,7.216109850676592e-08,5335.0
036010,20230526,9.02,12.45514208440406,1.4181570196199447e-08,1234.0
036010,20230703,8.1,-3.3603986521453244,1.8895779905583226e-07,5709.0
036010,20230704,7.93,-7.708202891352178,2.2398292922774734e-07,6252.0
036010,20250915,2.69,-1.8060805258833246,3.513859390696849e-07,524.0
036010,20250916,2.76,3.0943560688603267,1.5763202520103512e-07,1032.0
036010,20250918,3.22,14.98659754811602,5.86505388713077e-07,858.0
036010,20250919,3.08,13.23785717245094,7.527036503218867e-07,858.0
036010,20250922,3.14,16.616737237312627,3.176107267597547e-07,610.0
036010,20251001,3.54,4.605803236642303,2.5696498947669965e-07,407.0
036010,20251002,3.59,3.609363408477928,3.0797016504582087e-07,608.0
036010,20251010,3.54,-0.7198023379919483,1.8419079652972195e-07,379.0
036010,20260325,3.48,3.481931065204069,8.511195819168828e-08,1674.0
036010,20260506,3.31,10.20007100745579,2.572519922267512e-07,1175.0
036030,20200213,0.39,0.3944199950178584,,
036030,20210112,2.27,23.74916468581507,,
036030,20210216,2.46,43.602177332816,,
036030,20210217,2.26,13.525929420829797,,
036030,20230130,1.17,17.474243302043124,1.980161228030127e-08,247.0
036030,20250716,0.82,6.02137541384582,1.462446294188955e-07,206.0
036030,20250922,0.53,-2.1785737967008223,2.4986903279534227e-07,394.0
036090,20201119,3.94,-13.601196961567108,,
036090,20210104,3.1,199.60255693239986,,
036090,20210106,5.23,123.63022538583466,,
036120,20200629,2.34,13.361495480846886,,
036120,20220929,4.4,12.74938821994529,5.048344516286423e-09,893.0
036120,20221011,1.39,-66.89325987868261,1.0733529745918936e-08,2392.0
036170,20260108,0.03,0.0,1.5306612876340388e-08,26.0
036170,20260109,0.03,0.0,4.1825501128786625e-08,115.0
036170,20260112,0.03,0.0,2.8376087561188404e-09,114.0
036170,20260223,0.0,4.53514739229024,2.3608007024576245e-08,333.0
036170,20260224,0.0,4.53514739229024,5.5459485073273774e-09,219.0
036170,20260309,0.0,-79.27027364738223,9.342480091002539e-08,1363.0
036170,20260310,0.0,-83.51868049481445,6.103205676815169e-08,2129.0
036170,20260312,0.02,5931.939163498098,1.1700991419917999e-07,2782.0
036170,20260313,0.02,4769.847328244275,1.9756126109915508e-07,2608.0
036170,20260417,0.03,254.08417308832244,9.612229136819735e-08,9103.0
036170,20260508,0.0,-88.94918933586595,1.1172144804476317e-07,9020.0
036180,20210616,,,,
036180,20210617,,,,
036180,20210618,,,,
036190,20210419,0.07,-10.162287480680066,,
036190,20210607,0.29,19.812574770703172,,
036190,20250616,0.38,62.4393288032173,1.0931467175202164e-07,400.0
036190,20260220,0.25,-3.1462060456508345,7.695915549145576e-08,112.0
036190,20260223,0.22,-17.61682242990654,2.3021118508327017e-08,27.0
036190,20260320,0.16,9.12303244458721,4.1880730163952256e-08,156.0
036190,20260323,0.15,-4.49776669782902,3.672017549765276e-08,160.0
036200,20200117,5.96,9.17723237922079,,
036200,20200122,5.76,2.9145537326092263,,
036200,20200214,6.82,4.764742049466419,,
036200,20200804,5.75,6.72588134042249,,
036200,20201217,5.35,-1.914792394247633,,
036200,20210115,5.82,10.380206492786437,,
036200,20210118,5.9,8.738321515301028,,
036200,20210119,6.07,10.751004418789979,,
036200,20210120,6.02,10.633957714623342,,
036200,20210121,6.53,16.116762443229216,,
036200,20210122,6.17,5.83303348135964,,
036200,20210405,6.24,0.9109451786194267,,
036200,20210407,6.09,-1.5117228778202096,,
036200,20230717,3.62,-4.8129099875222074,3.4220180841188555e-08,3470.0
036200,20240417,5.81,-2.6084592006447416,1.4348152184478255e-08,4677.0
036200,20250915,4.15,-0.9278868909066484,6.214310203832074e-09,410.0
036200,20250924,4.35,-1.3898463205348266,2.2108157017377582e-07,5275.0
036200,20251001,4.01,-7.7936959748276085,5.270063816713416e-08,764.0
036200,20251002,4.03,-4.666954907296727,1.0186010905575465e-07,3943.0
036200,20260506,4.58,16.81140621151187,1.455065268073156e-07,3071.0
036220,20250611,1.03,2.294329059916156,1.2544981509374875e-07,523.0
036420,20190802,8.65,-73.98497964082837,,
036480,20230512,1.53,-1.644531973270047,0.0,0.0
036480,20230515,2.07,34.22954267878953,0.0,0.0
036490,20200714,,,,
036490,20200715,,,,
036490,20200716,,,,
036490,20200717,,,,
036490,20200720,,,,
036490,20201202,,,,
036490,20201214,,,,
036490,20201215,,,,
036490,20201216,,,,
036490,20201217,,,,
036490,20210719,,,,
036490,20210720,,,,
036490,20210721,,,,
036490,20210722,,,,
036540,20191031,3.08,6.426527096988188,,
036540,20191119,2.89,-0.9901561228810363,,
036540,20191216,3.03,5.977523004978136,,
036540,20191227,3.98,14.335801251969738,,
036540,20200120,3.14,14.149931605693933,,
036540,20200123,3.07,-1.2722288495469303,,
036540,20200130,3.48,13.733067458913784,,
036540,20210126,4.24,2.5570301620865266,,
036540,20210215,3.73,27.520707059813198,,
036540,20231212,2.55,-1.7953043512413336,1.3394659517875294e-08,4808.0
036540,20240124,4.2,-4.28553302789878,9.226019764336259e-10,647.0
036540,20250919,2.18,2.873191013719456,4.497473707036369e-08,1424.0
036540,20260105,2.21,-0.99880355621913,4.872990171947498e-08,3720.0
036540,20260129,2.5,-9.2492119926175,8.800468847616612e-08,6987.0
036540,20260130,2.39,-11.811557473087275,1.1767212385940011e-07,24534.0
036540,20260226,2.6,-2.2695786583126987,4.389843447533601e-08,19721.0
036540,20260424,2.25,2.0916899397899646,1.3914599879286986e-07,61538.0
036560,20200908,2.86,14.16348157349061,,
036560,20210423,3.11,16.095328902695538,,
036560,20210622,2.75,-6.580810392132852,,
036560,20210623,2.75,-6.7677768952280175,,
036560,20221027,2.7,-5.34897863160605,2.869396907770793e-07,1779.0
036560,20221109,3.0,-8.2816924290953,1.7593792596919386e-08,571.0
036560,20221125,4.29,-3.818542909099687,3.7265497999150085e-08,4056.0
036560,20240920,2.51,3.8252684928200775,0.0,0.0
036560,20240923,2.49,2.317775767218877,0.0,0.0
036560,20240925,2.05,-15.571996801187538,1.2292668218549174e-08,475.0
036560,20240926,2.0,-16.977546316955493,7.91710801245041e-09,475.0
036560,20241004,1.39,-31.525705989964614,4.7350160445766516e-08,6854.0
036560,20241007,0.63,-68.15741548734681,5.479251307410898e-08,6854.0
036620,20210427,0.1,-14.41631927341751,,
036620,20210428,0.08,-12.243293701483736,,
036620,20210429,0.06,-38.23607855247828,,
036620,20210503,0.06,-39.92054913741069,,
036620,20210510,0.05,-40.63477354338006,,
036620,20210630,0.11,5.145827175091133,,
036620,20211013,0.07,-1.7518248175182438,1.6513576826978654e-07,3637.0
036620,20211015,0.06,-10.396190476190482,3.4746788334869194e-07,5858.0
036620,20211020,0.05,-15.49034175334324,5.599692860130694e-07,4007.0
036620,20230404,0.1,25.5897553986286,2.505820241700749e-07,1909.0
036620,20230405,0.11,44.91264787330431,2.255315753676191e-07,3144.0
036620,20230412,0.2,62.29492316498613,2.951480191116272e-07,1299.0
036620,20230413,0.18,16.470515743422265,2.2576656014878084e-07,1194.0
036620,20230418,0.23,17.5273165924402,2.9591492798562785e-07,1005.0
036620,20230419,0.27,32.15188774458202,1.6867876366458818e-07,1330.0
036620,20230511,0.24,-9.112190480959415,2.0343599892242099e-07,1449.0
036620,20230525,0.4,-19.459027942879704,3.2706680758149224e-07,3339.0
036620,20230602,0.32,-20.275038794119006,2.3583621205971487e-07,1786.0
036620,20230605,0.39,7.9556669838641625,1.3255733690791557e-07,2280.0
036620,20230609,0.71,116.90701193542243,2.459133669847998e-07,4839.0
036620,20230707,1.25,28.708068368785323,2.528736812393348e-08,923.0
036620,20250523,2.04,5.3736327623271185,1.2378512278255525e-07,4973.0
036620,20250526,1.96,-1.7856510205316312,2.8765947694733475e-07,5320.0
036620,20250613,3.05,12.982964754525295,2.2063332358719198e-07,1884.0
036620,20250616,3.02,9.64525306646593,6.520580220447426e-08,800.0
036620,20250626,2.88,-2.8664567314026224,3.2283110922348756e-07,2819.0
036620,20250630,3.0,2.8513286155017026,2.8739488374681874e-07,1871.0
036620,20260210,1.12,-17.42518012899548,4.3884042556753313e-07,7705.0
036630,20201120,0.46,-24.975479425474624,,
036630,20201203,0.58,12.759965434240295,,
036630,20210216,0.66,20.629089568516434,,
036630,20210217,0.72,32.38133045447118,,
036630,20220525,1.8,-51.798762860225246,1.071600960298055e-08,38.0
036630,20240110,0.01,92.66783050309475,1.7922364462336027e-08,126.0
036630,20240111,0.0,-50.166640215838754,1.3467593687775124e-09,126.0
036630,20250430,0.02,0.0,0.0,0.0
036630,20250502,0.0,-80.00357717760687,0.0,0.0
036630,20250527,0.0,0.0,3.4261416768576645e-09,42.0
036630,20250602,0.0,0.0,8.615806129588544e-09,151.0
036630,20251112,0.0,,5.748840846847947e-10,2.0
036630,20251113,0.0,,1.053625536005651e-09,2.0
036630,20251211,0.0,-100.0,3.582979446962884e-07,727.0
036630,20251217,0.0,,2.1141542476520193e-07,696.0
036640,20200526,3.98,17.706167706167708,,
036640,20200527,4.02,17.92385809511028,,
036640,20201119,2.17,-34.321565495798254,,
036640,20201215,2.01,-14.779584397396818,,
036640,20201216,1.96,-16.699427399367572,,
036640,20201229,2.35,20.758716422390066,,
036640,20210104,3.34,40.83926023968565,,
036640,20210126,4.11,2.935014966926075,,
036640,20210204,4.66,8.700668822567813,,
036640,20210215,6.14,31.686369157312775,,
036640,20210216,6.0,10.693637391504907,,
036640,20210908,6.39,9.695235120953338,1.9291472317253307e-08,1564.0
036640,20211015,7.01,-10.73951343032168,1.4898335677264744e-08,2236.0
036690,20200729,5.12,36.21460031064492,,
036690,20210603,6.1,12.776375976412702,,
036690,20210604,6.09,6.06600376267401,,
036710,20200730,0.92,-5.498470426468549,,
036710,20200731,0.85,-8.336849046007877,,
036710,20210121,1.98,-9.908846277221372,,
036710,20211109,2.15,0.32298029240012127,5.435805675670222e-09,378.0
036710,20211111,2.47,20.89965422858384,7.803519060894122e-08,2969.0
036710,20211115,2.26,13.468273918155127,2.485426743398561e-07,4180.0
036710,20220103,2.5,7.0100951143663215,2.7768850097159057e-08,1481.0
036710,20250915,0.46,10.807530801532007,3.570893978592464e-07,850.0
036710,20250916,0.48,13.347337319083131,1.7855845619157526e-07,862.0
036710,20250917,0.49,15.101221116779385,2.0989684102662825e-07,699.0
036710,20250922,0.43,-7.774089975888165,2.652883635314184e-07,1103.0
036710,20250925,0.4,-8.451492380319259,2.876664822998295e-07,1457.0
036710,20251001,0.24,-38.13628587720965,3.512125725437421e-08,459.0
036710,20251002,0.21,-45.0252083074816,2.3240328811833742e-08,459.0
036710,20251010,0.19,-22.90947816826411,2.7588113031907865e-08,454.0
036710,20260508,0.04,-57.72562375064781,2.971407638062834e-07,4940.0
036710,20260511,0.04,-57.72562375064781,2.644508210138364e-07,4637.0
036800,20190712,0.12,-3.9273246588384603,,
036800,20190812,0.78,-9.78299213673658,,
036800,20190813,1.09,30.84532801292099,,
036800,20190814,1.35,61.75750044381325,,
036800,20190816,1.35,54.637248421580466,,
036800,20210510,0.8,-0.46209812211188694,,
036800,20210511,0.78,-3.7748882075643198,,
036800,20250605,0.14,11.775388638675,1.7440627705329302e-08,173.0
036800,20250716,0.07,-40.21156354151573,1.2988193150769663e-07,508.0
036800,20260420,0.48,145.0049751243781,8.9112884145369e-09,246.0
036810,20200109,7.46,-9.281889669247857,,
036810,20200219,7.92,0.5402355419439564,,
036810,20200520,5.69,27.5143798267224,,
036810,20200525,7.64,68.42599688242927,,
036810,20200601,7.26,-4.980840435632072,,
036810,20200608,7.46,2.7896846827850874,,
036810,20200616,4.96,-34.166509845012115,,
036810,20200617,4.65,-41.19834010206702,,
036810,20200619,5.39,-4.849022286024896,,
036810,20200622,5.36,-1.2389912329274444,,
036810,20200624,5.25,12.809149543953735,,
036810,20200625,5.17,-0.8088068396761794,,
036810,20230330,2.89,7.852073535699011,5.6099291844004455e-08,1518.0
036810,20230331,2.98,11.357799202594743,4.653490148880171e-08,1518.0
036810,20230411,3.41,13.753854428658308,8.816902250176493e-08,3611.0
036810,20230721,4.94,25.31218920501548,1.596673306843108e-07,8928.0
036810,20240415,4.03,5.544615960243293,1.6220387477635165e-08,3096.0
036810,20250909,4.03,7.652068111748345,4.4236059163226126e-07,4975.0
036810,20250915,4.45,13.179172431024355,9.915100203638423e-08,1529.0
036810,20250917,4.85,15.684903969422791,5.549671278801479e-08,2120.0
036810,20251024,6.24,1.3549795127688613,2.3675521080152324e-07,13804.0
036810,20260128,6.0,1.5159320094844775,3.14509874954003e-07,18684.0
036830,20190715,0.88,19.610150335196398,,
036830,20191008,1.59,-13.972519328113563,,
036830,20200117,1.0,-14.468786144022083,,
036830,20230405,1.02,-13.940351210552148,5.8631504886009664e-08,1209.0
036830,20230823,2.46,76.64532388801852,2.5787823745562796e-08,1457.0
036830,20230901,2.74,-1.0353338574081605,1.1390142688934404e-07,898.0
036830,20231204,1.66,1.354452163936526,5.967215335415154e-08,2894.0
036830,20231215,1.83,0.05869550537869195,5.956892321926806e-08,1226.0
036830,20231218,1.71,-7.796848066347872,6.381030472611022e-08,1226.0
036830,20240206,1.79,8.618894467710959,1.1914103454107187e-08,1493.0
036830,20240214,2.26,27.717547396195428,2.970201200219964e-08,5477.0
036830,20240220,2.92,26.008619964592917,3.5659644382324696e-09,1246.0
036830,20240610,1.97,12.69489802832171,1.763769289754062e-08,1611.0
036830,20260128,1.23,-7.397782273919917,7.353296919213385e-08,2717.0
036830,20260130,1.38,5.170987562898932,8.055815104568671e-08,1437.0
036830,20260311,0.97,-5.395101610649067,6.755760270745675e-08,1405.0
036890,20200721,2.84,-7.498218248025646,,
036890,20200904,3.68,-0.9638200104661765,,
036890,20200907,7.67,104.72377219248673,,
036890,20210326,4.67,1.7689422949698663,,
036890,20210329,5.01,6.841562910651655,,
036890,20221118,3.05,10.632521550996653,6.131332218250829e-08,835.0
036890,20221121,2.98,4.302706328221673,4.029229312999368e-08,835.0
036890,20221122,3.02,-14.943548094974602,6.13872058338921e-08,988.0
036890,20221130,3.26,7.405681394856223,2.592532526715616e-07,3631.0
036890,20250520,2.51,-2.899661131993969,2.3562135179165385e-08,1723.0
036890,20250724,2.72,-2.8962809335554396,6.72142808881542e-08,933.0
036890,20250910,1.8,-15.08735743751517,1.8144122541601527e-06,4209.0
036890,20251023,1.57,1.5381890787147245,2.277330934042943e-07,1186.0
036890,20251212,1.69,-0.9430223218060418,1.25283152718141e-06,3550.0
036890,20251215,1.71,1.533510593966514,7.836296754895842e-07,3363.0
036890,20260203,1.83,-0.010604349262877122,1.9273180442335603e-07,2774.0
036890,20260212,2.57,12.0925455536383,8.23746823915236e-08,1331.0
036890,20260313,2.32,-10.209356196403728,2.719186804304286e-07,2511.0
036890,20260504,2.49,5.965323182766169,2.426498115334347e-07,2577.0
036890,20260507,2.29,-6.546487816376445,3.243263425370282e-07,8107.0
036930,20201202,5.03,-5.760984583956407,,
036930,20210114,5.25,-1.6074836124284064,,
036930,20210119,5.45,-2.258935904733128,,
036930,20210204,5.34,-8.665907993728016,,
036930,20210215,6.44,20.61122697564104,,
036930,20210414,5.79,6.9030882055752585,,
036930,20210415,5.99,9.670676969377357,,
036930,20210419,6.81,22.4824387316775,,
036930,20210420,7.06,26.669134260623963,,
036930,20210527,6.29,1.8731160177562156,,
036930,20210623,6.86,1.2327697243767588,,
036930,20211123,6.01,8.912924871617477,2.7283514173764134e-07,18737.0
036930,20211202,5.32,-15.504793898692327,1.667122895706554e-07,28885.0
036930,20211203,5.33,-12.02136591899825,3.2125085795762287e-07,30782.0
036930,20211228,4.99,-12.144977711278692,4.680383074746966e-07,17398.0
036930,20220114,5.3,6.601884790613499,2.0609927400198773e-07,11489.0
036930,20220225,7.35,12.994340210671872,0.0,0.0
036930,20220228,7.29,10.389701576936638,3.362938994514432e-08,2687.0
036930,20220302,7.54,11.992879366278352,9.535318601495473e-08,4351.0
036930,20230717,5.3,-0.007265003501655265,4.823827792756792e-08,17466.0
036930,20230724,5.61,5.901564550144478,2.06145469094081e-09,203.0
036930,20230725,5.56,1.1582260574338754,2.2124036812483473e-09,203.0
036930,20230727,4.86,-17.7014294126157,3.489263648014506e-08,5960.0
036930,20230728,4.7,-18.859044646778155,8.617833449870955e-08,23069.0
036930,20230801,4.88,-12.246678635146946,2.395323253354934e-07,36075.0
036930,20230914,3.69,-0.4266299021791431,2.354408868199777e-08,9103.0
036930,20231115,3.36,-9.01381158038842,1.7913328077151197e-07,28556.0
036930,20240228,3.2,-5.591050422061428,7.837732281049783e-08,39558.0
036930,20250321,1.74,-11.76560040835425,1.9576835708489e-07,29710.0
036930,20260203,2.33,-22.522973727400153,1.2695339882383875e-07,8029.0
036930,20260204,2.59,-7.555733155131728,1.12749533498103e-07,8029.0
036930,20260209,2.74,14.491880815163327,7.582682026511334e-08,5428.0
036930,20260219,2.88,5.495984849710078,3.5789191118868026e-08,5425.0
036930,20260303,2.86,1.369071839196101,1.5266841138600804e-07,32242.0
036930,20260305,2.82,-2.7936530112977365,1.83162380216128e-07,51877.0
036930,20260310,2.67,-6.975443105535906,9.733900428743739e-08,35782.0
036930,20260420,2.99,5.587306686629101,1.1630023005321121e-07,96144.0
036930,20260421,3.11,6.299613562565165,8.704815475550568e-08,96144.0
036930,20260422,3.03,2.5250673290778014,1.3655247478809387e-07,132334.0
036930,20260511,1.67,-12.487868802430613,4.083786531198135e-08,13790.0
037030,20250903,2.38,2.9597746502068922,2.2796950636688613e-07,361.0
037030,20250909,2.27,-4.804723975104097,2.6560224788864624e-07,705.0
037030,20250918,2.22,-1.445896670429092,2.64411151570137e-07,2481.0
037030,20260319,4.07,35.27446294519827,0.0,0.0
037030,20260323,4.82,50.071999318925364,0.0,0.0
037030,20260327,4.58,2.1987336788523715,1.0154862523627087e-08,844.0
037030,20260330,4.19,-13.055771891109513,3.177985804443681e-09,921.0
037030,20260414,3.84,88.0910816955161,9.721225519904883e-10,243.0
037030,20260506,4.39,-3.357965584832412,1.4986183268297337e-08,1844.0
037070,20200504,2.84,85.60644070316275,,
037070,20200518,5.24,10.536896593234623,,
037070,20200525,5.76,9.838085229190941,,
037070,20210308,3.38,21.759598123136435,,
037070,20210309,3.36,18.387016680585955,,
037070,20210322,2.94,-6.744437681747484,,
037070,20210323,2.9,-7.044756642316452,,
037070,20210325,2.81,-6.657680665909949,,
037230,20200828,5.59,-2.01422058070988,,
037230,20200831,5.47,-4.440367126202771,,
037230,20200923,4.7,16.41345892358279,,
037230,20201123,6.49,25.52283502903887,,
037230,20201216,6.16,-0.8135111010503016,,
037230,20201221,5.56,-7.451069316556403,,
037230,20250428,0.82,136.73135755258124,1.518458271827566e-08,108.0
037230,20260326,0.96,24.437743325917683,8.775732652482126e-09,177.0
037330,20190715,6.54,56.148152312044154,,
037330,20200902,3.38,-8.153340724617797,,
037330,20200923,4.76,0.0483635179613362,,
037330,20201005,5.24,9.84125060186576,,
037330,20210126,7.23,5.848353279253082,,
037330,20230816,2.39,-3.3262568434685336,1.3296667172364935e-09,69.0
037330,20230817,2.61,10.683840176104287,2.5941408263065517e-10,53.0
037350,20210104,0.99,-18.28203512599079,,
037350,20210106,0.95,-11.718202981466074,,
037350,20210118,1.05,-3.2479905257171704,,
037350,20210119,1.06,-0.5056608765189319,,
037350,20240814,1.42,-0.585721636798886,1.9074316139739236e-09,23.0
037350,20240816,1.44,2.27323429383135,3.086136683286935e-09,23.0
037350,20240822,5.16,260.47007777617745,9.840220985847995e-08,597.0
037350,20251117,1.73,-7.599668772913592,5.69088291751871e-07,731.0
037350,20251209,1.54,-4.368078292808408,5.240526619489069e-08,61.0
037350,20251212,1.72,6.641114204350562,1.28654943173404e-07,132.0
037350,20260105,2.11,21.913459641914802,1.5182572426136928e-07,720.0
037350,20260224,2.26,2.109796813607545,2.953838836996563e-07,761.0
037350,20260225,2.33,5.35288100920559,7.156794088467136e-08,738.0
037350,20260226,2.29,1.5351209118746212,2.7870073911710207e-08,371.0
037350,20260227,2.31,5.253970243317285,1.0504942623073707e-08,371.0
037350,20260427,3.58,-3.072749753071502,3.0541001543219727e-07,2128.0
037370,20201027,0.89,-2.030805168260452,,
037370,20201209,1.23,0.30991735537189147,,
037370,20210114,1.12,-6.928720026278334,,
037370,20210119,1.23,13.682689009750604,,
037370,20210623,1.55,7.761686289683634,,
037370,20210624,1.57,10.251475973395108,,
037370,20210913,1.51,-5.287671010959283,7.253163505030918e-08,1738.0
037370,20210915,2.59,78.98094322500651,1.1322266996746826e-07,2176.0
037370,20210927,2.32,-8.323126041645745,7.191155312525685e-08,1307.0
037370,20211001,2.69,13.41368057799972,5.543876226152973e-08,1646.0
037370,20230322,3.41,60.62870661084947,1.4119048985803233e-08,1210.0
037370,20230327,3.19,-3.6663601752245367,4.678131965738497e-09,499.0
037370,20230328,3.3,0.6646112165489715,1.156538580492034e-09,128.0
037370,20230502,2.41,4.619115863741596,1.973851409048833e-08,3884.0
037370,20230503,1.77,-29.8383635450436,8.967145866566713e-09,3884.0
037400,20200114,0.06,-27.084720372836212,,
037400,20200825,0.25,126.53702051739519,,
037400,20200826,0.25,157.56445727575286,,
037400,20210122,1.11,-15.707201674173154,,
037400,20210412,3.03,7.903388649517229,,
037400,20210413,3.22,15.718561580498424,,
037440,20210201,0.95,-35.241633882170085,,
037440,20210325,0.93,-1.858312190407152,,
037440,20210409,1.06,3.486200312445753,,
037440,20210420,2.67,-9.235099796541945,,
037440,20210421,2.69,-8.3822294690987,,
037440,20221104,10.02,1.7396204928329384,8.755138257064402e-09,4112.0
037440,20260409,5.53,-3.730104713676463,1.8393327680528907e-09,224.0
037440,20260507,3.63,37.9323857652524,2.5418278693482145e-08,1743.0
037460,20200810,3.46,0.40546383787116724,,
037460,20200812,3.73,10.584350588593683,,
037460,20210125,4.61,1.4210057860910341,,
037460,20250228,1.07,-3.3084014040612786,4.123353299260663e-08,902.0
037460,20250620,1.2,3.1642597771192493,7.599701360609945e-08,279.0
037460,20250709,1.4,1.716655160738556,2.9918929307527253e-07,394.0
037460,20250917,1.27,-0.8133516927021467,3.933008428326446e-07,800.0
037460,20251202,1.04,-3.349603968227066,6.954418016051118e-07,910.0
037460,20251222,1.14,-1.2451275900705383,3.830556630239499e-07,394.0
037460,20260105,1.05,-7.821718093459529,2.1390796939521987e-08,492.0
037460,20260126,1.27,4.8737631094086575,1.7480334787599123e-08,153.0
037460,20260127,1.32,10.046922300706363,2.288666856574658e-08,153.0
037460,20260129,1.68,36.455253033734536,2.6027510852031215e-08,203.0
037460,20260130,1.67,34.562406872845465,6.579308797555655e-09,50.0
037460,20260224,1.04,-11.441240082796067,2.0777748233926703e-07,515.0
037460,20260417,1.35,8.664574361968702,2.2032587088066515e-07,1643.0
037460,20260420,1.41,13.453092639649821,1.4976382995360995e-07,1779.0
037460,20260423,1.64,18.19605125821193,1.5312383929359484e-07,1330.0
037460,20260506,1.47,-13.47551987176735,1.5988569041086513e-07,2800.0
037760,20210615,5.35,3.1272333624623894,,
037950,20200107,3.31,5.614757478403543,,
037950,20230315,4.06,-10.537593509956377,1.6568169635400706e-09,453.0
037950,20230406,6.19,226.13135071545574,1.4226705962559975e-08,4610.0
037950,20260508,2.87,-60.27225351182403,0.0,0.0
038010,20200702,2.02,67.34577966691705,,
038010,20200703,2.13,42.99753751385613,,
038010,20201202,9.64,2.0490286499791566,,
038010,20210402,8.06,36.241843741379284,,
038010,20230703,3.75,-7.897175375290255,6.203213848708673e-08,283.0
038060,20230424,0.52,25.025778306563563,5.223115732495897e-09,177.0
038060,20260416,0.01,26.31222026312221,3.719847947186802e-08,545.0
038070,20200122,2.77,-0.7013698630137011,,
038070,20200128,5.94,113.9437031919436,,
038070,20210106,10.46,-2.954698486318219,,
038070,20210513,10.21,-1.6857167685311203,,
038070,20210514,10.7,6.054360473789422,,
038070,20210517,7.32,-28.723727012783463,,
038070,20210817,9.82,14.149537861502548,1.9934516048950528e-08,10819.0
038110,20200916,0.78,0.14823322682138151,,
038110,20210121,0.76,-18.43019707644341,,
038110,20210318,0.85,15.27927927927928,,
038110,20210319,1.04,31.099806625270876,,
038110,20210331,1.86,32.60928717687963,,
038110,20210628,3.47,13.414951744183835,,
038110,20210908,2.91,3.0847283823679295,2.5847852782949047e-09,894.0
038110,20230411,7.28,12.763176184906921,6.691364436528226e-10,283.0
038110,20230412,7.36,10.255954574782034,4.506363568410801e-09,1632.0
038160,20190627,,,,
038290,20200311,8.64,89.55660301328932,,
038290,20251222,2.0,0.11162098474513105,2.2734845119012644e-07,1215.0
038290,20260130,1.95,-0.538465140235056,1.158979930524033e-07,2128.0
038340,20190628,,,,
038390,20200803,0.54,746.6118362238512,,
038390,20210430,1.17,24.157786180818142,,
038390,20210503,1.17,30.60560269673369,,
038390,20210510,1.22,4.569411345904739,,
038460,20200713,3.54,-0.9863630530245082,,
038460,20200731,4.71,16.125489850409693,,
038460,20200803,4.83,13.055999293120246,,
038460,20200804,5.08,6.434538215317365,,
038460,20200810,3.43,-28.949985345762876,,
038460,20200811,3.36,-33.74693151033262,,
038460,20240411,3.95,3.9915948357768682,8.12589542721552e-10,54.0
038460,20240412,4.11,7.7911041487843224,8.732200008455129e-10,131.0
038460,20240520,6.36,5.829601863756428,1.5396192322865656e-08,1777.0
038460,20260202,6.99,-13.25057026925236,2.584466094606826e-08,1383.0
038460,20260203,7.61,-3.9768657604295043,7.407731180695974e-09,1411.0
038500,20210203,1.34,-8.224625167158173,,
038500,20251211,1.53,86.52916604589005,1.0395945390326877e-08,1428.0
038500,20251212,1.8,118.6258559007463,5.339263854740614e-09,1248.0
038500,20251215,1.82,101.2471040818946,4.44678152147108e-09,2062.0
038500,20260128,1.73,-0.054290553656988205,1.5737090990347907e-08,2973.0
038500,20260130,2.33,30.449534512110652,7.065717629387274e-09,3592.0
038500,20260202,1.79,3.035992576879476,1.92410829207236e-08,5352.0
038500,20260203,2.37,30.231207021610263,3.010608457850328e-08,4937.0
038500,20260206,1.63,-29.432385200353885,7.83063530670712e-09,9289.0
038530,20260204,1.13,-34.41647764432375,1.9041292956812555e-08,248.0
038530,20260212,0.84,-29.71326997899666,6.864964673839107e-09,446.0
038530,20260512,0.0,-100.0,0.0,0.0
038540,20210608,2.46,-4.319987678780201,,
038540,20210901,2.52,2.548084284591279,1.8545370644704854e-07,4454.0
038540,20210902,2.52,2.064316041227965,4.6841191835725676e-07,4484.0
038540,20211006,2.29,-4.8311642473206735,2.0558440738934234e-07,5294.0
038540,20220411,1.7,-2.6192944991009437,9.33307453495404e-08,1312.0
038540,20220412,1.75,0.05344121415156167,1.5025593734173947e-07,2154.0
038540,20220413,1.75,-0.2734206212929413,1.8325940195552914e-07,2434.0
038620,20210413,8.08,-4.383263268209525,,
038620,20210414,8.16,-1.1980467406212725,,
038620,20210416,7.29,-7.139554379330182,,
038620,20210419,4.78,-41.469162179183904,,
038620,20210507,2.14,-15.273214115690214,,
038620,20210510,2.09,-17.361125963140612,,
038620,20210511,2.04,-18.730319366327386,,
038620,20210512,1.9,-14.363477024323302,,
038620,20210601,3.74,17.281991126247753,,
038620,20250407,2.41,0.8694177936142022,1.788388498884276e-09,40.0
038680,20210706,6.95,16.426747469870495,,
038680,20210714,8.42,15.61623119935005,,
038680,20210805,8.69,0.016020277093575785,9.110784255324299e-10,210.0
038680,20210809,10.4,18.98927621567037,6.234628654887186e-08,2134.0
038870,20200521,1.18,-4.71102275786378,,
038870,20200707,1.26,-7.068563873323674,,
038870,20200910,2.74,3.952095027609892,,
038870,20200911,2.86,6.007908919858407,,
038880,20200915,1.19,11.606185474625551,,
038880,20201209,3.2,4.46483389706458,,
038880,20201215,3.83,30.42727034358834,,
038880,20210108,1.95,-12.505615256880153,,
038880,20210126,2.49,25.568002468351004,,
038880,20210127,2.49,15.710612434540083,,
038880,20260427,0.0,,4.765011286053121e-09,5.0
038950,20200528,0.07,78.99731792861564,,
038950,20200708,0.28,-7.411907654921023,,
038950,20201012,0.59,-18.86248528847807,,
038950,20210108,2.35,6.875479496401282,,
039010,20210106,1.3,13.002794268269646,,
039010,20210222,1.37,-1.6181283400306556,,
039010,20250604,2.31,-1.8735168195718632,1.6667712406229466e-09,61.0
039010,20260424,1.9,-1.7231304928510993,0.0,0.0
039010,20260427,2.0,1.0462243044156327,0.0,0.0
039020,20200713,1.69,7.870114028258324,,
039020,20210118,3.77,-5.489967975371113,,
039020,20210119,3.02,-19.115883455540395,,
039020,20210412,4.06,2.6793674994204597,,
039020,20210413,3.99,-0.17121847344397922,,
039020,20210702,5.4,17.838804553439047,,
039020,20241111,0.98,-11.45777851424874,5.732048440425668e-08,112.0
039020,20241205,1.03,-8.162700500886789,2.731843587304209e-07,565.0
039020,20241206,1.1,-1.8545825326483412,1.9205368417134656e-07,765.0
039020,20241209,1.1,-7.272096695641905,3.836015328998061e-07,765.0
039020,20250528,1.01,-0.31874919016974257,1.6666447497738105e-08,54.0
039020,20250604,1.14,11.654725790141796,1.7739094776784436e-07,839.0
039020,20250609,1.21,22.3578891446786,5.21362249038567e-07,2058.0
039030,20190905,4.25,-4.902273575978622,,
039030,20190920,4.41,-4.29071988686135,,
039030,20191011,4.83,12.163825686277452,,
039030,20191017,4.73,-2.9883648300241927,,
039030,20191227,3.12,-0.7050017257988928,,
039030,20200109,3.54,9.501465981957535,,
039030,20200116,3.77,6.672169644143322,,
039030,20200117,3.86,7.041794792890377,,
039030,20200805,3.37,-3.772978695371787,,
039030,20200806,3.26,-4.108248171531869,,
039030,20210402,2.37,0.7568707310121159,,
039030,20210405,2.27,-3.173021215548877,,
039030,20230619,2.42,9.239583143880825,0.0,0.0
039030,20230629,2.16,-13.376410422923934,3.4802210571917225e-08,1036.0
039030,20230703,2.15,-4.1480263394107375,3.899707459078489e-08,1036.0
039030,20230714,2.15,-2.326710459530834,0.0,0.0
039030,20230727,3.0,-6.2640041677414775,4.376526123901448e-08,7719.0
039030,20230728,2.92,-7.945843148051845,5.5914441426613774e-08,6192.0
039030,20240119,3.08,-5.168785314256363,1.4926723097752795e-07,16185.0
039030,20240122,3.04,-7.830668604651159,1.5903951744943771e-07,20684.0
039030,20240404,3.85,-0.6015166320079479,6.998419982844523e-08,23056.0
039030,20240412,4.19,8.696949010134958,0.0,0.0
039030,20250807,2.84,-7.642021500843166,1.4168103693514675e-07,6449.0
039030,20250808,2.9,-7.190686840358751,1.6325938004219404e-07,4436.0
039030,20250813,3.17,9.428987215548034,1.740246234069168e-08,630.0
039030,20250918,3.51,-0.4099901859172528,8.016153597401569e-08,6617.0
039030,20251010,3.4,-0.5246776134393283,0.0,0.0
039030,20251104,2.89,-3.201084985084157,1.9191820437122475e-07,35796.0
039030,20251113,2.98,1.374333263392713,9.354215203002953e-08,4157.0
039030,20260105,2.46,6.97338451155729,1.7060282028206535e-07,16531.0
039030,20260127,2.1,2.3082524749552302,1.4694557607190613e-07,10583.0
039030,20260128,2.03,-2.639707188250462,1.247007960513889e-07,9777.0
039030,20260129,2.08,-1.8935713823071132,7.446749090403307e-08,8457.0
039030,20260130,1.99,-6.248812338002907,7.270105577826701e-08,8245.0
039030,20260203,1.72,-18.182132977311294,0.0,0.0
039030,20260209,1.6,-9.63978416217004,1.4487895251223091e-07,5709.0
039030,20260226,1.48,-0.9243289856634695,4.905504764225365e-07,50672.0
039030,20260413,1.24,1.853652727886157,3.545795180123689e-07,29183.0
039030,20260428,1.32,-4.5249794053551895,4.3795322784442523e-07,18161.0
039200,20200610,1.94,15.986281713361073,,
039200,20200611,1.95,11.200170140033826,,
039200,20200612,2.13,5.708407068406385,,
039200,20200811,1.95,2.9373012349155125,,
039200,20200904,2.16,2.524638898762399,,
039200,20200907,2.53,18.158766656287682,,
039200,20200908,2.41,10.881778154505417,,
039200,20200911,2.37,9.759898891525864,,
039200,20200915,2.55,5.646888612365131,,
039200,20200921,2.28,-1.5421537212711889,,
039200,20201105,1.62,-1.4926239018730358,,
039200,20201118,2.09,5.698433927261748,,
039200,20201123,2.39,11.304411330448128,,
039200,20201203,2.21,-3.9888667638850794,,
039200,20201207,2.46,13.635260829562789,,
039200,20230727,0.9,-3.8275579717814034,2.1848254723266432e-07,11770.0
039200,20230728,0.9,-3.866355412897582,4.6051970272116224e-07,12073.0
039200,20230731,0.94,1.3369895752014305,2.798376379887059e-07,12831.0
039200,20240603,0.62,-5.772489034566841,1.851883401237691e-07,20797.0
039200,20240701,0.74,0.6755819783173633,3.175161151476826e-07,23191.0
039200,20240704,0.72,-5.753169378094569,7.008586130332023e-07,25181.0
039200,20240705,0.74,-2.800426353002461,4.3815050013313786e-07,22274.0
039200,20250910,0.72,21.421926387924373,3.7515933901403175e-07,5562.0
039200,20250923,0.76,-0.5836142201927852,1.8349354266240525e-07,5684.0
039200,20251112,0.83,12.773210907806721,1.8551808613881843e-07,9085.0
039200,20251113,0.84,16.127329527092527,2.0685168803354953e-07,9085.0
039200,20251117,0.93,3.9071876635827563,2.3623492750383375e-07,6984.0
039200,20251126,1.0,4.8135260407202285,1.610842582899276e-07,9837.0
039200,20251128,1.18,24.39795636941544,2.939198143381267e-07,11529.0
039240,20201022,1.48,1.3675032824419286,,
039240,20210402,5.81,8.641834230342349,,
039240,20210623,10.82,4.467115911078312,,
039240,20210817,10.46,8.248079700935506,3.6599805181147353e-09,410.0
039240,20210830,10.8,7.716283574478,2.1421823145299428e-08,3341.0
039240,20210903,9.68,-12.726071689573537,2.32764327228938e-08,7257.0
039240,20210907,9.91,-5.614156442108776,1.2882000228655936e-08,4778.0
039240,20241209,3.87,75.54848849405687,2.4180868934237286e-08,1424.0
039240,20241210,4.59,105.16763380598545,3.1814429767232674e-08,1823.0
039240,20250103,7.4,-1.1891631730520213,3.801985295490401e-08,3589.0
039240,20250110,9.05,22.280605332894577,8.268381647932935e-09,1043.0
039240,20250117,8.45,-6.602891594646721,7.118124690150617e-08,6548.0
039240,20250407,6.34,13.859789473404206,4.15478198605777e-09,319.0
039240,20250408,6.02,7.665959897647667,1.2936406521024378e-09,282.0
039290,20201223,5.38,-5.483299503242445,,
039290,20210104,1.5,-71.86820881311935,,
039290,20210105,1.33,-81.8809009603356,,
039290,20211227,8.98,-0.8299797835199518,3.149802033755067e-08,3582.0
039290,20220104,9.28,3.4052910621667154,5.899709302003743e-09,1588.0
039310,20210531,0.05,-61.83392136180119,,
039310,20210601,0.01,-85.74858514834504,,
039310,20210602,0.0,-100.0,,
039310,20210604,0.0,-100.0,,
039310,20210607,0.0,-100.0,,
039310,20260318,0.0,,1.1173712537332254e-07,230.0
039310,20260319,0.0,,8.699675742034027e-08,243.0
039310,20260327,0.0,,9.027133346602148e-08,472.0
039340,20200713,2.0,-0.4660425524593559,,
039340,20210108,1.15,-5.803850404069999,,
039340,20210520,1.37,-2.342107372535962,,
039340,20220921,0.72,42.88966769844722,2.591404540820586e-10,37.0
039420,20210114,7.69,-4.641374216626504,,
039420,20210617,7.36,-6.95216396149706,,
039420,20210708,9.22,-5.364405787461635,,
039420,20250611,1.24,-4.77602607344526,1.1037074925777844e-09,41.0
039420,20250612,1.22,-5.92319781563031,1.7558473565551257e-10,11.0
039440,20190905,6.97,-5.901371123742005,,
039440,20191014,7.17,-0.06263024143430274,,
039440,20191024,8.01,7.593081952772973,,
039440,20191230,7.91,-10.894555316368159,,
039440,20200102,7.87,-12.415302956767016,,
039440,20200103,7.96,-11.039375695132625,,
039440,20200122,8.44,4.191420503689813,,
039440,20211229,6.52,0.6521233201519427,,
039440,20230703,5.97,-15.490468194698504,,
039440,20230711,5.56,6.301381416840868,,
039440,20230712,6.05,8.171293555063075,,
039440,20230713,6.22,11.510157451814319,,
039440,20230714,6.5,22.13413904156596,,
039440,20231107,4.35,10.190338104147623,,
039440,20251117,5.64,-5.610214511926537,2.823705537241988e-07,6573.0
039440,20251209,5.89,-0.35348469975673424,9.757382544571253e-08,6871.0
039440,20251215,6.24,3.7247025509407283,2.3704697751585258e-07,8487.0
039440,20260102,6.2,8.705980763038834,1.477343363490427e-07,3241.0
039440,20260105,6.1,6.31277563047552,1.4291603012635962e-07,3241.0
039440,20260130,5.94,-2.5236543080520812,9.553377036703478e-08,4404.0
039440,20260226,6.16,-2.5734926889528054,2.022031744906225e-07,16416.0
039560,20200715,4.15,7.0617786295857465,,
039560,20200716,4.3,3.0887021865675823,,
039560,20200722,4.68,12.822549463329258,,
039560,20200723,4.75,10.415432330364172,,
039560,20200807,4.61,5.757839210839366,,
039560,20200810,4.63,6.613400616764786,,
039560,20230707,0.76,-2.6167980422544646,8.230633463073215e-09,1067.0
039560,20230710,0.74,-5.747382490532416,8.490540188988762e-09,1203.0
039560,20260311,0.74,-15.451087171881284,1.0883901183977041e-07,1373.0
039560,20260320,0.96,22.61478340713441,1.7620354407080745e-07,4941.0
039560,20260410,0.95,8.78236423062415,2.1842804329686557e-07,5719.0
039610,20210329,6.42,34.62825903613245,,
039610,20210401,6.0,24.92013162069453,,
039610,20210407,4.88,-20.210444466740242,,
039610,20240604,2.58,-1.899859310074048,1.2820197310658404e-08,435.0
039610,20240605,2.39,-9.27433101937487,8.197185170195154e-10,400.0
039610,20240821,7.68,-0.8682366877396097,1.2493380280254067e-08,4422.0
039740,20201223,0.12,-3.8125496425734706,,
039740,20210610,0.24,-0.6683882728239388,,
039740,20210707,1.2,-13.915131822917582,,
039740,20220105,2.4,168.99538347815172,1.8967308425781288e-09,181.0
039740,20250911,0.0,0.0,1.0170399720743714e-09,15.0
039740,20260327,0.0,0.0,3.764023187603537e-08,195.0
039830,20210712,5.54,8.595795153347563,,
039830,20250626,0.08,19.596199524940626,2.5628079411357795e-09,40.0
039830,20250627,0.05,-15.390969162995594,4.322656693712651e-09,246.0
039830,20250630,0.05,-16.1068281938326,6.719026279498193e-09,246.0
039830,20251001,0.59,16.67274717256475,8.837848400573556e-08,2858.0
039840,20190902,2.05,4.356863424375024,,
039840,20191118,1.73,1.417909325957556,,
039840,20210210,1.14,-19.579657475332912,,
039840,20210413,1.5,33.497348983159924,,
039840,20210715,1.64,-15.081445144445215,8.251816361742514e-08,7614.0
039840,20230621,1.98,2.1298587200175634,7.350230043815915e-08,2069.0
039840,20230721,2.36,4.679161150978883,1.8009401448514365e-07,7191.0
039860,20191127,1.28,85.74262199866303,,
039860,20200402,0.63,-32.80642367944579,,
039860,20200406,3.18,314.14406974300834,,
039860,20200407,2.85,338.47518755274024,,
039860,20200421,2.45,-26.31811426079569,,
039860,20200625,5.16,5.051080131957009,,
039860,20200626,5.73,14.438861396481627,,
039860,20251223,3.64,-11.899839934071855,2.0062116100781785e-08,1259.0
039860,20251226,3.43,-12.827227569284483,2.9810394382031057e-08,1363.0
039860,20260224,1.6,6.997899155976706,7.723461736506811e-08,2154.0
039980,20210525,7.98,-1.3445677626684804,,
039980,20231227,4.33,20.549872264703282,8.284337890470654e-09,45.0
039980,20240123,5.96,-15.761692955048678,3.3602622519983665e-08,1576.0
039980,20240216,5.85,-6.510446342459931,1.4358462948939192e-07,2165.0
039980,20240219,5.89,-9.819029299354753,3.141030979053129e-08,2165.0
039980,20240304,5.22,-14.623006397869698,8.654031644173426e-09,874.0
039980,20240306,4.59,-12.35655330526917,1.1003608147850825e-08,1613.0
039980,20240307,4.96,-4.46092998619555,1.0804008041499543e-08,2162.0
039980,20240508,2.85,4.209633210468966,2.1843432364533203e-08,8856.0
039980,20260429,3.41,-69.3984061195558,6.426189318440742e-08,718.0
040160,20200909,2.13,24.35970814715771,,
040160,20260204,2.35,2.283372575803866,3.041727817116498e-08,121.0
040160,20260205,2.34,1.8829098013302126,2.4651844758184466e-08,106.0
040160,20260206,2.41,4.966385588898636,7.636564610351082e-08,192.0
040160,20260213,2.31,-4.342396529367287,1.1640055062310468e-07,144.0
040160,20260219,2.31,0.5960415069484082,1.4469395098507072e-07,375.0
040160,20260220,1.74,-26.577516307144545,2.56240035935376e-07,375.0
040160,20260223,1.71,-26.75606641123882,2.582383138635455e-07,388.0
040160,20260224,1.66,-28.074339661760973,2.3150647654583125e-07,388.0
040160,20260313,1.32,-0.6816759312622822,4.43759758813757e-07,1230.0
040160,20260413,1.39,-0.11869961909823923,5.514023349940548e-07,733.0
040160,20260414,1.39,-0.11810977122137523,9.376203804404194e-08,227.0
040160,20260415,1.39,-0.11810977122137523,1.4648041622325017e-07,378.0
040160,20260416,1.39,-0.014781179419864898,1.551378600110999e-07,480.0
040160,20260417,1.39,-0.014781179419864898,1.238029267235873e-07,409.0
040300,20200724,0.73,-21.428463677459252,,
040300,20200916,0.55,2.4974261310662715,,
040300,20210122,0.78,-0.8910134416255877,,
040300,20220916,0.38,-2.2946620244258864,3.684214351241275e-10,15.0
040300,20220920,0.99,159.21263517289233,6.1600860672578e-10,36.0
040300,20220921,1.42,262.93084602492166,8.07363089840335e-10,36.0
040300,20230308,2.81,-4.490955502052807,4.4395970514617646e-08,5767.0
040350,20200113,0.03,-40.46307684081065,,
040350,20200115,0.0,-100.0,,
040350,20200128,0.0,-99.4885433715221,,
040350,20240424,0.0,-98.98167006109979,7.894081944912334e-08,318.0
040350,20240429,0.0,0.0,1.48283234432152e-07,512.0
040350,20240502,0.0,-75.0,1.328215758770636e-07,667.0
040350,20240507,0.0,-75.0,2.3822468520061022e-07,325.0
040350,20251218,0.0,,4.799022634121709e-10,3.0
040350,20251226,0.0,,1.1224872660748934e-07,309.0
040350,20251229,0.0,,8.983357598297986e-08,309.0
040350,20260112,0.0,,1.6299992690947914e-07,289.0
040350,20260512,0.0,,0.0,0.0
040420,20210512,0.39,-4.0897502841170885,,
040420,20210601,0.33,-19.383138295424917,,
040610,20210107,3.95,-6.372663964735215,,
040610,20210108,3.96,-4.080393092113422,,
040610,20210113,4.61,18.657006567493717,,
040610,20250714,1.14,-1.8758928347660464,1.0313568235887508e-07,132.0
040610,20260220,1.31,-4.599500894881537,2.0698074996432656e-08,197.0
040910,20190718,2.79,-10.429474651822224,,
040910,20190905,2.97,11.275292304763006,,
040910,20190918,4.03,44.65743157841251,,
040910,20190924,4.33,22.230377471539843,,
040910,20191008,4.0,5.559578093482398,,
040910,20191114,5.37,6.820150750742404,,
040910,20191115,5.16,-1.2878107217729862,,
040910,20230322,3.14,6.823372347247592,2.6474322998343965e-07,444.0
040910,20230323,2.99,8.356325424054134,1.3464257711835448e-07,348.0
040910,20230328,3.01,13.8708337941295,7.468321054961513e-08,548.0
040910,20230329,3.02,-3.886579697527137,1.6427169076618796e-07,434.0
041020,20191211,0.02,375.45787545787545,,
041020,20200914,0.16,6.073434416690571,,
041020,20200915,0.15,3.10306236646658,,
041020,20201123,0.14,12.260405549626462,,
041020,20201124,0.13,4.14727854855923,,
041020,20230303,1.61,7.808207990199412,9.345027525500996e-09,253.0
041020,20230306,1.69,29.664265580958336,2.045937665891416e-09,253.0
041020,20230307,1.53,30.049689117823043,1.8546338528591104e-08,253.0
041020,20230717,5.24,4.753290900503471,1.7314795325026537e-08,1797.0
041020,20230718,5.36,8.855643029656179,3.74422516970664e-09,1406.0
041020,20230801,3.91,8.931794171714458,3.551105022413389e-08,7341.0
041020,20230824,6.13,-2.4239202046388852,1.5376699006765497e-09,736.0
041020,20240122,4.66,-36.007149153844374,2.3589330668234028e-09,892.0
041020,20240509,4.77,17.944107856274492,2.1212726658379483e-09,1224.0
041140,20200706,,,,
041140,20200728,,,,
041140,20200803,,,,
041140,20200804,,,,
041140,20211210,,,,
041140,20211217,,,,
041190,20201022,5.81,21.169663750275202,,
041190,20201106,5.84,261.38192203089176,,
041190,20201118,3.34,-37.51628104609842,,
041190,20210318,8.19,1.1458688220298274,,
041190,20210330,9.44,7.085626790394484,,
041190,20210331,9.77,6.846301192221715,,
041190,20210406,5.14,-45.51942539680779,,
041190,20231204,3.19,15.627281217159616,1.0456904097412484e-07,17968.0
041190,20240111,4.33,11.879709914845748,2.1398880999242875e-08,7618.0
041190,20240215,4.45,21.41779901254859,8.293756341688055e-08,33403.0
041190,20240229,5.11,-1.3147958039135266,5.754599454209336e-08,26448.0
041190,20240305,4.93,1.2663884050157392,6.780792428484696e-08,52754.0
041440,20210311,1.92,5.963621173680944,,
041440,20210322,2.03,-6.596947196827618,,
041440,20210609,1.94,-1.0115422834866328,,
041440,20220503,4.3,119.88145003172903,3.473168855434624e-10,76.0
041440,20240722,4.69,16.78105487024435,1.4855801038335268e-09,288.0
041460,20200518,2.37,-8.680118897907851,,
041460,20200519,2.46,-0.5129376777912364,,
041460,20200520,5.32,130.8466488498462,,
041460,20200525,4.25,78.93688773434322,,
041460,20200526,3.47,40.6363177748831,,
041460,20210601,7.75,-0.7922125919479273,,
041460,20210602,7.56,-3.409375872785725,,
041460,20250619,2.18,-17.683214943071846,5.464559190938367e-09,568.0
041510,20210525,4.8,10.08347790072519,,
041510,20210603,4.36,-6.392911272209334,,
041510,20210611,3.73,-12.651975192595577,,
041510,20210615,3.98,0.1060154421687276,,
041510,20210617,4.54,21.018615648939367,,
041510,20210629,4.7,-4.663130605284415,,
041510,20210702,4.8,-0.3683752091434789,,
041510,20210713,4.54,-5.219543196770493,,
041510,20210804,4.18,-2.574875166856183,4.943039780536674e-08,14492.0
041510,20211005,5.09,-6.565184265586865,9.516776275621761e-08,18717.0
041510,20211027,5.39,9.831035771984054,1.8956798335177446e-07,15643.0
041510,20220401,4.0,3.000614946434932,2.02929356943218e-07,44082.0
041510,20230203,4.15,7.190599057783564,5.4209804497545655e-08,11778.0
041510,20230210,5.29,27.376898655221282,8.603751090808904e-08,86545.0
041510,20230215,5.78,27.924853329224717,2.2269939093506766e-07,122223.0
041510,20230216,5.7,7.8108070807747065,2.173098221220615e-07,122223.0
041510,20230307,5.01,34.7048728178089,1.9884875873870615e-07,106015.0
041510,20230308,4.46,1.0788414811750746,2.659985660525766e-07,106015.0
041510,20250220,1.14,18.557046979865778,8.82453518988677e-08,9576.0
041510,20250327,1.16,-4.75005237200814,2.2962178638160336e-07,6399.0
041510,20250404,1.01,-11.33801157141663,4.4482738970834685e-08,3736.0
041510,20250429,1.03,0.9838282958035238,2.8787844715297535e-07,5536.0
041510,20250502,0.97,0.34875651959795917,1.3790695565383364e-07,4529.0
041520,20200825,5.6,14.871811239488398,,
041520,20200828,6.59,26.116988830503708,,
041520,20200929,7.41,-2.9510110074244644,,
041520,20201105,7.51,8.413048462543937,,
041520,20201109,7.96,12.53898238743021,,
041520,20201111,7.72,8.136212689415467,,
041520,20201229,9.05,13.133527990602367,,
041520,20230717,0.92,0.09581348308624893,2.034234391371675e-07,234.0
041520,20230718,0.94,4.605072725957027,9.291546836341691e-09,226.0
041520,20230720,3.22,251.8613721762569,6.340407206207239e-08,844.0
041520,20230721,2.73,197.8462770216173,8.664502332842311e-08,844.0
041520,20250701,0.0,0.28985507246377384,3.559777626121865e-07,413.0
041520,20260421,0.0,,1.8590001500478692e-07,245.0
041520,20260428,0.02,,4.235004107518284e-07,486.0
041590,20210702,0.11,-1.5952556551257269,,
041590,20210827,0.33,205.80396926076975,3.601699258096789e-08,784.0
041590,20211203,0.87,-14.467480462442683,1.875140065847432e-07,1400.0
041590,20220120,1.33,33.01151955725763,5.277947047074938e-08,1212.0
041590,20220121,1.3,33.65267060827739,7.95703852557875e-08,2141.0
041590,20220125,1.28,-8.47628587347855,1.2185202227242128e-07,1437.0
041590,20220208,1.25,-1.4379400640593176,4.6925743902734295e-07,4601.0
041590,20220209,1.19,-4.445823296313456,3.4500482847797325e-07,4612.0
041830,20210325,1.07,-3.941763208478366,,
041830,20210407,1.3,4.6438488293923275,,
041830,20210408,1.34,13.495482888987077,,
041830,20210413,1.55,21.330358768894552,,
041830,20210414,1.58,21.864822439095242,,
041830,20210512,1.27,12.790450347090188,,
041830,20210525,2.01,-4.849804062258523,,
041830,20210526,2.02,-4.428628323445394,,
041830,20210531,1.82,-6.818452558222643,,
041830,20210610,1.24,-24.029998926693143,,
041830,20210714,1.14,-2.339148759973053,,
041830,20250805,0.46,6.379598947835885,3.604542706504512e-07,3613.0
041830,20250806,0.47,8.025652306338626,1.049214246115664e-06,5493.0
041830,20250808,0.53,24.87079332048374,1.7097646427621545e-06,5843.0
041830,20251002,0.68,24.451814751654965,2.3144068572227472e-07,1472.0
041830,20251211,0.72,1.5631932478306076,2.1307846604838977e-07,1597.0
041830,20260508,0.9,0.8009228740936125,2.3418364877105305e-08,181.0
041830,20260511,1.19,31.24413145539906,3.075378902256492e-08,928.0
041910,20191105,5.31,-7.0190827133067675,,
041910,20191106,5.54,-5.150455809086285,,
041910,20191213,8.2,-10.558980030733222,,
041910,20240311,4.01,0.5384945729514978,1.1582001762147154e-08,679.0
041910,20240320,5.06,9.3655348318189,1.64714376886517e-08,150.0
041910,20240508,5.23,-4.821571006396363,0.0,0.0
041920,20200325,3.94,-4.465759162303662,,
041920,20200330,5.51,38.13968681615698,,
041920,20200331,2.82,-24.385843851630895,,
041920,20200511,5.38,6.437636182956963,,
041920,20200512,5.61,12.710511622303521,,
041920,20200513,5.66,16.622029189580047,,
041920,20200514,5.68,17.48595019627963,,
041920,20231116,5.64,24.55871457804879,5.272377847996166e-08,1476.0
041920,20231117,5.92,33.71696126076971,6.078873559122599e-08,2749.0
041920,20231120,7.08,66.92840327435437,1.1466717421753358e-08,2749.0
041920,20251205,2.03,3.1360573102089173,1.9902974909562493e-07,510.0
041920,20251210,2.07,1.4333930909033565,3.696060681019813e-09,136.0
041920,20251212,3.16,55.29865989665528,8.16573771198308e-08,2574.0
041920,20260105,3.71,20.319220757527255,1.319550994472511e-08,576.0
041920,20260108,4.62,24.727845918920256,1.887155729560089e-08,595.0
041920,20260130,5.35,-8.538890555052648,6.643217003301782e-08,2441.0
041920,20260202,4.84,-13.053039642828612,3.4049952974917514e-08,832.0
041920,20260203,4.67,-14.382697288115253,1.7914153435057115e-08,912.0
041920,20260206,4.51,-15.587423926548317,1.8419002852549246e-09,80.0
041930,20200716,6.07,-10.18750368025393,,
041930,20200910,7.52,7.967775609313299,,
041930,20210121,7.14,7.7050664887279074,,
041930,20210122,6.66,6.036500708287318,,
041930,20251015,1.72,-1.7363879968677498,4.4942435963119995e-07,1151.0
041960,20250416,0.16,3.733323989803883,2.523322571476449e-07,517.0
041960,20250422,0.16,1.3057976056134901,2.456334641968981e-07,438.0
041960,20250423,0.16,-0.13173116708747878,6.156884056343016e-08,641.0
041960,20250429,0.21,29.62277425082498,1.8777928578693072e-07,814.0
041960,20250908,0.48,10.001416762144121,4.390374409886919e-07,2102.0
041960,20251209,0.61,4.909554122376569,2.192064704221607e-07,1180.0
041960,20260102,0.56,-4.975926925845931,2.7174972686723706e-07,1007.0
041960,20260106,0.56,-3.4739569523331015,5.994671768513764e-07,2237.0
041960,20260107,0.55,-4.505282895734619,8.18192819770602e-07,2627.0
041960,20260204,0.48,-0.5771989937424338,1.1941429987946225e-07,2276.0
041960,20260213,0.57,6.655485681257933,1.9238478683316768e-07,3385.0
041960,20260417,0.61,-0.09988874535801218,2.277913563249112e-07,5752.0
042000,20230627,2.0,9.233366468580773,1.229074348313171e-10,22.0
042000,20230628,2.16,17.501970074151906,7.091314957620186e-10,151.0
042000,20231206,1.4,6.443181053623093,1.3924480347582172e-08,197.0
042000,20231207,1.38,6.5065488767746205,0.0,0.0
042000,20231208,1.3,-2.914626329110581,5.5869552489364265e-08,15864.0
042000,20231218,1.28,-45.70502128041528,2.5248449949427613e-08,1899.0
042000,20240612,4.34,23.054503264045188,9.908447186630229e-08,15719.0
042000,20240620,4.21,3.5454601480499726,1.9162442373046272e-08,8503.0
042000,20250203,3.26,-13.046658999462856,1.8819164756396347e-07,35428.0
042000,20250204,3.19,-10.587862553644978,2.209948090158055e-07,57187.0
042000,20250205,3.33,-5.576613373789241,9.333798827067358e-07,69003.0
042000,20250226,3.13,6.808213073540426,4.193342987663442e-08,14092.0
042040,20200915,1.36,73.31316124454833,,
042040,20200916,1.37,41.267260610926115,,
042040,20200917,1.62,42.523683186019355,,
042040,20200921,0.78,-34.493975695940705,,
042040,20200924,0.69,-57.047360777463986,,
042040,20230412,0.18,17.126656831287292,9.228123348036712e-09,77.0
042040,20260430,0.0,-59.96402158704777,0.0,0.0
042110,20201111,2.67,45.166585963456555,,
042110,20201127,5.78,0.2528991819861659,,
042110,20201130,5.61,-3.1862866475158347,,
042110,20210617,7.12,7.1423436745843505,,
042110,20210716,6.55,-6.635213850949961,2.853968363857452e-09,996.0
042110,20210719,6.81,0.40076928681234136,3.402533081281868e-09,996.0
042370,20200205,3.7,-6.588956875900031,,
042370,20200728,3.96,-1.1305865898477485,,
042370,20200729,3.93,1.2396328257716638,,
042370,20200730,4.92,31.426182570044258,,
042370,20210121,4.93,11.601658915314172,,
042370,20230816,5.03,16.17197879833818,1.0961499591067773e-08,2463.0
042370,20260220,3.51,-5.4947838679373024,2.011132889738868e-07,4787.0
042370,20260415,2.84,-6.467503216696224,4.235724507471388e-08,3601.0
042370,20260416,2.77,-7.569350495079663,3.505373747348425e-08,3601.0
042420,20191010,0.74,2.205587281987964,,
042420,20200902,0.98,18.11285350489211,,
042420,20210219,1.6,35.52378516139423,,
042420,20210222,2.11,74.9771382714667,,
042420,20210406,2.79,4.475997238545859,,
042420,20210414,3.6,15.114908768528302,,
042420,20211111,2.85,-41.563943552832164,6.020461114422505e-08,5991.0
042420,20211119,3.65,38.76794534854853,7.451090112519263e-08,4689.0
042420,20211122,4.31,20.98462606938789,3.070623875178145e-08,4885.0
042420,20211130,2.73,-42.225661293778714,3.702695273015967e-08,7727.0
042420,20250605,0.52,-5.281219817931493,2.1375871683382781e-07,429.0
042420,20250609,0.54,1.2653299591200984,9.35283682127681e-08,360.0
042420,20250616,0.53,-0.7497116493656253,5.867038513980027e-08,385.0
042500,20200827,11.11,8.181527603753814,,
042500,20200828,11.88,8.393656605765276,,
042510,20210604,7.35,11.247451428097467,,
042510,20250507,7.13,-46.11176051376161,0.0,0.0
042510,20250611,2.68,3.0391719278639595,9.783116708076103e-09,588.0
042510,20250623,3.2,-3.899515068192705,1.6984266781629908e-07,1594.0
042510,20260416,2.77,-2.6315624726107156,2.0681271210378304e-09,207.0
042520,20230201,0.38,17.477159708569445,2.4421713615441e-07,438.0
042520,20230202,0.38,-32.62642470761443,1.3696888094744767e-07,336.0
042520,20230323,0.32,4.716732542819502,2.2319379593285028e-07,1450.0
042520,20230404,0.37,-35.69381456286218,6.579555339050298e-08,137.0
042520,20230412,0.25,-13.908866537512276,5.68293361405724e-07,1048.0
042520,20230620,0.39,-5.357813395521649,7.860497554582517e-08,2684.0
042520,20230626,0.34,-11.829743589743591,3.2026888704936956e-07,3278.0
042520,20230630,0.23,-25.393340651298935,3.4319871503039144e-08,441.0
042520,20230703,0.23,-33.80406207105134,4.551830425752071e-08,739.0
042520,20230704,0.22,-22.584059949299384,6.255283503203217e-08,739.0
042520,20230705,0.16,-21.75151975683891,6.407103766626196e-08,739.0
042520,20230710,0.13,-37.936245738586436,5.8311625230205135e-08,2286.0
042520,20250910,0.21,49.90328820116054,1.2840532760545985e-08,131.0
042520,20250912,0.5,240.9737606458918,1.6989690613542763e-07,906.0
042520,20250915,0.48,223.822768750305,2.553298556022179e-08,775.0
042520,20250918,0.59,41.64135885302633,5.878924873389112e-08,560.0
042520,20250924,0.42,-37.96842813077029,8.414442190051025e-08,3305.0
042520,20251001,0.26,-37.37568395333631,6.469642877585565e-09,222.0
042520,20251016,0.15,-26.751132409899558,1.2861854295710434e-08,481.0
042520,20251022,0.15,-16.008053373337017,1.042819662693847e-07,2950.0
042520,20251023,0.14,-5.108442373185163,5.179947284943915e-08,3290.0
042520,20260130,0.21,-8.364462241879089,1.3405782433417109e-07,4906.0
042520,20260202,0.22,1.839605627028984,1.6426911771217442e-07,8031.0
042520,20260219,0.16,-27.537593984962406,1.0713361185589818e-07,2805.0
042520,20260318,0.09,1.1329839966010447,2.397380238761388e-07,10771.0
042600,20200923,2.07,7.12354107390234,,
042600,20201216,6.25,18.34285957638384,,
042600,20201217,5.8,15.025602042426245,,
042600,20201218,4.1,-26.072520435671898,,
042600,20210913,4.76,-9.742095910414994,1.2252854222639886e-08,1763.0
042600,20210914,5.16,-1.5051279412510166,1.833972280197135e-08,3350.0
042600,20210924,3.82,-25.707143324984948,4.958796802833144e-09,930.0
042600,20210927,4.34,19.730675526024367,3.2631156405999435e-08,4504.0
042600,20211013,3.54,-7.869928213916255,2.9781723545697412e-08,8314.0
042600,20230327,1.94,-5.35364280732108,1.7030897486995554e-08,1429.0
042600,20230403,2.27,16.630985219646742,3.7270465762170875e-08,3452.0
042600,20230404,2.33,22.96137066641841,2.9652590252600534e-08,3144.0
042600,20230405,2.47,7.198207677995283,1.472852697141594e-08,2841.0
042600,20230407,2.64,13.10004996468015,1.2742925849753433e-08,1727.0
042600,20251020,0.62,13.732637888306144,9.309079205613079e-09,481.0
042600,20260406,0.19,-36.786779198463634,3.0716904644055777e-07,1483.0
042600,20260407,0.2,-24.925590895827256,2.427225278178099e-07,1938.0
042940,20250407,0.0,,3.860987462987609e-09,22.0
042940,20250408,0.0,,4.743825928343608e-09,8.0
042940,20250411,0.0,,5.662756703133243e-09,216.0
042940,20250416,0.0,,2.095371062780085e-09,405.0
042940,20250417,0.0,,3.100980830167965e-09,405.0
043090,20220805,0.26,70.8144223793214,9.559564998192717e-08,364.0
043090,20220808,0.22,35.69462688434353,5.741662521602482e-09,334.0
043090,20220809,0.24,73.51458341113641,4.796319408835758e-09,517.0
043100,20210623,0.0,,,
043100,20210624,0.0,,,
043100,20210625,0.0,,,
043100,20210628,0.0,,,
043100,20210629,0.0,,,
043100,20250523,0.0,,1.312340203467726e-07,636.0
043100,20250709,0.0,,3.153228627529816e-07,954.0
043100,20250711,0.0,,3.388745689176342e-07,953.0
043150,20200110,0.31,8.077342542942834,,
043150,20200113,0.32,3.2627467105263097,,
043150,20200116,0.3,-10.493245969678922,,
043150,20200117,0.28,-11.835936678789915,,
043150,20210312,1.96,-4.314582551824242,,
043150,20210318,1.88,-3.2356026724090325,,
043150,20210319,1.88,-4.559245648364685,,
043150,20210324,1.72,-8.770255028621332,,
043150,20210325,1.67,-10.629101283880171,,
043150,20210329,1.93,5.067027739256091,,
043150,20210415,1.73,-4.739625413147264,,
043150,20210512,1.34,10.574073355972025,,
043150,20210610,0.96,-5.403042949623737,,
043150,20210611,0.92,-6.356472795497181,,
043150,20210614,1.01,0.6322033112889702,,
043150,20210811,1.0,9.848368479954361,4.926256185505485e-09,321.0
043150,20230504,0.38,5.85570593890985,6.117433899396127e-08,380.0
043150,20260227,0.74,-0.006287218085632151,3.2756880047713037e-08,124.0
043200,20200120,1.87,-14.857930206060821,,
043200,20200128,1.86,-19.05504280274991,,
043200,20200129,2.08,11.562452299197211,,
043200,20250513,0.0,,3.0200810918826737e-09,19.0
043200,20250514,0.0,,9.238930345943346e-08,292.0
043200,20250515,0.0,,1.8236921601986022e-07,341.0
043200,20250604,0.0,,8.926209614751164e-09,431.0
043200,20250611,0.0,,6.493795391600314e-09,336.0
043200,20250612,0.0,,3.192772728092299e-10,26.0
043220,20191022,0.0,,,
043220,20191023,0.0,,,
043220,20191024,0.0,,,
043220,20210609,1.08,29.503274823159554,,
043220,20210610,0.98,0.3782557368601669,,
043220,20240311,0.22,34.245377046399184,1.970511129777833e-07,373.0
043220,20240322,0.36,13.943857603402154,2.7651694811181866e-07,1258.0
043220,20240325,0.35,0.281730747345188,7.950676484049967e-07,1287.0
043260,20201105,0.82,0.23645630812885177,,
043260,20201125,1.47,161.22920364104627,,
043260,20201126,1.56,41.36197833853981,,
043260,20240326,1.76,-13.270896874355032,8.634194895626761e-10,69.0
043260,20251023,2.86,-0.8426495432064973,1.3326175338408928e-07,1090.0
043260,20251024,3.22,5.272044391140485,4.598173332514917e-07,1515.0
043260,20251027,3.36,5.678937384083627,3.768460864257198e-07,1515.0
043260,20251031,3.8,17.928296229145246,2.935685923410814e-07,1041.0
043260,20251106,3.59,-7.208078668760831,5.441014652045155e-07,1145.0
043260,20251113,3.17,-11.542740825827401,2.9076433847733605e-07,731.0
043260,20251117,3.26,-5.841806025359042,3.9436630794546675e-07,884.0
043260,20251127,3.03,-10.815583921534577,1.8200706182370733e-07,608.0
043260,20251201,3.22,4.641818778408124,1.1607183373740047e-07,570.0
043260,20251202,3.37,13.79122801859889,3.8419036549861765e-07,1274.0
043260,20251203,3.94,32.54719097991994,3.8629166292327136e-07,815.0
043260,20251208,4.07,26.332035675261146,1.2890883208466275e-08,704.0
043260,20251209,4.25,26.120941365310557,0.0,0.0
043260,20251210,4.3,8.788888686930685,6.068786414336367e-09,793.0
043260,20251219,3.79,-5.1342234508100155,4.845817890089532e-08,1320.0
043260,20251222,3.62,-6.517714678312069,3.255318103673034e-08,839.0
043260,20251223,3.45,-10.76107591484038,4.254198536864875e-08,1260.0
043260,20251229,2.8,-26.25043216635462,2.037675768903236e-08,1019.0
043260,20260105,1.83,-40.410189435418665,2.838855430027367e-08,1063.0
043260,20260112,1.77,-3.1385203262771055,6.456658165409822e-08,3425.0
043260,20260114,1.7,-4.6596132158679975,9.311403717303533e-08,7745.0
043260,20260129,1.59,-1.9624777168175234,2.1629983940198643e-07,9627.0
043260,20260203,1.58,-0.4968247643696633,2.3795083223215255e-07,10373.0
043260,20260204,1.58,-0.3649915306076501,1.7463958402556955e-07,8317.0
043260,20260209,1.57,-0.9070003752982947,8.034762297344995e-08,7108.0
043260,20260303,1.54,1.5463888935110415,2.4712959641214535e-07,31935.0
043260,20260306,1.53,0.8047761392750985,1.865449770127053e-07,29552.0
043260,20260310,1.61,4.05517108279303,1.903189498323711e-08,5881.0
043340,20200330,0.38,23.750746208363815,,
043340,20200331,0.49,48.5625653936699,,
043340,20210719,0.46,0.24390892098355987,1.6540488856877345e-09,98.0
043340,20210720,0.46,4.024533281204179,3.2664624928779525e-09,502.0
043360,20210427,0.65,-12.114511116423621,,
043360,20210701,0.47,-8.64934954510671,,
043360,20210702,0.24,-53.20125839639487,,
043360,20210714,0.78,-48.64915940427821,,
043360,20210715,0.56,-56.30147497655385,0.0,0.0
043370,20210121,1.85,-7.7071745630201915,,
043370,20210203,1.34,-25.794758334571178,,
043370,20230515,1.06,20.937483114497212,4.5788231695425695e-07,1329.0
043370,20230517,0.97,8.055139031383995,4.417572920215511e-07,2036.0
043370,20230706,0.94,0.2530142905288191,1.0400238005972668e-07,943.0
043370,20240202,0.59,-4.119324680870529,4.0545983061236984e-08,1149.0
043370,20240216,0.94,-26.21421941711528,2.5901410917868617e-07,1965.0
043590,20220525,0.0,-82.9987646695491,1.703643840145594e-08,202.0
043590,20220922,0.31,13.544759425712783,1.9329769666392167e-08,40.0
043590,20220926,0.26,-17.81033923267018,4.94818592159151e-09,24.0
043590,20260210,0.0,,1.626719501039823e-08,129.0
043610,20210115,2.28,4.603567483533122,,
043610,20210323,4.11,14.75084622429408,,
043650,20200512,0.0,,,
043650,20200826,0.0,,,
043650,20210118,0.0,,,
043650,20210121,0.0,,,
043650,20210122,0.0,,,
043650,20210125,0.0,,,
043650,20210205,0.0,,,
043650,20210208,0.0,,,
043650,20210412,0.02,,,
043650,20210812,1.17,53.96969475148232,1.3110395611300304e-07,2454.0
043910,20210602,4.17,-4.7225318738823185,,
043910,20210603,4.25,-5.418033491920571,,
043910,20210609,5.21,24.707085889609637,,
043910,20210616,4.28,-15.93880795008813,,
043910,20210617,4.23,-14.217712722988473,,
044060,20201203,,,,
044060,20201222,,,,
044060,20210111,,,,
044180,20201007,0.0,,,
044180,20250331,0.0,,4.284362641061764e-08,719.0
044180,20250401,0.0,,2.0533587008723167e-08,671.0
044490,20200722,0.86,-12.334317212845935,,
044490,20200727,0.41,-52.89462747576188,,
044490,20200904,0.19,53.08072985531336,,
044490,20220427,0.23,-1.112784471218209,0.0,0.0
044490,20230418,0.54,30.648590539894883,2.716042464163038e-07,992.0
044490,20230608,0.89,32.655926149142275,5.702742112190623e-07,1749.0
044490,20230612,0.92,39.799756237989484,5.210583630192926e-07,1768.0
044490,20230616,1.23,36.31335999383063,3.5355089373318325e-07,862.0
044490,20230619,1.21,30.43259664962239,2.5113068437997193e-07,697.0
044490,20230711,1.38,-1.0941764434834966,2.02141359972364e-07,544.0
044490,20230712,1.39,0.40534713238464803,1.9161358302436552e-07,1353.0
044490,20230713,1.49,3.6499576951634305,2.7265725444550264e-07,1274.0
044490,20230814,1.55,-7.073235574381142,1.3480864181226923e-09,16.0
044490,20230828,2.28,-10.813692622304893,1.7888431993524078e-07,2086.0
044490,20250602,4.43,391.91787048636905,1.5510671498106054e-09,519.0
044490,20250625,2.23,-13.725520419881153,1.20063557309569e-07,4246.0
044490,20250721,2.42,28.532745358581657,4.5050850325191085e-08,6980.0
044490,20260310,3.41,-25.984876607009312,3.1145946232351536e-08,5314.0
044490,20260320,4.23,8.361111288560675,8.56276966634724e-08,18365.0
044780,20201204,1.26,-10.02271959718768,,
044780,20210401,0.85,2.1189380894862664,,
044780,20210402,0.82,-2.079733672571693,,
044780,20210405,0.82,-1.7063045537479615,,
044780,20210430,0.97,18.155886757469865,,
044780,20260415,0.0,,2.290698227936717e-08,632.0
044960,20190918,7.22,12.901253099391807,,
044960,20190920,9.8,48.19094294627251,,
044960,20201202,10.81,4.888145457667603,,
044960,20201207,10.04,2.5599080164265597,,
044990,20251128,1.6,-10.01336786698972,8.42860105353828e-08,446.0
044990,20251201,1.71,-0.6002065226744735,1.2678517199940096e-07,446.0
044990,20251202,1.92,18.603814046105537,9.179570261520068e-08,947.0
044990,20251203,1.93,15.679217207718853,1.128813255142692e-07,947.0
044990,20251204,2.14,40.2940401180242,2.6317650798853254e-07,985.0
045060,20200120,3.39,16.0567739546565,,
045060,20200121,3.52,16.12440860465658,,
045060,20200128,4.91,64.27641313998225,,
045060,20200129,3.66,7.808817995966755,,
045060,20200131,1.3,-79.22995712408162,,
045060,20200219,0.47,15.456671193939986,,
045060,20200220,0.6,81.58023912205041,,
045100,20201118,2.42,-4.427270169898834,,
045100,20201119,2.39,-21.479250602155776,,
045100,20201123,2.54,4.146597190613033,,
045100,20201209,2.87,-0.023115330086909136,,
045100,20201214,3.12,9.809639814793126,,
045100,20230623,1.24,1.0428685144937333,2.526081652726532e-07,540.0
045100,20230703,1.32,6.412540078375484,3.3066967211082697e-07,909.0
045100,20230717,1.19,-9.375183781831009,1.4548781221455953e-07,2045.0
045100,20230802,1.36,-2.857850051271571,2.3563645560785158e-09,392.0
045100,20230816,4.39,-4.598602491965298,1.6209808119055116e-08,4294.0
045100,20250909,1.68,-6.079998027175659,5.009774348348362e-07,1016.0
045100,20250922,1.73,1.1588785046728889,2.8828236039076263e-07,1100.0
045100,20251010,1.93,-2.4510229394915983,4.3415900618138476e-07,1773.0
045100,20251117,1.82,-1.1339415893820703,1.524136119295395e-07,1136.0
045100,20260102,1.72,4.109680700157914,2.1969875569335473e-07,789.0
045100,20260105,1.69,0.2236405011639686,7.161281756958327e-08,878.0
045100,20260128,2.69,1.8334699202221083,5.499661997060963e-08,1194.0
045100,20260129,2.96,14.123901592983866,3.5744267405343204e-08,1194.0
045100,20260226,3.45,9.320427576393708,1.6466963023698003e-08,350.0
045300,20200727,0.82,-26.297367797012093,,
045300,20200728,0.7,-39.57224521979105,,
045300,20200803,1.06,29.313651046962065,,
045300,20200804,0.92,29.520618021678203,,
045300,20200812,3.16,345.3801918836779,,
045300,20200821,4.16,20.377439482438795,,
045300,20230714,3.31,-12.69811909077937,7.087525541515131e-09,280.0
045340,20200708,0.36,18.82242990654206,,
045340,20200720,0.48,-37.25751207765596,,
045340,20200721,0.86,30.444891726818433,,
045340,20201221,1.39,6.916185511062878,,
045340,20201222,1.42,3.681404775692343,,
045340,20210105,1.34,140.08544186238495,,
045340,20210106,1.86,333.7979094076655,,
045340,20210107,1.62,365.28884296143207,,
045340,20210108,1.48,328.3588079868892,,
045340,20210113,0.38,-78.96391768624888,,
045340,20240319,1.0,4.2581519765668485,1.2023142851720635e-08,128.0
045340,20240402,1.26,-33.34420700182186,1.1881025156631845e-07,180.0
045340,20241205,1.1,7.71472461934668,2.6650819313010143e-09,54.0
045340,20241206,1.34,24.0979590074581,2.0876757326853978e-09,54.0
045340,20241209,0.7,-33.80198345296148,2.485230813399464e-09,75.0
045340,20241210,1.16,4.142535727678021,1.5123081954890795e-09,75.0
045390,20200703,9.76,3.2843566964927406,,
045390,20250414,4.28,15.900613220626148,1.828282118244393e-07,2058.0
045390,20250418,4.41,7.430128269910052,4.803923188809595e-07,2388.0
045390,20250421,4.61,7.552180570581157,5.086167738618164e-07,2526.0
045390,20250507,4.77,0.9775737998490408,1.6769454799437527e-07,744.0
045390,20250520,5.11,4.610016222879998,8.575808410095203e-08,2320.0
045390,20250612,5.82,12.751477401045562,3.7324036930402796e-08,2776.0
045390,20250613,5.76,12.931304416198252,1.0056490419295087e-07,4226.0
045510,20200508,0.28,6.485480687905265,,
045510,20200831,0.36,13.516425358182428,,
045510,20210616,1.78,-10.386303105586192,,
045510,20210617,1.7,-13.701294640065043,,
045510,20210618,1.68,-7.538917352246344,,
045510,20260422,0.0,0.0,1.1292053179568552e-07,514.0
045520,20200703,8.97,11.181404484438072,,
045520,20200706,8.87,11.860134874647166,,
045520,20200708,9.49,16.625570853904858,,
045520,20200713,10.12,14.058465231389516,,
045660,20200511,11.87,-1.099148119886173,,
045660,20200519,11.91,-1.3820581897091566,,
045660,20200708,11.9,-8.017491893590044,,
045660,20200714,12.13,-0.9574605758791432,,
045660,20200716,10.34,-12.845565919149015,,
045660,20200729,6.13,77.25265574045824,,
045660,20200807,9.81,10.430067426863499,,
045660,20200810,10.03,10.170455527014145,,
045660,20200812,11.12,12.58277091362434,,
045660,20200813,11.37,18.115679799761764,,
045660,20230927,3.94,0.6341269425339746,3.0776288463022186e-08,782.0
045660,20240102,5.74,-5.575485591743201,2.657452638992109e-09,268.0
045660,20240325,7.26,6.73740713092319,6.065729420841175e-08,568.0
045660,20240402,7.66,8.698592864585741,2.1024582025304067e-08,428.0
045660,20241205,7.52,-0.5172003076022835,4.238930473345248e-09,511.0
045660,20241206,7.21,-5.4881459660154235,2.3946079499572307e-09,524.0
045660,20241209,5.7,-25.749721946484726,2.869700497481602e-09,519.0
045660,20241210,2.73,-63.34708137221603,1.2523923599546972e-09,479.0
045970,20200804,3.22,37.865290056056075,,
045970,20210126,4.55,3.5668482865292894,,
045970,20230322,4.65,9.989570897684308,1.4385357556173517e-08,2109.0
045970,20250915,0.55,9.692785231170408,1.488421454571742e-07,1499.0
045970,20250916,0.58,11.381365270850253,7.279111320718329e-08,1141.0
045970,20250918,0.52,-11.484218452859562,1.9514076829755234e-07,1310.0
046070,20200619,0.9,0.0,,
046070,20200622,0.9,0.0,,
046070,20200623,0.89,-1.1056524930826095,,
046110,20210222,,,,
046110,20210407,,,,
046110,20210604,,,,
046110,20220225,,,,
046120,20201005,9.37,61.94298047628517,,
046120,20201007,10.17,75.68772587386225,,
046120,20210215,9.43,2.714155734313617,,
046120,20210216,9.21,-1.5826529710139425,,
046120,20210217,10.2,6.957343916873149,,
046120,20210402,10.35,3.5238118836205867,,
046120,20210405,10.43,2.158041203079608,,
046120,20210407,9.66,-8.475673155787423,,
046120,20210408,9.67,-6.322881933757618,,
046120,20250619,1.23,7.006395308856539,1.0366145268120959e-08,576.0
046120,20250620,1.24,1.70329735219783,6.629361431025896e-09,1014.0
046120,20250623,1.61,33.20823883749115,5.788655431604248e-09,1014.0
046120,20260220,3.3,23.24046378759872,5.6726743661098075e-08,5954.0
046120,20260312,3.17,-6.246524410392251,3.3584213259001556e-08,5833.0
046120,20260313,3.29,8.223800251519187,3.5988965041327423e-08,5833.0
046120,20260316,3.29,10.445935701820886,3.282098650147611e-08,5709.0
046120,20260319,3.04,-4.236451978631484,2.501040332487355e-08,3962.0
046120,20260320,2.93,-11.155145171211057,2.3690741445805636e-08,5563.0
046120,20260323,2.61,-20.84337549197365,2.0762894440265963e-08,5563.0
046140,20210414,,,,
046210,20200731,0.0,,,
046210,20200803,0.0,,,
046210,20200804,0.0,,,
046210,20221205,1.59,-2.7208132240069793,4.345219225280077e-10,44.0
046310,20201210,5.11,-3.96959040299526,,
046310,20210120,6.52,6.628621335890461,,
046310,20210629,7.79,0.8698596695698724,,
046310,20230803,2.81,-17.531322786748625,4.43822206692027e-08,201.0
046310,20230804,2.86,-10.230935295548527,1.208755710389745e-07,201.0
046310,20251226,2.11,2.205337286879172,1.969876447178652e-07,265.0
046310,20260105,2.02,-4.925714970237505,2.0527348405291473e-07,224.0
046310,20260106,2.03,-3.3288721955993084,0.0,0.0
046310,20260108,2.29,17.299993477795006,0.0,0.0
046390,20201229,3.12,-15.674487964938566,,
046390,20201230,3.02,-20.415447442039934,,
046390,20210120,7.33,15.710674788768685,,
046390,20210125,6.74,-4.534564239987504,,
046390,20210127,5.19,-29.16331416762148,,
046390,20210202,2.34,-65.72459790537539,,
046390,20210209,3.09,31.907625990316358,,
046390,20220413,6.1,-0.6674118327811063,2.3561728329418138e-07,3218.0
046440,20200423,1.89,8.000023494929497,,
046440,20200506,2.54,30.140343411897284,,
046440,20200612,3.19,1.551551797192352,,
046440,20200623,6.14,10.396145615230324,,
046440,20250613,1.57,0.5062846240104335,1.105161284300998e-08,332.0
046890,20201013,2.75,-2.215376155500859,,
046890,20201215,3.17,-3.5114343318272123,,
046890,20210104,2.84,-0.9596727485507106,,
046890,20260224,1.07,-2.501269837336939,2.2789061266145368e-08,548.0
046890,20260225,1.06,-1.8255581276729327,1.36642487069964e-07,511.0
046890,20260226,1.09,-0.7844853448302547,1.7199666728801429e-09,303.0
046890,20260430,1.24,94.7661151165746,5.968632573715527e-08,13895.0
046890,20260504,1.21,82.77430606389838,1.0598629047565698e-07,11812.0
046940,20191113,5.27,40.59900269843442,,
046940,20200109,8.46,19.853057286074872,,
046940,20200113,9.27,25.942379865452047,,
046940,20210507,6.3,-3.1426578837519425,,
046940,20260120,1.19,7.102103886841782,2.2810978150265508e-07,1332.0
046940,20260204,1.77,10.445962647624274,8.421600053981185e-08,212.0
046940,20260223,2.58,9.132653535475587,7.844688220577225e-08,424.0
046940,20260224,2.52,7.250787823733518,3.532282134536827e-08,387.0
046940,20260421,2.08,38.56755254574442,4.4916117621282935e-09,47.0
046970,20220502,0.04,0.0,4.640076469648079e-09,50.0
046970,20220509,0.0,-94.22993177529395,3.408014248785619e-08,911.0
046970,20230824,3.39,-32.19640518377954,7.611666768438498e-10,122.0
046970,20230828,3.66,51.902537447639105,3.670201686803859e-09,864.0
046970,20260319,1.13,-6.349402763169487,5.7132260142062295e-09,302.0
046970,20260320,0.96,-17.545067831463047,7.3743501293513025e-09,302.0
046970,20260323,1.04,-12.021432348185945,1.5350930038934634e-08,407.0
046970,20260324,1.01,-11.65844520026078,5.235389297962556e-09,413.0
046970,20260327,0.7,-27.586951166582597,8.197684158149858e-09,1552.0
046970,20260414,0.07,-59.74660357197374,9.657226893872557e-09,4854.0
047080,20200729,0.43,-3.6510085999191033,,
047080,20210303,1.14,-31.849693702756444,,
047080,20210308,1.62,37.72642867646305,,
047310,20230801,1.27,-17.687213353634046,8.55389916367197e-09,601.0
047310,20230802,1.3,-15.118680515724058,1.4486846686643508e-08,2705.0
047310,20230811,0.28,-78.83778764126295,8.349748558411186e-09,3481.0
047310,20230814,0.57,23.454153834760017,8.932170935503957e-09,2575.0
047560,20201005,0.68,-25.603728286965122,,
047560,20210319,2.36,1.8626005973886972,,
047560,20210325,2.72,20.12604387039305,,
047560,20210526,3.77,21.713419082136042,,
047560,20210621,3.46,-6.229850478744147,,
047560,20210714,3.03,-8.028778931650038,,
047560,20210715,2.97,-10.462917194988286,0.0,0.0
047560,20210720,3.55,15.058964343846393,6.762693628002637e-08,1234.0
047560,20210723,3.25,3.115149215052626,2.2607053061449377e-08,1582.0
047560,20230524,3.95,0.6143175514834232,1.0100497907671004e-08,1568.0
047560,20230607,4.95,-26.697414076221214,7.130718252416377e-09,1388.0
047560,20240108,7.23,-5.819420713741041,3.356784940706009e-08,5318.0
047560,20240109,7.93,2.9124625405833937,1.0242060548146361e-07,12850.0
047560,20240118,5.34,-29.91291695447247,2.3490224001187318e-08,3615.0
047560,20240126,4.11,-13.417695370785355,2.8972387716596372e-08,4318.0
047770,20210810,3.84,-3.013781786162184,1.0327293961632676e-08,2487.0
047770,20250812,3.08,26.32124756166472,4.330935779521146e-09,399.0
047770,20250813,2.97,17.03305537374138,3.522377980430539e-09,399.0
047770,20251020,6.81,29.83832394058046,1.0967091978493118e-08,799.0
047770,20251021,6.54,29.68120888814434,6.771265636107213e-09,1319.0
047770,20251027,6.31,-7.331848145122333,6.886053173321895e-09,1345.0
047770,20260219,5.62,53.29645690171858,2.2116969558150715e-08,2361.0
047820,20200908,5.6,5.459026137089706,,
047820,20200909,4.31,-23.624208992302652,,
047820,20200911,1.44,-71.54454494387608,,
047820,20211102,3.4,-5.60982740891367,2.2590155589971566e-08,11696.0
047820,20211117,4.16,-15.285500777641703,2.8875951716554157e-08,15461.0
047820,20220525,11.51,-49.219538341904745,0.0,0.0
047820,20250403,0.02,-93.34971876920169,0.0,0.0
047920,20200831,6.73,0.7505125594350792,,
047920,20200901,5.84,-12.474500768703345,,
047920,20200907,3.91,-41.951222087872054,,
047920,20200908,3.77,-35.3618513085133,,
047920,20200909,3.74,-42.49228521268823,,
047920,20210809,2.6,5.1035781205282404,4.783394764033959e-08,4958.0
047920,20210810,2.66,6.494884452902605,7.312411929903615e-08,4958.0
047920,20210812,2.81,7.077315627837111,1.1018413730391666e-07,7779.0
047920,20240205,4.66,14.519264982463277,5.970223702972948e-08,6439.0
047920,20240308,3.52,-7.190731066258627,6.21918919749058e-08,5659.0
047920,20240311,3.49,-5.2881048200969065,2.304704190447468e-08,3436.0
047920,20240312,3.34,-9.140553025011677,9.373796214873232e-08,8182.0
047920,20240315,2.79,-20.452040630568348,5.5211363308892994e-08,10302.0
047920,20240321,2.42,-20.24490150385735,1.1238090840877065e-07,37069.0
048260,20190703,,,,
048260,20201111,,,,
048260,20201124,,,,
048260,20201125,,,,
048260,20210120,,,,
048260,20210125,,,,
048260,20210128,,,,
048260,20210309,,,,
048260,20210311,,,,
048260,20210319,,,,
048260,20210322,,,,
048260,20210401,,,,
048260,20210610,,,,
048260,20210617,,,,
048260,20210622,,,,
048260,20210715,,,,
048260,20210729,,,,
048260,20210803,,,,
048260,20210805,,,,
048260,20210824,,,,
048260,20210825,,,,
048260,20210826,,,,
048260,20230119,,,,
048260,20230120,,,,
048260,20230125,,,,
048260,20230213,,,,
048410,20190626,3.85,6.562310985206676,,
048410,20201214,7.4,46.72153000407619,,
048410,20201215,7.18,41.20369331783051,,
048410,20201216,6.52,27.37455243334601,,
048410,20201217,6.04,18.979536819588017,,
048410,20201222,5.15,-28.242583139133416,,
048410,20210223,3.79,7.766131238643181,,
048410,20210225,3.76,8.08808848780098,,
048410,20210226,3.71,-2.8360683816749943,,
048410,20220902,5.35,4.349584296748166,1.1176302850165976e-07,48643.0
048410,20260223,0.91,-7.764367606536204,1.3786815976655375e-07,28210.0
048410,20260224,0.88,-9.904168824552318,6.278932199030798e-08,28210.0
048430,20200717,3.11,79.25355491603365,,
048430,20200720,3.17,82.09425854454304,,
048430,20200722,5.86,239.56589708403078,,
048430,20200727,5.03,58.520563958855696,,
048430,20201111,5.33,8.469997866499268,,
048430,20250404,4.88,0.3057021724594211,1.8744761602543485e-08,953.0
048430,20250407,4.91,-1.6484365639309662,7.407189056809037e-09,948.0
048470,20210427,2.24,39.34398706628528,,
048470,20210510,3.58,24.765685454627473,,
048470,20210511,3.51,5.982645622649363,,
048470,20240603,3.01,10.151326382665582,9.504694040596562e-10,39.0
048470,20240604,3.0,9.05492850133438,5.063636887746844e-10,22.0
048530,20200806,4.89,-5.100537692211682,,
048530,20201218,6.42,-0.797895520108105,,
048530,20201221,6.33,0.5856254946894124,,
048530,20201228,6.75,5.068570667417394,,
048530,20201229,6.48,2.4292142122210203,,
048530,20210104,5.97,-6.643797680603026,,
048530,20210105,6.02,-9.614158569862031,,
048530,20230828,3.61,-13.191667164090015,1.639634711595316e-08,277.0
048530,20260304,1.86,95.56735851977768,3.7997746007529406e-09,415.0
048530,20260305,2.25,127.56143839463259,1.9902680528882198e-08,364.0
048550,20210528,2.23,-13.87567340015985,,
048550,20210531,2.73,9.886037364090438,,
048550,20210602,2.41,3.232046159430668,,
048550,20210607,2.54,-7.209543448515099,,
048550,20210723,2.23,-3.0571661053561017,6.9540424885997125e-09,2276.0
048550,20210803,2.43,-17.911358681801005,1.3824635441596604e-08,5535.0
048550,20210804,2.43,-5.093722711248483,8.296551189454703e-09,5028.0
048770,20190812,1.34,38.804475666740835,,
048770,20220104,0.95,16.629326392435306,1.5527926829846065e-09,77.0
048770,20220105,0.87,-0.9397549924483939,2.380445016944584e-09,277.0
048770,20251229,0.29,5.182380354902305,1.3398437353005053e-08,241.0
048770,20260119,0.23,-0.11075657287519247,1.2499951785575346e-07,687.0
048770,20260205,0.22,10.923556281574243,3.841579271000495e-08,1648.0
048770,20260512,0.14,-39.371697769449,3.8697471997578376e-08,1940.0
048770,20260513,0.1,-57.72353478658139,3.618033323546991e-08,1940.0
048830,20210702,1.93,-5.6364994863173585,,
048830,20210715,2.03,-0.6644596153896232,0.0,0.0
048870,20200831,1.94,5.91223019682674,,
048870,20200901,1.94,1.0484443544364508,,
048870,20200918,2.15,-7.087880076599151,,
048870,20210713,5.36,14.907820936065107,,
048870,20230904,3.58,0.7294001585078425,2.627318353966962e-09,80.0
048870,20250416,3.54,1.1366946301726744,4.5202756045168984e-07,764.0
048910,20201127,4.74,0.7243590392250088,,
048910,20201203,6.88,45.76362011503521,,
048910,20210120,7.1,7.725336378291892,,
048910,20210205,6.61,-5.249665182508245,,
048910,20210210,8.44,33.7085594338008,,
048910,20210329,7.57,-8.47037880371917,,
048910,20210331,6.0,-21.870395208640314,,
048910,20210407,3.15,-47.511747893446966,,
048910,20250619,3.94,2.6144034301370356,3.0882205813763844e-07,3324.0
048910,20250630,3.91,-7.24313188623854,9.883538599266554e-08,1359.0
049070,20200813,2.52,-17.185074116954844,,
049070,20200903,2.54,1.0234365122240074,,
049070,20200904,2.46,-3.3557229983366854,,
049070,20201119,2.72,8.20417980108703,,
049070,20201120,2.79,3.997176482778264,,
049070,20201123,2.99,17.1629207099516,,
049070,20201124,3.02,14.568687989627849,,
049070,20201125,2.98,11.329095655910425,,
049070,20201126,2.84,4.490287382654756,,
049070,20201127,2.97,6.358026357030022,,
049070,20201217,2.55,0.7318563017259638,,
049070,20201218,2.42,-6.743495254048016,,
049070,20201223,2.58,-4.296688970057428,,
049070,20201224,2.68,5.384641688798708,,
049070,20201228,2.7,11.814223720890137,,
049070,20201229,2.25,-13.248224986208601,,
049070,20210120,1.91,4.473957607470003,,
049070,20210203,2.28,-2.722263323675178,,
049070,20210209,2.6,15.221093233074988,,
049070,20210219,2.37,-7.303542795454076,,
049070,20220128,5.36,-0.33994456487742575,1.351232373340985e-07,7875.0
049070,20220203,5.74,6.326243546708543,1.7224085780605884e-07,8681.0
049070,20260120,6.0,5.363710801553601,3.101493045310023e-08,946.0
049080,20200916,0.71,-51.95303904019066,,
049080,20201126,0.79,-1.6227701712365539,,
049080,20201215,1.0,-12.805179736934868,,
049080,20260324,0.0,,2.9788998886533143e-08,373.0
049080,20260325,0.0,,2.4544474067701276e-08,342.0
049080,20260330,0.0,,2.9779829180711866e-08,1017.0
049080,20260406,0.0,,6.337733712236893e-09,1206.0
049080,20260415,0.0,,4.071971753667516e-09,589.0
049120,20210426,1.15,64.12159583787937,,
049120,20210617,1.1,21.80967017180466,,
049120,20210618,0.94,8.700230538558884,,
049120,20210621,1.16,40.96434619433384,,
049120,20260506,0.13,0.0,1.0712110068622341e-07,247.0
049180,20210326,0.0,,,
049180,20210708,0.56,52.10210311390237,,
049180,20230418,2.54,6.789703903764255,2.49745828280263e-08,3651.0
049180,20241004,0.52,-2.273993214551817,1.3452223640565075e-08,2167.0
049430,20200706,0.2,1.1636203962895886,,
049430,20210421,1.21,-9.694877069252616,,
049430,20210428,1.59,30.724661261310125,,
049430,20210521,2.27,25.506500443074074,,
049430,20210621,2.72,4.208023072447142,,
049430,20240715,1.74,9.802346357881909,1.1356807248828404e-07,249.0
049430,20240926,1.46,7.315205211096143,7.140525194672734e-09,9.0
049430,20240927,1.54,12.182504992501219,6.913784583864376e-09,9.0
049430,20241029,2.65,7.705154380686285,1.7034153139501574e-07,217.0
049430,20241212,2.86,-1.5389924870770955,3.712616788490778e-08,1112.0
049430,20251216,1.83,-6.703029285894102,3.218882557514754e-07,326.0
049430,20260204,1.56,-3.939289549940217,5.142144056443881e-07,577.0
049430,20260220,1.57,-3.6800053712904512,4.1411447101823436e-07,465.0
049430,20260312,1.48,-1.8286315205246373,1.3479564833195865e-07,621.0
049430,20260330,1.41,-6.302361005331303,2.8198830530580547e-08,45.0
049430,20260331,1.39,-6.714893554262624,1.9259861045110123e-08,45.0
049430,20260401,1.45,-3.743737310293449,0.0,0.0
049470,20201202,0.0,0.0,,
049470,20201203,0.0,0.0,,
049470,20210617,0.0,-88.0907012195122,,
049470,20210618,0.0,-90.29701016347072,,
049470,20250714,0.0,-36.916695471828554,3.590986881478544e-08,94.0
049470,20250715,0.0,-7.244675498909947,7.146125834544133e-08,95.0
049470,20250718,0.0,22.883435582822088,9.976021859420694e-08,1517.0
049470,20250822,0.0,,2.5325607874766515e-08,477.0
049470,20250829,0.0,,4.709763941308315e-08,2527.0
049480,20210618,6.3,5.298184814276863,,
049480,20210621,6.7,8.581352553052435,,
049480,20210702,2.13,-43.29459406515762,,
049480,20210721,3.39,-7.155738082831464,6.704943136122365e-09,1712.0
049480,20250623,1.86,-3.3723845932502994,3.0996534284489006e-09,177.0
049520,20230131,0.0,,1.5385400594166385e-07,173.0
049520,20230202,0.27,,1.419538591055711e-07,328.0
049520,20230206,0.25,,3.003272132888848e-07,575.0
049520,20230209,0.25,-8.794728501126038,1.4288856755592723e-07,757.0
049520,20230804,1.28,26.84899047687692,8.860704469698657e-08,1394.0
049520,20240517,4.56,27.992459822505555,2.3622492591842714e-07,1209.0
049520,20240522,4.3,18.4103434996433,3.0879876576287014e-08,376.0
049550,20210309,0.06,40.61844863731656,,
049550,20210312,0.06,39.01991614255764,,
049550,20210325,0.13,-13.662707057421187,,
049550,20210326,0.12,-18.035946206376472,,
049550,20210329,0.11,-21.17390757886799,,
049630,20210902,2.12,-2.7441148203334764,2.1314156696735664e-09,207.0
049630,20250417,2.48,-1.1589760706190444,1.211138977303256e-07,928.0
049630,20251023,3.53,25.978837032433375,1.1080128759153269e-08,1390.0
049630,20251027,4.52,57.29500270322356,0.0,0.0
049630,20251112,4.85,23.478999026994508,1.9850158516944337e-08,5059.0
049630,20251118,3.25,-30.270768106622103,2.9645320959021957e-08,4825.0
049630,20251204,2.09,-12.110028929915407,1.7313186019737854e-07,6028.0
049630,20251210,1.91,-9.305256497087367,1.390499109731947e-07,13166.0
049630,20251211,1.84,-11.563685995701645,1.4756602143815885e-07,12914.0
049630,20251224,1.94,26.768138289193576,1.7188729571052448e-07,15206.0
049630,20251226,1.98,32.38620997499959,1.1370045334027347e-07,26062.0
049630,20251229,2.08,35.748391887955776,1.3823965190343574e-07,26062.0
049630,20260102,2.24,29.286064321992367,1.7841473117579672e-07,21369.0
049630,20260115,1.51,-10.226179869930895,1.031777860258898e-07,8348.0
049630,20260116,1.47,-11.928289762831056,8.957798932121903e-08,8348.0
049630,20260119,1.39,-13.94788625295309,8.369446895144418e-08,8348.0
049630,20260120,1.35,-15.127590025483318,7.307293477090277e-08,8348.0
049630,20260430,1.84,-49.52051406492076,1.8548617443677433e-08,805.0
049720,20190723,0.32,4.981325554155891,,
049720,20200507,0.33,194.47285723088297,,
049720,20200515,0.47,35.53045695390622,,
049720,20210526,0.48,-3.258440828524034,,
049720,20210604,0.6,2.279108563104293,,
049720,20220712,4.43,-1.0698229796043068,2.207732718743504e-08,1761.0
049720,20250926,0.16,22.380282424052943,5.449615740753235e-07,944.0
049720,20250929,0.22,44.823018954099105,6.027002005647597e-07,1343.0
049830,20210322,0.89,-0.2992123145694747,,
049830,20210323,1.15,28.214111570621057,,
049830,20210325,1.56,84.67093165798345,,
049830,20210412,0.18,-16.46286701208981,,
049950,20210114,1.93,-3.2032409402077633,,
049950,20230228,4.14,2.293409426260107,3.4039264769786784e-09,411.0
049950,20230302,4.14,2.04744034147879,1.8620013131934152e-09,411.0
049950,20230303,5.49,34.092492683800835,4.626436238242005e-09,922.0
049950,20230327,3.46,-9.097358605465477,4.8797931529855305e-08,7625.0
049960,20201207,1.68,0.013876536668755435,,
049960,20240708,1.39,1.3138305220020463,6.287455495144485e-08,105.0
049960,20240710,1.31,-4.009430328058306,1.0707682720246456e-07,679.0
049960,20260223,0.49,-1.4553619693126518,7.483363287410275e-08,280.0
049960,20260511,0.45,5.934180482477913,1.680554184718889e-07,247.0
050090,20201027,0.0,0.0,,
050090,20210621,0.39,44.20216944854107,,
050090,20230508,0.12,0.0,0.0,0.0
050110,20190920,2.78,-0.5499494514546788,,
050110,20191031,3.69,3.9003188822966717,,
050110,20200103,5.44,4.657170984868753,,
050110,20200106,5.57,10.296075184842568,,
050110,20200108,5.26,1.0641036796888326,,
050110,20200109,5.33,3.904870262192639,,
050110,20220805,7.96,-1.470656506092205,1.275881421304471e-08,6634.0
050110,20260227,0.81,-79.30684038642855,0.0,0.0
050120,20210125,2.44,-86.91853691867443,,
050120,20210426,1.74,-24.016959122600056,,
050120,20210527,1.57,-0.9413558852072623,,
050120,20210601,1.86,28.52682877303416,,
050120,20210603,2.04,29.95526071480221,,
050540,20220124,,,,
050760,20191213,6.72,-4.953833183151602,,
050760,20191216,6.71,-7.251464856965006,,
050760,20191217,6.88,-0.5241016032382917,,
050760,20191220,6.57,-2.1932776400066634,,
050760,20200529,8.11,1.0819691869685233,,
050760,20200608,8.83,7.361101193663933,,
050760,20200609,9.08,3.641666393257803,,
050760,20200805,9.07,9.337017267334268,,
050760,20200806,8.33,2.6036923804638734,,
050760,20200914,8.21,1.733801013644043,,
050760,20250422,1.04,0.0,3.0139554163859914e-08,33.0
050890,20200721,7.25,20.537092224789966,,
050890,20200807,7.55,1.8101105936475514,,
050890,20200811,7.23,6.223553424856942,,
050890,20200903,8.83,7.558500439984384,,
050890,20230919,3.56,-0.5947247572886227,8.472368099197391e-09,1226.0
050890,20230920,3.56,1.5489422232139116,1.2115828546636374e-08,2415.0
050890,20250124,6.97,1.3699369427691899,3.612918740271397e-08,9723.0
050890,20251029,6.02,0.7956818967167933,4.459893740458772e-08,7797.0
050890,20260206,5.13,-8.782302028493783,1.8194318405359366e-07,12337.0
050890,20260311,4.89,-10.382535058710562,8.985301812887131e-08,32357.0
050890,20260312,4.91,-9.749476888475606,5.631970089095522e-08,27702.0
050890,20260325,3.97,26.50515602010084,9.97008278607055e-10,791.0
050960,20200727,2.29,151.31806221447368,,
050960,20200807,3.79,4.707597920079087,,
050960,20200810,3.79,2.3919663775658906,,
050960,20200812,2.85,-27.235410410032745,,
050960,20200813,2.91,-26.184929095281262,,
050960,20210106,6.12,17.574709412122203,,
050960,20210107,5.91,8.693736212022717,,
050960,20210108,5.3,-7.385452966176187,,
050960,20210112,2.61,-58.84135106516963,,
050960,20210127,0.86,-18.4284599520651,,
050960,20240325,2.05,11.2614774290559,1.4436625502870704e-07,556.0
050960,20241209,0.71,-55.34654553447139,2.886327981637277e-09,41.0
050960,20241210,0.65,-59.05185540656521,1.8394532655331078e-09,41.0
050960,20241211,0.59,-62.2063169560399,1.4233870166176824e-09,41.0
051160,20200514,1.72,36.07084998379955,,
051160,20200828,1.27,12.911103186068583,,
051160,20210216,1.83,6.149282418254454,,
051160,20210707,1.49,-6.067963254728759,,
051160,20240523,3.3,-19.5666827306201,1.1023587660580327e-07,974.0
051160,20240620,2.4,-11.099903904161689,1.5758343900304685e-07,2530.0
051160,20240625,2.23,-13.220250351341633,3.17214148589099e-07,2430.0
051360,20191114,3.09,1.8743343145847469,,
051360,20191127,3.86,-4.99969186614665,,
051360,20191217,3.32,0.8073949336375286,,
051360,20191218,3.41,5.37956450267929,,
051360,20220112,5.54,51.86911142269337,4.5595414690504217e-07,3514.0
051360,20220113,5.4,30.15803096128544,5.981764939999104e-07,2791.0
051360,20220204,4.69,-7.079082461498476,5.975220822147615e-09,95.0
051360,20230221,2.69,-7.642378820565899,1.1269058601673136e-07,480.0
051360,20230613,2.59,5.722135590703203,2.427447790933804e-07,1267.0
051360,20230622,2.55,-0.5086513391798997,3.800498502135137e-08,230.0
051360,20230803,2.37,-1.0981737833283267,5.3711115748923646e-08,975.0
051360,20230810,2.49,4.6836713682693265,8.85217258164223e-08,732.0
051360,20230817,2.13,-19.532813774186376,2.2966282175112603e-08,154.0
051360,20230824,2.03,-4.306505247095749,7.312801314863958e-08,1024.0
051360,20230828,2.31,10.014278637410023,2.5823012167089077e-07,3290.0
051360,20230829,2.47,19.870129483642685,5.68101228683546e-07,3963.0
051360,20240508,1.7,-3.412486678136817,2.2526119353406076e-07,3825.0
051360,20240607,2.12,-1.2474108170310694,1.4436227607584526e-07,823.0
051360,20240617,2.13,2.0322595831322676,1.209314005627533e-07,610.0
051360,20240618,2.17,2.6865549604901284,1.5384329098620181e-07,668.0
051360,20240619,2.12,-0.7054383196638425,1.778951760258949e-07,2768.0
051370,20191025,1.95,5.878172870826015,,
051370,20220222,0.23,35.940454831983715,1.045919093804462e-07,4394.0
051370,20220225,0.5,162.33857816563093,1.8647492738589146e-07,4204.0
051370,20220228,0.51,150.47169811320754,2.5734114746911806e-07,4204.0
051370,20240119,1.51,9.25697966418828,1.9099563744149386e-08,2856.0
051370,20240122,1.47,2.8807492034348403,1.1652525014745844e-08,2827.0
051370,20240126,3.01,98.85078191896885,3.43815841889343e-07,6378.0
051370,20240130,2.87,-5.920847921823446,3.5877635900751576e-11,6.0
051370,20251120,2.05,-0.15657133626180153,3.1450071289906857e-07,4878.0
051370,20251210,2.52,-2.0741509374539002,1.6578514954376957e-07,1579.0
051370,20260130,2.25,-3.6250585720142947,2.0693430652430613e-07,2943.0
051370,20260325,1.89,-4.621567746222343,5.0631149197225074e-08,387.0
051380,20191119,1.0,-1.9222234901796642,,
051380,20191126,1.29,28.686119119339114,,
051380,20191204,1.07,-13.248577767963232,,
051380,20191205,1.06,-15.131633413362033,,
051380,20191211,1.38,28.555843778030976,,
051380,20191213,1.55,65.61519474542945,,
051380,20210924,1.92,13.908374869238816,7.55587956205392e-08,207.0
051380,20211214,2.22,5.8635025116923645,6.924586946047171e-08,1109.0
051380,20211215,2.02,-3.1103085401164465,2.7069830549243773e-08,1109.0
051380,20211216,2.95,31.35936253137035,2.257786997927492e-08,1109.0
051380,20211220,2.69,19.012182507757736,3.061076521105145e-08,750.0
051490,20200602,2.26,-0.5785376419731425,,
051490,20200707,4.48,6.683935915125039,,
051490,20200803,5.12,0.7912473277080334,,
051490,20200922,5.87,19.107934781522662,,
051490,20220113,5.02,6.207566191536884,4.07100109900085e-09,949.0
051500,20210315,1.23,-4.707060267424589,,
051500,20210322,1.62,31.396460212983747,,
051500,20210504,1.64,-1.1013371576310882,,
051500,20210510,1.84,7.557885967706368,,
051500,20210511,1.86,12.734260670538733,,
051500,20210513,1.76,4.468765383601769,,
051500,20210527,1.33,-10.921513174474285,,
051500,20210528,1.27,-13.672791575510946,,
051500,20210531,1.36,-7.608195277201557,,
051500,20210611,1.18,-11.187834927630592,,
051500,20220216,1.55,7.725012359321837,4.346104822650982e-07,5234.0
051500,20220302,1.82,5.93796116362999,3.1713930004107686e-07,3114.0
051500,20220418,2.08,0.5154534652180409,9.538640536067234e-08,1661.0
051500,20250509,1.11,-8.278079441412478,5.498294133393941e-07,857.0
051500,20250512,1.11,-8.75023062888225,5.420479452533355e-07,609.0
051500,20250526,1.12,-2.5936431740490207,1.0932099749124253e-08,12.0
051500,20250604,1.1,-0.7189083354506964,4.884820960295338e-07,715.0
051500,20250605,1.1,-0.629224307928522,2.404452045133077e-07,779.0
051500,20250722,0.93,-5.927502089824454,1.6720630986565285e-07,441.0
051500,20250812,0.91,-2.9618643315156623,9.203688714972845e-08,164.0
051500,20260204,0.98,3.0031510201207645,5.197628230416503e-07,1851.0
051500,20260209,1.09,21.605417290246297,2.323831391185869e-07,900.0
051500,20260224,1.24,8.770479812756005,9.160488104356959e-07,2430.0
051780,20191217,0.05,,,
051780,20191218,0.02,2022.9820627802692,,
051780,20200115,0.0,108.43373493975905,,
051780,20210709,0.0,0.0,,
051780,20220225,0.0,,1.176607047798513e-10,9.0
051780,20260512,0.0,,3.38035929557256e-08,144.0
051980,20200826,0.0,,,
051980,20200907,0.2,-10.106849837817212,,
051980,20200908,0.18,212.61692408092233,,
051980,20201012,0.17,5.634955130007935,,
051980,20201217,0.22,192.05258183692754,,
051980,20201218,0.22,400.4163903014223,,
051980,20201221,0.3,566.2207974058516,,
051980,20210105,0.42,23.793970936972375,,
051980,20230206,0.01,-61.806691121226855,6.677913162821279e-08,1204.0
051980,20230327,0.16,24.09348271292615,3.231079240752771e-08,556.0
051980,20230328,0.21,60.23370678231539,5.7559498883896985e-08,556.0
051980,20230329,0.19,71.26421038213944,2.4912934234868917e-08,556.0
051980,20230330,0.2,25.997400259974015,2.8708912378722603e-08,606.0
051980,20230403,0.18,11.707601203766615,9.417733377390621e-08,1071.0
051980,20230404,0.18,-13.48770769115104,1.45287841684302e-07,1071.0
051980,20230405,0.18,-8.773192578374921,9.20150189611681e-08,1071.0
051980,20230410,0.16,-7.816111931867564,9.353708660162763e-08,1036.0
051980,20230417,0.16,-0.5081262491044125,1.3329220047647068e-07,1226.0
051980,20240523,0.47,7.365473441108539,5.737758755318579e-08,7331.0
051980,20240524,0.61,43.49447497276395,7.189265234681433e-08,9679.0
051980,20240527,0.82,91.35077637998347,1.341609361810172e-07,11404.0
051980,20240528,0.65,58.54868921675867,1.5444167346639702e-07,13488.0
051980,20240610,0.28,-46.1310658198466,2.9095005946771714e-07,12073.0
051980,20240613,0.26,-5.651271981567552,1.5636761903008238e-07,20024.0
051980,20240614,0.25,-8.874971298268397,2.351765565870299e-07,11324.0
051980,20241010,0.01,1.2118408880666065,1.9236958833309945e-07,31035.0
052020,20220715,0.9,-1.6478250564217811,6.780503506374818e-09,293.0
052020,20220719,0.79,-14.140136075038257,1.1156331707522806e-08,659.0
052020,20220802,0.6,-24.40120197216793,5.2688910360334024e-08,1619.0
052020,20220816,0.49,-4.327405401271367,2.1398099787723696e-08,1750.0
052020,20260306,0.0,,2.0159996579243933e-07,7603.0
052020,20260310,0.0,,4.865794662317682e-07,7276.0
052020,20260311,0.0,,4.929258529496284e-07,6957.0
052020,20260312,0.0,,4.700986426723064e-07,5689.0
052020,20260313,0.0,,4.132604005688592e-08,1288.0
052020,20260327,0.0,,7.199828673713938e-08,1273.0
052020,20260427,0.0,,3.085041182189962e-07,8715.0
052020,20260429,0.0,,5.462950129467061e-07,9280.0
052190,20191016,,,,
052190,20191017,,,,
052190,20191022,,,,
052190,20191023,,,,
052190,20191024,,,,
052190,20191213,,,,
052220,20201222,2.77,-0.5621324727312249,,
052220,20201229,3.85,30.745901253180065,,
052220,20201230,3.67,32.055885046817934,,
052220,20210104,4.61,73.19603587397181,,
052220,20210105,5.49,63.28976512360083,,
052220,20210106,5.47,56.14011796848053,,
052220,20210107,5.71,48.21871748559794,,
052220,20210108,5.59,52.048316907491056,,
052220,20241209,3.9,33.97316115210665,1.148418938625534e-08,311.0
052220,20241210,3.99,36.52026524725682,3.1379380299275193e-09,307.0
052220,20250403,5.61,3.6250257356799542,1.5508747579642677e-08,2108.0
052260,20191125,2.25,22.237305468136736,,
052260,20200518,11.77,-0.31804778782225096,,
052260,20200519,12.11,2.369464885429129,,
052300,20210525,2.61,-71.70441920901834,,
052300,20210607,1.66,-4.758234636811909,,
052300,20210615,1.69,0.08069234587346763,,
052300,20210616,1.68,-1.6021743144551293,,
052300,20250619,0.0,0.0,6.027103359665678e-08,224.0
052300,20250620,0.0,0.0,1.3367075721879583e-07,395.0
052330,20210322,0.87,-11.367235728737747,,
052330,20210419,0.95,1.125000849698532,,
052330,20210506,0.9,-4.625989552479936,,
052330,20210510,0.89,-1.4929284201729454,,
052330,20210527,0.99,6.74263093871772,,
052330,20210531,1.01,4.915067839728637,,
052330,20250206,0.9,-3.1233436324383024,2.102281078100509e-07,318.0
052330,20250317,0.45,13.163602638703974,4.7228293927766747e-07,640.0
052330,20250508,0.39,1.017377663382013,1.6055136118636077e-08,127.0
052330,20260508,0.14,-6.323259426634653,1.308554710739361e-07,1550.0
052400,20201019,0.07,-27.543499275012085,,
052400,20210208,0.01,-40.13377926421404,,
052400,20210210,0.01,-34.03939056112969,,
052400,20210215,0.01,35.62110039705048,,
052400,20210216,0.01,22.837370242214526,,
052400,20210218,0.01,74.27692307692308,,
052400,20210222,0.01,-2.509410288582181,,
052400,20210527,0.44,28.36257309941521,,
052400,20210702,0.54,9.096989966555192,,
052400,20230919,2.9,4.202732098214179,8.253120689073697e-08,2111.0
052400,20241209,3.29,39.39259368211441,2.8636219733878857e-09,228.0
052400,20241216,1.98,-39.881250722905506,6.30138715279568e-08,3022.0
052400,20250407,3.27,10.335324052558681,2.1273925558706798e-08,2473.0
052400,20250604,3.34,5.636175538704435,4.549508617043214e-08,11536.0
052400,20250605,3.5,7.456903883427857,4.41485055391369e-08,17347.0
052420,20201012,5.4,6.591203713716154,,
052420,20201013,6.36,23.37954006858094,,
052420,20240731,3.73,23.45727804803297,3.1493350473090204e-08,4564.0
052420,20240812,4.89,7.788001349393259,3.014206528618462e-08,7894.0
052460,20200526,3.01,-10.050596896424334,,
052460,20210309,6.96,26.15775873185926,,
052460,20210401,1.52,-40.61688803394505,,
052460,20230613,5.23,-1.4471079719638902,3.791082629959583e-09,177.0
052460,20230614,5.04,-0.4425464687272118,1.4219888810201692e-09,177.0
052460,20250814,1.49,11.235589863389372,1.8446311457114724e-07,387.0
052600,20201012,10.25,27.57012411891062,,
052600,20201013,9.22,17.319245794475812,,
052600,20210223,10.42,8.100953543763767,,
052600,20210224,9.57,-3.074734079534336,,
052670,20191030,,,,
052670,20191031,,,,
052670,20191206,,,,
052670,20200120,,,,
052710,20191206,2.8,-4.338007457591509,,
052710,20191209,2.73,-2.890015912344057,,
052710,20191227,2.75,-8.827922893595064,,
052710,20200114,3.91,11.121582315299584,,
052710,20200709,4.13,8.717764985089671,,
052710,20200730,3.48,-9.577618784764974,,
052710,20201223,3.34,8.635695227195605,,
052710,20201229,3.45,5.034237929454588,,
052710,20250526,0.26,-44.589203169711645,5.122371925371798e-07,2869.0
052710,20250612,0.12,-51.25366415410385,2.5180526573726924e-08,61.0
052710,20250619,0.18,48.35436241610738,2.61742662586163e-07,2492.0
052710,20250731,0.31,-31.6332303407459,2.960308871788464e-07,3532.0
052710,20250827,0.54,9.981669949660766,1.6360983766391828e-07,460.0
052710,20250902,0.49,-9.462545391017885,1.5269310624207123e-07,429.0
052710,20250904,0.5,-4.667872703646136,1.885315697577099e-07,818.0
052710,20250923,0.36,-5.341720680487249,1.11289441337472e-06,3870.0
052710,20260410,0.71,-17.0799328361123,3.770083161786811e-08,1565.0
052710,20260413,0.71,-13.783629078420145,6.212357281667843e-08,1565.0
052710,20260414,0.84,8.119940238351697,5.808827630731407e-08,1738.0
052710,20260416,0.8,9.514076430764673,6.100549511636914e-08,1282.0
052710,20260417,0.74,3.7880857075582863,2.658144714305229e-08,565.0
052710,20260422,0.61,-19.895471605457928,9.0731697321995e-08,3194.0
052770,20230614,0.0,,0.0,0.0
052770,20230615,0.0,,1.596846351794366e-08,510.0
052770,20230616,0.0,,2.1004704842602125e-08,510.0
052770,20260113,0.0,,8.474208388205553e-09,96.0
052790,20200807,2.7,18.23657191803285,,
052790,20200810,2.9,25.748409284359262,,
052790,20200831,3.37,10.45268343869905,,
052790,20200901,3.32,10.770280885818595,,
052790,20211111,5.18,-2.629178702377899,6.765499565112716e-08,1949.0
052790,20211224,5.54,-10.311878394783792,7.628654192508342e-09,764.0
052790,20231109,2.58,-3.082812748160302,7.058507668667305e-10,40.0
052790,20231110,2.74,3.115670467234599,5.810533892134609e-08,981.0
052860,20240123,1.0,-20.19722279902626,2.5045952647748106e-07,469.0
052860,20250923,0.89,158.21416507150096,1.0302794922514634e-08,53.0
052860,20260316,0.53,-11.180826990331205,1.3670359534203653e-07,418.0
052860,20260403,0.25,-1.9714134462678667,1.647637963040657e-07,213.0
052860,20260416,0.67,17.254757066321822,3.236571486197002e-07,931.0
052860,20260417,0.62,5.867518017209616,4.0429837412742903e-07,1288.0
052860,20260424,1.03,65.72183114299224,1.0647184097835581e-07,301.0
052860,20260508,0.94,-1.415168236174691,6.045949907797228e-08,245.0
052900,20190704,2.09,-6.843007209218143,,
052900,20201014,7.79,0.9016198472262982,,
052900,20210226,9.05,-1.414346030768876,,
052900,20260203,2.75,8.656201358639915,9.508342054308994e-10,20.0
052900,20260204,2.33,-8.252463901398322,0.0,0.0
053030,20200427,5.95,-5.448949429994732,,
053030,20200518,6.03,-0.8964181513952951,,
053030,20200714,5.46,-5.616663071396633,,
053030,20200723,5.91,-1.5712776570779408,,
053030,20200728,6.26,6.0278794893471765,,
053030,20200825,7.96,-1.619542539561769,,
053030,20200826,8.04,1.9282790844736386,,
053030,20240213,5.02,-4.617394086717319,1.6923238534359665e-07,5396.0
053030,20240308,4.12,-5.0724228170997865,3.194673548857347e-08,4494.0
053030,20240311,4.2,-0.20052642851758895,2.373762467983829e-08,3700.0
053030,20240315,5.39,31.004787756531925,1.4513817115579932e-08,2199.0
053030,20240318,4.92,17.194526825226617,2.7688935944428048e-08,5977.0
053030,20240708,6.58,10.76011835547732,3.3205154157279474e-08,10588.0
053030,20240709,6.32,3.0232023326792756,9.10332191758423e-08,10588.0
053030,20240726,6.47,21.33582862073402,7.124281375748098e-08,10365.0
053030,20240919,6.49,-1.411133916737517,6.297177366972227e-08,28512.0
053050,20200106,1.72,182.29233391598902,,
053050,20200114,6.57,262.22757357394835,,
053050,20200115,6.72,77.98367274275184,,
053050,20210520,3.97,2.603750004291805,,
053050,20210916,2.25,-8.230482204362799,1.6353549707268628e-09,108.0
053050,20210928,3.0,33.096986354724066,2.362989219735201e-08,628.0
053050,20210929,2.64,20.147522275712483,3.148348583660038e-09,628.0
053050,20211012,5.56,-10.515116958251047,9.065289226001047e-10,313.0
053050,20220214,10.86,17.558989506446387,4.245608475004386e-08,9135.0
053050,20220222,10.36,0.03241241974469844,3.0016412377588204e-08,10589.0
053050,20220223,10.54,44.23249953370396,2.1073922651900388e-08,10589.0
053050,20220224,6.15,-19.66258481383697,1.8684343263202e-08,11259.0
053050,20260304,4.12,-4.421966742448047,3.5205411978422277e-09,427.0
053060,20201228,0.0,,,
053060,20201229,0.0,,,
053060,20210216,0.0,,,
053060,20210217,0.0,,,
053060,20230223,0.59,,7.575082962035856e-09,184.0
053060,20250702,0.0,,7.878769983699122e-08,98.0
053080,20230719,4.25,-1.91009563766118,3.4871137435797454e-09,303.0
053080,20230720,4.12,-11.151423741174128,1.587162133305723e-08,999.0
053080,20230721,4.7,1.4284033142669683,4.288741794939942e-08,3848.0
053080,20230801,3.06,-36.32050060088683,1.6710696120682803e-07,2121.0
053080,20230823,2.23,0.26115965928497076,1.3611544174361037e-07,8018.0
053160,20200708,3.14,18.817562890905194,,
053160,20200720,6.27,60.07459516405837,,
053160,20200722,6.95,99.21102938021711,,
053160,20200813,6.1,-4.497038954545218,,
053160,20201215,7.81,39.97947720567836,,
053160,20201221,7.24,-2.6725280234931814,,
053160,20210105,4.03,-16.559156810640374,,
053160,20210408,3.07,31.486061711939662,,
053160,20210409,3.33,25.377271134691437,,
053160,20230721,3.64,-8.222110510661473,2.317036258501691e-07,615.0
053160,20230724,3.74,-3.0813433349390906,4.803981990207407e-07,615.0
053160,20230725,3.81,6.944379517002153,3.9478932333813734e-07,690.0
053160,20231129,4.75,-1.1740355394956326,1.1687829296444682e-07,278.0
053160,20231201,5.2,5.4763817534953185,1.2832652448669854e-07,194.0
053160,20231220,5.53,-5.203981830261794,2.7138634788188765e-07,292.0
053160,20240102,5.98,9.154694388108275,1.398631675502245e-07,454.0
053160,20240105,5.25,-12.163218960205501,1.9373466519105486e-07,1173.0
053160,20240117,7.3,6.495304292073767,5.327085884633832e-07,739.0
053160,20240118,7.31,5.359647965851733,2.7145486265019437e-07,692.0
053160,20240222,7.09,-1.3933168024560127,3.4900024847053793e-07,1108.0
053160,20240223,7.02,-2.390308096511262,4.057254421250689e-07,1233.0
053160,20240226,6.72,-7.016718877140571,5.685934093620682e-07,1094.0
053160,20240227,6.84,-5.893796630675885,6.39134431993576e-07,1169.0
053260,20210308,0.7,94.7619882528272,,
053260,20210309,1.39,256.305356389709,,
053260,20210322,0.91,-38.99706757241408,,
053260,20210402,1.19,135.7869137717772,,
053260,20220420,3.43,24.854347905955066,,
053260,20220421,3.4,43.94633662430913,,
053260,20260409,0.53,-10.955702701745684,,
053260,20260410,0.52,-10.544952532922158,,
053270,20210120,3.38,10.017485718358277,,
053270,20210121,3.45,1.7679204619660327,,
053270,20210203,2.07,69.1098910266115,,
053270,20210204,4.73,327.1297120807361,,
053270,20260114,1.26,5.812236415124161,3.2305069215349753e-09,246.0
053280,20191202,0.7,-3.2427771273060957,,
053280,20200805,1.38,-6.294913233125177,,
053280,20200806,1.3,-11.627616369884407,,
053280,20200903,1.99,24.098529549498913,,
053280,20200904,2.12,25.392583264609158,,
053280,20200907,1.93,12.532548245510622,,
053280,20200915,1.98,-13.248517192973585,,
053280,20240725,1.11,-2.038824836782882,,
053280,20241014,4.27,-2.9963211975136406,,
053280,20241015,3.33,-25.188211806627525,,
053290,20200221,2.14,-0.035252413811115435,,
053290,20210305,4.07,0.12449655406017168,,
053290,20210308,4.55,7.697952552206999,,
053290,20210309,4.16,1.6962915911981513,,
053290,20210322,1.24,-28.831124235972805,,
053290,20210325,1.17,-9.053545774500549,,
053290,20210326,1.12,-10.507608628055054,,
053290,20210401,1.04,-11.120880918543662,,
053290,20210402,1.04,-7.624790189978292,,
053290,20210406,0.92,-15.737418472139042,,
053290,20210407,0.7,-34.26411290322581,,
053290,20210601,1.63,52.41704288939051,,
053290,20210602,1.78,61.53657766699683,,
053300,20200518,1.2,8.014157973174374,,
053300,20200519,1.38,28.117105286403277,,
053300,20200520,2.09,84.99316448916889,,
053300,20200525,2.46,104.7202978112571,,
053300,20200526,2.87,105.77474208205113,,
053300,20200916,7.2,16.555056321918936,,
053300,20201202,6.72,-1.4153068063702645,,
053300,20250609,5.27,2.516649962191919,,
053300,20250611,6.5,34.4771818209684,,
053300,20250623,7.87,5.069108940861278,,
053350,20210408,2.89,-3.6898421702470596,,
053350,20210423,3.1,4.043133969352186,,
053350,20210604,3.94,5.447299807755046,,
053350,20210630,4.33,3.06362413790624,,
053350,20210701,4.92,18.71606429909456,,
053350,20230209,1.41,-0.882269804254121,,
053350,20250227,0.22,0.1148562088616023,,
053350,20250310,0.29,29.25270511492606,,
053350,20250311,0.29,36.17333395426816,,
053350,20250320,0.27,-10.555231427460132,,
053350,20250321,0.26,-3.3488525551726656,,
053350,20250328,0.24,-6.161694703104558,,
053350,20250415,0.25,16.598791983160986,,
053350,20250612,0.55,-11.57456435929527,,
053450,20210119,1.58,39.20251139075721,,
053450,20210120,1.62,36.202173831471775,,
053450,20220114,0.38,2146.2151394422312,,
053450,20230630,1.08,-2.357864095333395,,
053450,20230703,1.16,-0.7753582877886855,,
053580,20200827,0.75,-12.407877044576443,,
053580,20200918,1.07,24.933628318584077,,
053580,20200921,1.01,29.056666914553443,,
053580,20201104,0.84,-5.661297400971998,,
053580,20250403,3.05,37.234852103558815,,
053580,20250404,3.33,53.381485461718036,,
053590,20191108,,,,
053590,20191111,,,,
053590,20200102,,,,
053590,20210428,,,,
053610,20200612,0.99,1.4450627788253678,,
053610,20200731,4.19,12.602893459220766,,
053610,20230607,1.4,0.6857483601669712,,
053610,20230612,3.44,140.51991157449342,,
053610,20230629,3.98,26.559073158782077,,
053610,20230630,3.66,69.09105359809584,,
053610,20230703,3.91,87.81797687282666,,
053610,20251114,1.18,-3.5019483807524954,,
053610,20260127,1.41,6.887807552600922,,
053610,20260128,1.37,-1.142048382152483,,
053610,20260130,1.55,10.504937003958648,,
053610,20260219,2.83,18.981703739264955,,
053610,20260415,2.75,-4.431061187996621,,
053610,20260417,2.83,-1.39874923483716,,
053610,20260421,3.2,12.653742654029942,,
053610,20260424,3.19,12.64604327136929,,
053610,20260429,3.18,-1.0394998643393327,,
053700,20200910,4.7,-13.117442796770762,,
053700,20251229,1.24,3.2331744256337336,,
053700,20251230,1.15,-5.918199013040947,,
053700,20260105,3.79,220.8213349458183,,
053700,20260113,3.35,-14.572599564086497,,
053700,20260119,2.92,-14.981834777543579,,
053800,20191001,2.59,1.6814501482254052,,
053800,20200102,2.7,-2.7845825454128725,,
053800,20210104,2.85,-0.01501821395017977,,
053800,20210106,3.3,14.531440892368286,,
053800,20210107,3.11,9.334846240321081,,
053800,20220105,4.61,39.06223251371783,,
053800,20220322,3.06,-40.743632000462604,,
053800,20220323,2.6,-47.907084174601465,,
053800,20241209,1.6,10.290115342602713,,
053800,20250404,2.6,4.809891830652546,,
053800,20250407,2.62,4.146257182654045,,
053950,20191205,0.22,-61.76318459426662,,
053950,20260507,0.03,-70.40289505428227,,
053980,20200326,3.26,5.5791816158772045,,
053980,20200401,1.84,-44.72945034095677,,
054040,20191115,0.41,22.433619448544828,,
054040,20201102,5.14,27.593299259156478,,
054040,20201103,4.98,14.960694304977773,,
054040,20210225,5.1,-0.0526735154401492,,
054040,20210413,7.31,10.57933679635601,,
054040,20230925,2.36,30.181833048846542,,
054040,20231011,2.95,-0.874716363113559,,
054040,20231017,4.58,54.947784244920264,,
054040,20240214,4.09,4.2072072072071975,,
054040,20260224,2.69,-0.76072412886109,,
054050,20250710,1.02,7.915944231231298,,
054050,20250711,1.02,3.6866940081772492,,
054090,20200519,5.91,191.59397929569045,,
054090,20200810,7.96,1.002566533799465,,
054090,20210108,8.76,-5.2768191937559,,
054090,20260330,0.0,0.0,,
054180,20200922,0.17,257.0426872601507,,
054180,20200923,0.25,402.02302553655187,,
054180,20220715,1.0,-5.4411375855686455,,
054180,20220728,0.12,30.013743524685488,,
054180,20220729,0.12,31.028649962998212,,
054180,20220802,0.15,5.927797833935022,,
054180,20220829,0.18,47.05458042798749,,
054180,20220830,0.22,36.01174096496056,,
054180,20220901,0.37,59.28870469827039,,
054180,20220902,0.31,-34.35403298288151,,
054210,20201203,7.27,-0.704567320783489,,
054210,20201216,6.97,-4.472236881280978,,
054210,20201221,7.86,14.86968346623212,,
054210,20201223,8.42,20.621036284127726,,
054210,20201224,8.09,7.721828962238009,,
054210,20210924,8.62,7.556238493284773,,
054210,20211115,8.41,-5.213120196079391,,
054210,20211117,8.48,-1.6331668084306417,,
054210,20211118,8.72,0.6271080722623168,,
054210,20220118,9.49,0.0136122498592961,,
054210,20220120,9.14,-3.7035849406257926,,
054210,20220121,9.3,-2.2289092635254915,,
054210,20220209,8.18,-9.56249263547454,,
054210,20220210,8.29,-7.349982994023618,,
054210,20220211,7.73,-10.9630745235481,,
054210,20220406,9.1,-3.8657390027613037,,
054210,20220413,8.51,-6.569845995777401,,
054210,20220422,8.96,4.105489306387966,,
054210,20250806,3.23,-0.40721356682672516,,
054210,20251024,2.52,1.9270446282312559,,
054210,20251027,2.53,16.200008301495885,,
054210,20260119,2.37,-2.9485127556453383,,
054210,20260129,1.72,-10.46126085485508,,
054210,20260224,2.38,-0.4060249070490629,,
054210,20260421,3.43,5.000809563971265,,
054220,20220712,0.0,,,
054220,20260209,0.0,,,
054220,20260224,0.0,,,
054300,20250418,1.46,59.588838898989025,,
054300,20250421,1.41,53.384530303005874,,
054410,20200811,0.55,17.091763154641715,,
054410,20200812,0.6,27.61135605092917,,
054410,20210401,2.12,-2.9404116038201145,,
054410,20210402,2.31,17.6807990052545,,
054450,20200928,6.66,6.6145446107656936,,
054450,20210216,6.94,-4.497829315546831,,
054450,20230613,8.0,9.711759491290618,,
054450,20230719,7.24,-0.8620473065209078,,
054450,20230905,6.94,1.1469195588874381,,
054450,20230911,7.89,14.086429837257409,,
054450,20231227,8.26,-1.8652904180888275,,
054540,20200721,5.46,-0.4505733997925643,,
054540,20200907,5.91,-3.392889234067631,,
054540,20240716,2.54,8.75825940453312,,
054540,20240717,2.48,6.873547784074829,,
054540,20250812,5.49,20.308026840848314,,
054540,20250829,6.73,28.85375319814305,,
054540,20250901,7.21,37.809772380971964,,
054540,20250904,7.34,29.701403404001205,,
054540,20250908,6.86,-4.925883791579855,,
054540,20250910,5.03,-27.062681630979334,,
054540,20251021,3.72,81.48407407268765,,
054540,20251022,3.62,30.072781649533464,,
054620,20190710,5.07,26.703013256078513,,
054620,20190715,5.01,1.4979005007870638,,
054620,20190802,5.08,9.427462396894715,,
054620,20190809,5.43,6.817564037561752,,
054620,20190813,5.57,5.105191673365295,,
054620,20190905,6.67,2.4671825970905337,,
054620,20190909,6.69,2.3908304303854377,,
054620,20200123,7.33,10.413495332336197,,
054620,20200212,6.99,-9.915231885027332,,
054620,20200217,6.91,-2.017998950049693,,
054620,20210420,2.77,0.38845097865556344,,
054620,20210421,2.64,-4.006620687689189,,
054620,20210427,2.64,-4.497452990156036,,
054620,20210504,2.57,-2.6468164669452787,,
054620,20210506,2.56,-4.340583147830534,,
054620,20210510,2.52,-2.4346757421062626,,
054620,20210511,2.59,0.23105657763766718,,
054620,20210518,2.69,4.013117774887043,,
054620,20210520,2.61,-1.6331048481995736,,
054620,20210521,2.58,-4.912211233002461,,
054620,20210719,2.59,0.06685135770574391,,
054620,20210811,2.35,-5.467524826895486,,
054620,20221228,1.26,-6.902934017025075,,
054620,20260303,0.73,9.99813452507441,,
054620,20260313,0.47,1.6992689191859256,,
054620,20260320,0.8,71.83510668693356,,
054630,20210121,,,,
054630,20210122,,,,
054670,20240712,3.2,-0.572815910452007,,
054780,20200513,6.88,-65.61918772412253,,
054780,20210120,6.59,0.44580630835100443,,
054780,20210121,6.6,-4.418273636594073,,
054780,20251014,3.6,21.366300800643412,,
054780,20251016,3.26,-0.790996434923763,,
054800,20250709,0.2,-2.3763877123367028,,
054800,20250710,0.21,-23.40897235263433,,
054800,20260213,0.12,-3.69077677112728,,
054920,20200803,2.39,-0.017811038133286328,,
054920,20200804,2.36,-0.5564878245993166,,
054920,20200805,2.21,-0.9532814729690475,,
054920,20200825,2.07,8.67310294913195,,
054920,20200826,2.05,7.104600426187457,,
054920,20200831,2.04,2.8474565423767473,,
054920,20200915,1.78,8.254902381924012,,
054920,20201014,1.49,21.642538338292503,,
054920,20201015,1.56,24.409972174344063,,
054920,20210106,1.4,-8.055883111618822,,
054920,20210107,1.35,-11.38085060564029,,
054920,20210108,1.47,-7.550136056542511,,
054920,20210120,1.56,-3.2532066758557687,,
054920,20210121,1.57,-5.009561041941102,,
054920,20210122,1.63,-0.9134710184065864,,
054920,20210127,1.29,-16.626284625331788,,
054920,20210416,2.2,26.73718189477532,,
054920,20210420,2.36,30.331263343254733,,
054920,20250619,1.65,12.248558831066504,,
054920,20250707,2.08,5.87088018263362,,
054920,20250708,2.01,4.001360484508032,,
054920,20260127,4.54,-6.478996858805153,,
054930,20210511,0.82,-6.006920935830884,,
054930,20210601,1.34,-4.06267036431297,,
054930,20210602,1.31,-6.597802301230615,,
054930,20210607,1.31,-4.060950714494027,,
054930,20210608,1.24,-7.923409512044477,,
054930,20210630,1.28,3.1618966025006134,,
054930,20220826,5.1,31.19364938153324,,
054930,20220905,7.67,30.464536596419677,,
054930,20221101,9.02,0.9328970123442026,,
054940,20210414,6.9,10.475069816459047,,
054940,20210415,7.27,15.246335068409023,,
054940,20210705,8.45,13.204110700005245,,
054940,20221201,1.47,-2.866841206782511,,
054950,20220714,2.01,9.032785201787718,,
054950,20220715,2.13,12.123306309146908,,
054950,20220722,1.95,-8.308133241393122,,
054950,20220803,1.93,2.2862446242532863,,
054950,20220915,1.27,1.2653063910145423,,
054950,20230511,2.02,-4.064881919280272,,
054950,20230522,1.95,-6.540310818089257,,
054950,20230612,1.89,-0.20584424307821259,,
054950,20230614,1.93,1.0229132569558042,,
054950,20230616,2.1,10.444627597275847,,
054950,20230626,2.29,6.886365912084358,,
054950,20230719,2.29,5.403274413103709,,
054950,20230721,3.95,79.74230440198713,,
054950,20250731,2.73,-0.9601239101053705,,
054950,20250905,2.86,0.4268063312017123,,
054950,20250908,2.85,-1.2608332761656516,,
056000,20191016,,,,
056000,20191017,,,,
056000,20191018,,,,
056000,20191107,,,,
056000,20191108,,,,
056000,20191112,,,,
056000,20191118,,,,
056000,20191120,,,,
056000,20191122,,,,
056000,20191128,,,,
056000,20191129,,,,
056080,20210120,0.07,82.78929891610802,,
056080,20210125,0.04,-37.93621258120328,,
056080,20210217,0.04,16.479109302047167,,
056080,20220104,0.09,7.565943043884227,,
056080,20220325,0.03,-20.08547008547008,,
056080,20230808,0.8,5.393521192834316,,
056080,20230907,0.43,0.3034745105640724,,
056080,20230908,0.85,131.4255886622191,,
056080,20250513,1.25,-2.6979038224414276,,
056080,20250514,1.29,0.7090132090131984,,
056080,20260115,1.85,-9.629578765849889,,
056080,20260116,1.8,-10.688069226950791,,
056080,20260119,1.54,-23.372371072153797,,
056080,20260210,0.22,-11.745791950350625,,
056090,20220124,0.19,7.629575933309174,,
056090,20220204,0.18,0.0,,
056090,20220209,0.2,12.909019475781559,,
056090,20220210,0.21,15.154066341134875,,
056090,20220211,0.23,25.251164618061406,,
056090,20220214,0.24,41.194100017629424,,
056090,20220217,0.19,-7.311010381634741,,
056090,20240611,0.0,0.0,,
056090,20251210,1.55,24.304888259957423,,
056090,20260105,1.28,-19.47439918055993,,
056090,20260130,2.25,40.86074618137363,,
056090,20260204,2.29,6.773783252958432,,
056090,20260219,2.97,28.71427255445478,,
056090,20260220,3.05,18.565716597525018,,
056090,20260223,3.02,21.124346337245893,,
056090,20260303,2.86,-5.202628049747915,,
056090,20260311,2.62,-7.263835690660292,,
056190,20210216,0.82,14.485318364122968,,
056190,20210217,0.83,-0.48259564666819355,,
056190,20260123,0.91,0.12372559603592848,,
056190,20260126,0.91,-0.6901838194562915,,
056190,20260127,0.86,-6.590807981583713,,
056190,20260128,0.81,-10.455058179164078,,
056190,20260129,0.85,-1.9686978323856574,,
056190,20260226,0.97,-6.7199856075898845,,
056360,20191025,4.92,4.6487853900266884,,
056360,20241230,2.36,15.16248885366096,,
056360,20260325,2.31,-4.465040390575393,,
056360,20260408,2.41,-11.053418299111007,,
056360,20260409,2.42,-0.6753428888647717,,
056360,20260413,2.69,25.193302025520616,,
056700,20190704,4.61,-8.196881091617936,,
056700,20210112,5.03,-4.879643630716412,,
056700,20220711,3.37,-40.20186932670992,,
056700,20220721,3.57,4.095811579323683,,
056730,20230330,0.0,,,
057030,20200316,7.91,4.074682372765848,,
057030,20200327,6.88,10.421068673768863,,
057030,20200330,7.74,31.53975723362441,,
057030,20200528,4.76,-0.7132888027959527,,
057030,20200827,2.84,-74.07370440730968,,
057030,20231213,6.77,-1.9807787554478984,,
057030,20250512,5.32,-1.236540504912187,,
057500,20200805,,,,
057500,20200813,,,,
057540,20200731,8.2,-3.504814503674991,,
057540,20210716,10.44,22.721321132276294,,
057540,20250428,4.19,2.390222555074817,,
057680,20200618,1.2,-14.544959954802028,,
057680,20200619,1.37,5.885660589547248,,
057680,20200629,1.88,14.684260527396265,,
057680,20200702,1.88,20.922457034522846,,
057680,20200703,1.93,9.087276259192457,,
057680,20200707,1.94,3.160661179887958,,
057680,20200720,1.65,-6.218704391367802,,
057680,20200721,1.74,-0.6230669488243135,,
057680,20200831,3.09,22.844696566155733,,
057680,20211201,8.41,5.293171605733393,,
057680,20211202,8.1,-4.065162890884189,,
057680,20230605,9.1,1.3901143992960385,,
057880,20200820,,,,
057880,20200821,,,,
057880,20200826,,,,
057880,20200909,,,,
058110,20200128,0.08,147.64397905759162,,
058110,20200129,0.05,35.02262443438915,,
058110,20200319,0.09,45445.454545454544,,
058110,20200320,0.09,23757.14285714286,,
058110,20200325,0.01,-89.10179640718563,,
058110,20200401,0.0,-100.0,,
058110,20200608,0.09,192.73441335297002,,
058110,20200710,0.13,-32.31188833627466,,
058110,20200804,0.31,142.52559726962457,,
058110,20200806,0.4,294.1463414634146,,
058110,20260331,1.77,-4.6999030327348095,,
058220,20191114,,,,
058400,20190910,2.77,38.84072772496443,,
058400,20200702,8.72,-8.07503572884054,,
058400,20200814,9.08,1.40087230053616,,
058400,20200826,8.28,10.392685175421136,,
058400,20231122,3.79,-5.10918702333214,,
058420,20191128,,,,
058420,20191209,,,,
058420,20191212,,,,
058420,20191216,,,,
058450,20220502,0.0,,,
058450,20221123,0.34,27.921275175861805,,
058450,20221124,0.34,3.219200743993067,,
058450,20221201,0.32,-5.713468885635331,,
058450,20231212,0.0,,,
058450,20240325,0.06,,,
058450,20240411,0.14,-10.040160642570283,,
058450,20240412,0.14,-2.244668911335579,,
058470,20191212,0.05,-41.913200180207234,,
058470,20191217,0.04,10.205706702057071,,
058470,20191226,0.05,11.67234664070107,,
058470,20200116,0.04,12.999322951929582,,
058470,20200122,0.14,201.45368045460552,,
058470,20200123,0.13,152.58238466147395,,
058470,20200217,0.34,2.4436522539098338,,
058470,20200428,0.24,6.117965185060004,,
058470,20200508,0.25,8.284227849445248,,
058470,20200515,0.25,-1.9610246353719774,,
058470,20200522,0.37,42.707838479809965,,
058470,20200623,0.16,-16.002894173902106,,
058470,20200624,0.17,-13.28270760367909,,
058470,20200727,0.25,-24.893178410794604,,
058470,20210219,0.28,-0.5112881806108915,,
058470,20210701,0.15,5.9259259259259345,,
058470,20210705,0.16,6.785177766649975,,
058470,20210913,0.16,-6.161568399228889,,
058470,20210914,0.14,-8.508875739644973,,
058470,20231127,0.98,26.91854296828953,,
058470,20231205,1.21,22.9329670110892,,
058470,20240122,1.23,-2.936470781909939,,
058470,20240311,1.62,8.39403778169121,,
058470,20240315,1.85,13.627859085973903,,
058470,20240507,1.44,-1.548855716078723,,
058610,20201230,2.79,-2.7113968299812274,,
058610,20210104,2.76,-8.308897260945624,,
058610,20210105,3.15,3.9675870821279657,,
058610,20210504,4.1,-14.14648777933234,,
058610,20220404,5.83,3.417063660462616,,
058610,20220405,5.77,0.6976893947128193,,
058610,20220502,4.93,-8.793373158423135,,
058610,20220503,4.97,-6.184080218927146,,
058610,20220525,4.88,4.170585336377974,,
058610,20220915,5.05,1.75905903166107,,
058610,20220920,5.72,19.54449222315271,,
058610,20230309,5.46,4.562228249171296,,
058610,20230315,7.61,37.120140726334185,,
058610,20230316,7.98,46.043272690742555,,
058610,20230322,7.63,0.25882345979626464,,
058610,20230327,8.27,0.23371590824099453,,
058610,20251119,6.08,-4.340422094143104,,
058610,20251120,5.92,-5.8361492236742585,,
058610,20251121,6.25,-1.27482889669005,,
058610,20251127,5.75,-2.8835088894300975,,
058610,20251128,6.11,-2.208716553679635,,
058610,20251208,3.97,-37.00639128781202,,
058610,20251215,3.3,-16.773691489855768,,
058610,20251219,2.75,-18.917055873830723,,
058610,20251222,2.47,-24.89043683717689,,
058610,20260115,3.52,3.2887387767145837,,
058610,20260119,3.57,6.719092082228251,,
058610,20260126,3.69,3.5475435136757216,,
058610,20260128,3.31,-10.936188712742034,,
058610,20260129,3.35,-10.722425436971662,,
058630,20200512,5.05,3.4374921635334843,,
058630,20200513,5.21,6.396273751962478,,
058630,20200706,6.39,2.3018285332258914,,
058630,20210218,8.07,-2.771295341571889,,
058630,20210303,8.61,-11.781983035117605,,
058630,20210705,9.61,5.7155146965799375,,
058630,20211117,9.12,-16.340854714474183,,
058630,20241008,4.32,16.303364508817953,,
058820,20201203,6.79,-0.5000879157440741,,
058820,20201207,6.87,2.151141946609969,,
058820,20201209,7.14,5.269572301598502,,
058820,20250416,3.31,-5.176553135795425,,
058820,20250417,3.25,-4.7823778255202125,,
058970,20230227,4.88,-2.943651315556872,,
058970,20230306,5.18,5.259037331824179,,
058970,20230315,5.58,4.183818228330893,,
058970,20230316,5.37,0.3402764829661953,,
058970,20230317,5.12,-2.4727286286686745,,
058970,20230322,4.21,-24.63375278233084,,
058970,20230323,4.01,-25.190797900227636,,
058970,20230329,3.45,-17.91544313652481,,
058970,20230714,5.62,14.40464830785444,,
058970,20230717,6.09,31.788726827528357,,
058970,20230718,6.09,36.71951109733045,,
059090,20200309,12.03,22.218009183775656,,
059090,20200327,11.67,1.2798005177971028,,
059090,20200727,12.05,6.711866955464618,,
059090,20200728,11.35,-3.018085461468767,,
059090,20200729,11.56,0.9225520494175132,,
059090,20200907,11.0,15.951607516823119,,
059090,20240516,2.26,132.72856361300475,,
059090,20240522,2.48,11.203366149003479,,
059090,20240527,2.77,25.872275029882186,,
059090,20250827,3.07,-8.017596368957737,,
059090,20250912,3.13,-3.2580056468030083,,
059090,20260130,4.07,-8.68336989931392,,
059090,20260416,3.64,-6.860803825238393,,
059090,20260420,4.57,20.79196655523152,,
059090,20260504,3.52,30.774426758268515,,
059090,20260506,3.37,31.63497744255721,,
059100,20210108,0.39,-11.457719619213002,,
059100,20210506,0.09,26.95668001456133,,
059100,20210507,0.09,39.540412044374015,,
059100,20210510,0.37,524.9827467218772,,
059100,20260210,0.74,-30.38707470462858,,
059100,20260211,0.85,-13.624082273556748,,
059120,20210628,2.76,39.56530062136867,,
059120,20210629,3.73,87.86708558088353,,
059120,20210713,8.92,21.320664805123137,,
059120,20220110,8.41,-2.1018379460773784,,
059120,20220113,7.13,-21.502996159232836,,
059210,20230517,2.94,-3.850939982480217,,
059210,20230518,4.94,61.85590003639718,,
059210,20230602,6.95,-33.65989798096469,,
059210,20240226,7.06,4.11599856791891,,
059210,20250508,3.25,-3.0121270529154476,,
059270,20240202,2.4,2.742898395548421,,
059270,20240205,2.38,0.754130908159345,,
059270,20240206,2.52,11.504763024814778,,
059270,20240207,2.52,6.808587625135698,,
059270,20240214,2.4,0.49700446549176824,,
059270,20240215,2.37,-5.895847066578774,,
059270,20240219,2.54,3.7935275281159697,,
059270,20240220,2.7,11.688103334259402,,
059270,20240221,2.76,15.361777995643555,,
059270,20240223,3.16,39.10704904225422,,
059270,20251013,1.73,29.901544104359235,,
059270,20251014,1.62,6.538117587922065,,
059270,20260115,2.69,11.984041054239647,,
059270,20260121,2.7,-3.0942866573308248,,
059270,20260122,2.63,-2.4085135689972614,,
060150,20200526,3.64,8.167816820321017,,
060150,20200727,4.44,1.9635635621303882,,
060150,20200803,4.87,9.562931048605083,,
060150,20210120,3.26,-10.872877488209898,,
060150,20210121,3.33,-1.7979427179719787,,
060150,20210217,3.13,10.982043044781964,,
060150,20210408,2.72,-3.6556201925448617,,
060150,20210409,2.76,1.288368234495585,,
060230,20200609,4.58,26.334080643347946,,
060230,20200610,4.43,10.27069654952899,,
060230,20220607,9.2,-51.067053747832745,,
060230,20230418,8.45,15.115359673185157,,
060230,20251104,0.0,-91.01449275362319,,
060230,20260127,0.0,0.0,,
060240,20190710,0.34,-0.5104961274721709,,
060240,20190711,0.36,6.485499800539141,,
060240,20190712,0.65,101.29438428607402,,
060240,20210402,3.09,-5.432324922852638,,
060240,20211110,4.4,0.8240588453994002,,
060240,20211111,4.77,12.443469044619926,,
060240,20211118,5.91,23.927363829799475,,
060240,20220406,2.73,-9.890735201897293,,
060240,20250324,0.0,-100.0,,
060250,20190702,3.02,1.2992136300247203,,
060250,20190816,3.09,-2.815347414389191,,
060250,20200123,2.81,-2.855642918279333,,
060250,20200130,2.63,-9.349280526161873,,
060250,20200211,3.42,4.3339452259153255,,
060250,20200212,3.33,-7.268448247339521,,
060250,20200213,3.22,-11.11103125864652,,
060250,20200219,2.81,-15.652101444368627,,
060250,20200220,2.58,-19.700583471453015,,
060250,20200403,1.3,-7.42923585178441,,
060250,20200504,1.67,-13.421644140762435,,
060250,20200511,1.53,-11.723255609768335,,
060250,20200512,1.66,-0.27670214528285886,,
060250,20200514,1.65,16.033253794839442,,
060250,20200731,1.75,3.7064590763252525,,
060250,20200803,1.72,-0.23056719530043512,,
060250,20200805,1.8,3.567935857780258,,
060250,20200806,1.74,-3.5816755929609756,,
060250,20200827,1.27,-11.067211625794737,,
060250,20200828,1.25,-0.7534293552812099,,
060250,20250618,2.81,21.945237044135535,,
060250,20250619,2.7,-1.379377856897479,,
060250,20250624,4.2,51.493189181448805,,
060250,20250625,3.96,40.70913043401481,,
060250,20250709,3.09,7.273124931114294,,
060250,20250710,3.39,18.99458488476531,,
060250,20250711,3.71,39.486048706533204,,
060250,20250926,7.46,14.878842512882407,,
060250,20260127,6.88,3.840274127903598,,
060260,20200720,2.19,25.88595258833857,,
060260,20240802,0.0,,,
060280,20210120,0.37,-4.42565924817655,,
060280,20210407,0.43,-0.8892961086558127,,
060280,20210408,0.42,-5.758244025741222,,
060280,20210421,0.47,0.1202206110181514,,
060280,20230228,0.59,-2.199933132731524,,
060280,20230302,0.67,11.244251139366956,,
060280,20230316,1.12,2.9507527598065186,,
060280,20230317,1.25,14.687119654173841,,
060280,20230626,2.1,-11.351579430331782,,
060280,20230824,3.34,-9.006919225348897,,
060280,20251021,2.11,0.8359977059693602,,
060280,20251202,2.78,6.353427731567773,,
060280,20260121,3.9,3.3562309294078885,,
060280,20260122,3.65,-8.22778898659724,,
060310,20210427,2.21,20.446130797601047,,
060310,20210802,2.91,7.769471675926032,6.744490352830212e-09,651.0
060310,20210927,2.91,0.612327103590049,9.326272875210362e-08,719.0
060310,20210929,2.99,2.8178434036022715,1.435213008953302e-07,698.0
060310,20211018,2.81,-1.002990120592917,1.1286612867061469e-07,3858.0
060310,20240109,7.5,16.86586418858149,3.673512768192412e-09,45.0
060310,20240110,6.96,8.683161426266928,1.3516413339037711e-10,45.0
060370,20191127,5.53,54.652365891963406,,
060370,20200904,4.11,7.921539492433816,,
060370,20200907,4.35,8.889708300756016,,
060370,20210510,7.25,2.1689799069565474,,
060370,20210607,6.63,-3.033513771745522,,
060370,20230609,2.71,-7.243088196365943,,
060370,20230612,2.67,-8.567843017949494,,
060370,20230629,2.33,-5.519686961226167,,
060370,20230724,1.98,4.7821859159275615,,
060370,20230725,1.89,-4.562512727519563,,
060370,20230731,1.92,-3.2104635032819573,,
060370,20240604,2.49,6.851470127471515,8.007065173422445e-09,2529.0
060370,20240710,1.22,-18.099183646195993,4.6274268099879234e-08,8810.0
060370,20240711,1.16,-11.340801814909929,1.3190770024443377e-07,14592.0
060370,20260423,1.16,-9.620360920017612,6.777069143440628e-08,4349.0
060370,20260504,1.55,30.74183862026485,1.7153025324316965e-07,24788.0
060370,20260506,1.62,18.957908602015227,3.9790779318248677e-07,24788.0
060380,20250910,0.0,0.0,,
060380,20250911,0.0,0.0,,
060480,20230816,6.54,35.39095724837722,,
060540,20201012,5.46,9.844741653864308,,
060540,20201013,6.01,14.635372496218647,,
060540,20210622,8.12,-0.6675507511056167,,
060540,20230830,5.62,11.525286681503255,,
060540,20231215,5.17,-1.2579212854405886,,
060560,20210902,4.83,31.263313344099487,,
060560,20210903,4.65,-1.601600955996041,,
060560,20210907,4.51,4.896284374007243,,
060570,20210331,0.1,-4.371317014134024,,
060590,20200623,1.47,-1.7168830274439606,,
060590,20200624,1.39,-3.0480082892010096,,
060590,20210714,0.44,5.246162878470173,,
060590,20210810,0.8,23.78067272764033,,
060590,20210811,0.61,-0.18771731478913756,,
060590,20230512,1.43,6.284655780599491,,
060590,20230516,1.52,14.019489931230144,,
060590,20230818,3.37,27.467915349744864,,
060590,20230821,3.51,24.801547350118835,,
060720,20191015,2.55,-0.2009581892764567,,
060720,20191016,2.58,1.4239050508260354,,
060720,20191018,2.35,-9.910710591130789,,
060720,20191021,2.41,-8.391019961385759,,
060720,20191022,2.4,-5.927745622065384,,
060720,20191112,2.14,-6.368337383006651,,
060720,20200214,4.05,-8.800853542959143,,
060720,20200217,4.34,-3.5323408791238187,,
060720,20210823,5.34,-6.03390238127226,,
060720,20210826,5.72,3.301690139130642,,
060720,20210827,5.94,12.544484697264146,,
060720,20210830,5.93,11.050365304270148,,
060720,20210901,5.59,0.3485816671639608,,
060720,20210902,5.8,1.2985999158962702,,
060720,20260113,3.64,5.770374049219185,,
060720,20260129,5.98,8.44510608444724,,
060720,20260130,6.07,10.648232191922013,,
060900,20200102,0.34,36.42034629845059,,
060900,20200103,0.34,33.86814650021297,,
060900,20200107,0.32,1.7322029425347996,,
060900,20210219,0.1,-2.618844113728347,,
060900,20210222,0.1,-5.344597979205612,,
060900,20210223,0.1,-10.789399443833513,,
060900,20210225,0.08,-12.874558725774287,,
060900,20210226,0.08,-16.10142692111598,,
060900,20210329,0.05,26.665228024744646,,
060900,20210419,0.03,0.0,,
060900,20210420,0.03,0.0,,
060900,20230601,1.15,-87.86453894806499,,
060900,20230602,0.94,-90.00141437154673,,
060900,20230612,2.03,115.07106052017426,,
060900,20260430,0.0,,,
061040,20200116,8.7,3.258032274388767,,
061040,20200710,10.22,-5.44914734459997,,
061040,20200814,11.99,-0.714906242419755,,
061040,20200901,11.28,4.260493338705884,,
061250,20200128,3.35,-3.71488605782615,,
061250,20200330,2.62,-36.630275378849596,,
061250,20200331,2.16,-47.564415445729445,,
061250,20260504,9.35,-65.34620159067913,,
061970,20200805,9.24,5.835060736487718,,
061970,20201221,7.57,-2.4183829949527613,,
061970,20201230,6.95,-7.868567350754563,,
061970,20250930,2.04,-7.061340885709033,,
061970,20251001,2.19,1.3141735682042022,,
061970,20251002,2.57,19.827720782781675,,
061970,20251010,2.49,18.11830582413647,,
062860,20200708,,,,
062860,20200720,,,,
062860,20200722,,,,
062860,20200818,,,,
062860,20210106,,,,
062860,20210113,,,,
062860,20210114,,,,
062860,20210115,,,,
062860,20210121,,,,
062860,20210127,,,,
062860,20220526,,,,
062970,20240704,0.05,-34.17721518987342,,
062970,20250102,0.0,,,
062970,20250107,0.0,,,
063080,20210216,2.0,106.47066155619957,,
063080,20210322,0.77,-7.6404857717734975,,
063080,20210323,0.71,-10.4492443844452,,
063080,20210326,0.73,-8.00635064640508,,
063080,20210419,0.62,6.529941733617384,,
063080,20211018,4.05,-4.218237833384086,,
063080,20211101,2.66,-27.68197621676648,,
063080,20211102,2.37,-33.256002341135705,,
063080,20211108,1.87,-29.874162073799937,,
063080,20211109,1.8,-24.456221286005686,,
063080,20211110,1.75,-21.497263407951305,,
063080,20211111,1.74,-20.087085737982513,,
063080,20211126,1.03,-26.532663316582916,,
063080,20211228,1.95,22.40370296597711,,
063170,20201204,3.78,37.71151932924064,,
063170,20201207,3.82,37.89123980160451,,
063170,20201208,4.19,52.415160570315166,,
063170,20210121,3.54,8.301171518866468,,
063170,20210225,3.41,17.70300031170482,,
063170,20210308,3.75,8.161151938939891,,
063170,20210317,4.27,8.030267033050787,,
063170,20210318,3.96,-7.6088046702507794,,
063170,20210323,4.23,2.739347182199481,,
063170,20210325,5.03,26.892265871180633,,
063170,20211018,2.35,-4.806297069835819,,
063170,20211019,2.57,6.486187547870692,,
063170,20211020,3.16,31.570148258550358,,
063170,20211101,4.89,21.90496208507817,,
063170,20211117,4.05,21.61338694058057,,
063170,20250611,5.15,-6.966381382082931,,
063170,20250625,6.58,0.7609000414551703,,
063440,20191111,9.48,19.56164983144253,,
063440,20210208,6.9,2.7836010578092596,,
063440,20210210,7.13,14.920412984756393,,
063440,20210421,8.83,14.467003474586537,,
063440,20210422,8.99,11.919768609104375,,
063440,20230210,10.67,11.960917417102301,,
063440,20251128,3.28,14.911422109819572,,
063570,20230601,3.04,5.328473268803902,,
063570,20230629,3.57,-7.532518016406675,,
063760,20210114,1.75,8.225216338049268,,
063760,20260409,0.01,0.0,1.7371864314760684e-07,215.0
063760,20260508,0.01,0.0,1.6175283855936137e-07,582.0
064090,20210630,0.0,,,
064090,20220926,0.32,-39.24964653605332,,
064090,20220927,0.21,-60.311783428590985,,
064090,20240617,0.12,25.082343021264265,,
064090,20240618,0.13,183.87299411798298,,
064090,20240624,0.17,32.92816515694123,,
064090,20240702,0.14,-15.139157754434962,,
064090,20240703,0.14,-1.4102422298418293,,
064240,20211215,1.29,13.47931886239322,,
064240,20211217,1.36,17.43274137631947,,
064240,20211220,1.38,9.41452734243564,,
064240,20230116,2.43,-2.6993718012358614,,
064240,20230601,2.71,8.677514320272017,,
064240,20230605,2.96,17.4298838994164,,
064240,20230607,3.07,19.40455849604843,,
064260,20200828,8.38,-1.0863659251261426,,
064260,20210217,9.4,4.523882389210687,,
064260,20210218,9.59,6.620448446724536,,
064260,20210222,8.0,-18.78703569667419,,
064260,20211117,10.13,-9.088830120436054,,
064260,20211118,10.51,-0.004738381426760974,,
064260,20211119,9.46,-7.5545832795937296,,
064260,20250610,4.51,1.5806720398910512,,
064260,20250611,4.89,11.763014967862206,,
064260,20250624,2.06,-25.561802721123826,,
064260,20250701,1.56,-24.292745721112485,,
064260,20250704,1.45,-17.903320161908177,,
064260,20250707,2.24,41.550562471767336,,
064260,20250919,7.29,12.236166304683959,,
064290,20200213,2.14,-11.28779291984079,,
064290,20200214,2.03,-19.926131059414686,,
064290,20200217,2.0,-22.4599473347443,,
064290,20200226,2.84,12.171872247250404,,
064290,20200304,3.0,5.723677198965649,,
064290,20200305,2.96,-1.0234388502599168,,
064290,20200306,2.89,2.118790758154443,,
064290,20200518,2.73,14.537139735736826,,
064290,20200619,3.49,-3.6548056722689126,,
064290,20200707,3.91,2.2584507729118686,,
064290,20200708,3.94,6.975102448431425,,
064290,20200722,3.66,6.8545249239707395,,
064290,20200723,3.65,8.94642937110075,,
064290,20210120,2.69,-8.016868500403307,,
064290,20210121,2.67,-6.357168079586939,,
064290,20210215,2.82,26.405984889005385,,
064290,20210405,2.5,-3.4748283265718216,,
064290,20210406,2.53,-5.70714348733935,,
064290,20210407,2.55,-3.0238663126471943,,
064290,20211227,2.29,7.024378812622212,,
064290,20211229,2.91,38.84629617861775,,
064290,20211230,2.88,26.37862167126752,,
064290,20230629,2.51,0.24837142421403335,,
064290,20230630,2.64,21.96993682271504,,
064290,20230703,2.76,21.828756838853323,,
064290,20230712,3.34,-5.722347530352955,,
064290,20230713,3.89,12.53261644862176,,
064290,20230714,4.01,24.299047342714843,,
064290,20230717,4.1,38.72921455357308,,
064290,20250917,2.8,7.956922414926559,,
064290,20250918,2.88,8.470095407248145,,
064290,20250919,2.97,8.757111820796304,,
064290,20260402,1.54,7.998032251612308,,
064290,20260408,1.54,-3.5088484425578104,,
064290,20260410,1.51,-6.048490045233612,,
064480,20210413,3.49,18.561168580262112,,
064480,20230131,7.65,2.790661111547843,,
064480,20230208,10.13,35.86418784059564,,
064480,20230224,9.67,-1.3057156854879293,,
064480,20230228,8.57,-10.58545523009926,,
064480,20260211,5.03,-4.5600261279572285,1.4787836365269835e-07,829.0
064520,20220811,0.0,,0.0,0.0
064520,20230403,0.02,,1.0827304555759183e-06,1195.0
064520,20230406,0.04,,1.4413388972111619e-07,664.0
064550,20200326,1.06,-0.7641889796340284,,
064550,20200331,0.97,-16.75295115679287,,
064550,20200730,2.41,-5.754107749765936,,
064550,20200803,2.53,7.663700358613368,,
064550,20200807,2.59,3.4419466520203335,,
064550,20200810,2.59,2.4893749370141327,,
064550,20210708,5.27,22.26061172467684,,
064550,20210810,4.78,13.006394593967595,1.2066165314933022e-08,5567.0
064550,20210817,5.34,15.6785326170797,5.1666679912786476e-08,25027.0
064550,20210823,5.72,10.221161828258897,8.581656930019534e-08,53710.0
064550,20210901,5.2,-9.518671226454122,1.4209404628698843e-07,71801.0
064550,20210902,5.1,-13.591068580542265,1.7660286645413433e-07,71801.0
064550,20230215,5.62,3.535434136749327,6.991603989689415e-08,15232.0
064550,20230216,5.78,6.748159135266696,1.5823163489283975e-07,16441.0
064550,20230502,8.72,8.887906748689334,6.431109551016855e-08,35242.0
064760,20200212,1.31,7.458088851634526,,
064760,20200214,1.31,7.738399400807783,,
064760,20200217,1.29,-3.0096627024810307,,
064760,20200515,0.9,-0.9722792991370022,,
064760,20200521,0.99,8.444211727084872,,
064760,20200727,1.07,-1.276108414680699,,
064760,20200819,1.03,3.347665847665837,,
064760,20201224,0.86,-8.922343067722293,,
064760,20201228,0.85,-7.38090615784267,,
064760,20201229,0.84,-5.955782538944209,,
064760,20210115,0.84,-8.792443522823811,,
064760,20210125,0.78,-7.74421626194769,,
064760,20210208,0.76,-1.7713417941208398,,
064760,20210210,0.75,0.7062369267447854,,
064760,20210215,0.74,-1.9402436170331328,,
064760,20210401,0.72,-4.465647143241547,,
064760,20210416,0.73,-0.0515602845190255,,
064760,20210419,0.73,0.08344246526128529,,
064760,20210422,0.71,0.34456355283307705,,
064760,20210423,0.7,-2.098648189183172,,
064760,20210426,0.7,-4.28212461932167,,
064760,20240329,0.89,2.642472747343727,2.53295705829968e-07,6685.0
064760,20240401,0.89,1.2436832970552425,5.85283469963472e-07,7911.0
064760,20240614,1.13,10.515626295283088,2.6517456983238835e-09,121.0
064760,20250911,0.81,4.883723494580372,2.152941140508586e-08,212.0
064760,20250912,0.75,-1.072439856413454,6.635283974794378e-09,212.0
064760,20250915,0.75,-0.4024008409725388,0.0,0.0
064760,20250916,0.74,-0.37434969463921997,9.999405652610933e-09,162.0
064760,20250917,0.95,22.6076633911495,1.1492951863910084e-08,162.0
064760,20250918,0.92,13.54317794739166,1.0884060721046045e-08,162.0
064760,20250924,1.02,8.330195614365365,1.2151057231421385e-07,1671.0
064760,20250929,0.98,3.1419440554418365,5.792888554998185e-07,7792.0
064760,20250930,0.93,-1.9863444354902948,4.5453414316166505e-07,7792.0
064760,20251001,0.97,-4.870156738774223,5.477261189544176e-07,6121.0
064760,20251002,0.98,-4.211064559759836,2.594341861301869e-07,6695.0
064760,20260126,1.36,-9.517537901830275,0.0,0.0
064760,20260128,1.3,-4.8851006063137525,0.0,0.0
064760,20260306,1.15,-1.6649607642442832,1.0333422033957488e-07,4291.0
064760,20260416,1.16,8.952036108492333,3.926344558621879e-07,23339.0
064760,20260428,0.65,-25.64046223145531,2.87498551274126e-07,8302.0
064760,20260513,0.69,-10.107249911669836,3.5905301081513357e-07,10664.0
064800,20210610,8.8,3.9301420422231503,,
064800,20240202,4.01,-3.1444337341218542,1.1148203860182428e-07,1606.0
064800,20240216,5.54,5.570007515524056,1.5596230663969976e-08,992.0
064800,20240219,5.72,7.791550010725046,2.4709913025338223e-08,992.0
064800,20240221,6.23,1.9635878557997755,1.8431213133752504e-08,1135.0
064800,20240228,6.46,3.7065915572336516,9.183405897406753e-08,2811.0
064800,20240311,4.8,-8.957779290581003,1.1930450867665424e-07,3403.0
064800,20240514,3.07,-1.0810617293526947,1.085478391040816e-07,3554.0
064820,20200304,5.15,-18.51880049310849,,
064820,20200305,5.79,-5.66474756287908,,
064820,20201005,5.76,-17.15327541502377,,
064820,20240423,0.92,-15.663888236675271,2.090363019229451e-07,425.0
064820,20240424,0.95,-5.918119044985537,1.1268392272636044e-07,407.0
064820,20240513,1.15,-10.93839293067177,1.1798859723761856e-07,466.0
064820,20240514,1.11,-11.485361868435962,1.552910749089021e-07,359.0
064820,20250115,1.24,23.17105936540429,3.623774014906258e-08,1302.0
064820,20250807,1.67,-1.4733535174724532,3.458724456725585e-08,650.0
064820,20250818,1.88,15.83548792272449,4.789857289070065e-09,364.0
064820,20250904,2.14,-14.02374434427227,3.7744226078981415e-10,24.0
064820,20250911,2.67,24.816735474017637,1.0630280920969899e-08,1796.0
064820,20251021,2.44,9.477143080183549,2.060659468245883e-08,3477.0
064850,20230602,0.3,13.123746608469977,3.905406469847911e-07,402.0
064850,20240902,0.05,38.93303064699205,1.0703826160662415e-07,376.0
064850,20240905,0.1,136.12006446414182,1.6184424854910716e-07,535.0
064850,20240906,0.13,165.84158415841586,4.438483650317004e-08,535.0
064850,20240919,0.41,-14.482832579670768,8.835007730909595e-08,1431.0
064850,20240920,0.22,-63.54547975596228,4.035369335565434e-08,1411.0
064850,20240923,0.18,-70.33816149635037,5.755290160625782e-08,1384.0
064850,20260129,1.2,18.85278332071836,1.1819581178633186e-07,368.0
064850,20260130,1.23,20.5789955745016,6.199017680412046e-08,392.0
064850,20260211,2.06,34.0603074407938,0.0,0.0
064850,20260219,2.07,9.480388099507975,0.0,0.0
064850,20260224,2.04,1.024367998072595,1.2311301077316297e-07,759.0
064850,20260225,2.13,2.5003873485676564,1.2921632242947497e-07,759.0
064850,20260226,2.32,11.69152452674862,3.374898287168687e-08,759.0
064850,20260410,1.51,-1.8157824685806179,1.4194689732528563e-07,2064.0
065060,20250605,0.0,,1.7927515698597217e-08,108.0
065130,20200217,4.98,3.0453176269130244,,
065130,20200219,5.53,8.022572525774319,,
065130,20200220,5.32,4.68953613595795,,
065130,20200226,5.6,1.34403225496611,,
065130,20230814,0.7,-21.263031888980134,1.5226633433502556e-09,66.0
065130,20230816,0.73,-18.69499951799265,9.156227961462196e-10,66.0
065150,20201207,0.06,-20.335202266835473,,
065170,20200513,2.76,-5.0854201430575285,,
065170,20250107,0.12,-40.07285974499089,0.0,0.0
065170,20260204,0.0,,1.2060203171428815e-08,40.0
065170,20260205,0.0,,1.4648665443338752e-08,41.0
065350,20200623,1.11,6.53830268462976,,
065350,20200917,3.85,6.506979705755689,,
065350,20200918,3.57,-6.213291416964184,,
065350,20200921,4.33,15.601401723230923,,
065350,20201223,4.13,-2.468949569352319,,
065350,20201230,7.2,73.59994320363077,,
065350,20210104,6.12,47.91669046729794,,
065350,20210622,6.1,-0.1783843373794891,,
065350,20210623,6.21,5.4289843112511615,,
065350,20210713,5.73,-6.588153965072941,,
065350,20210809,5.39,-0.6006787656634982,3.182780468232979e-08,4406.0
065350,20230731,4.28,-8.683596618140477,8.040026161997746e-09,871.0
065350,20230801,4.24,-10.544112844195986,3.41075218796999e-09,871.0
065350,20230802,4.64,1.8515171900438165,4.486154324119972e-09,871.0
065350,20230810,1.28,-76.46514834616647,9.098519662208664e-09,4906.0
065350,20230816,1.0,-61.16866964765202,7.718766516647493e-08,2398.0
065350,20240108,0.72,48.44296025946968,1.6575535051614078e-08,10370.0
065350,20240126,0.72,14.712480608084345,6.4258524492307e-08,29435.0
065350,20240205,0.68,-2.315582236322,7.443144426313247e-08,44349.0
065350,20240207,0.69,2.108201104701646,1.1985218350189178e-07,60183.0
065350,20240213,0.69,2.480677607199566,1.544517255282802e-07,48165.0
065350,20240220,0.59,-14.263428140464708,4.55093646443553e-08,30513.0
065370,20230227,3.18,-25.021739570062085,3.2926835389293945e-08,1979.0
065370,20230228,4.51,11.801947762921294,2.7171974792027255e-08,2228.0
065370,20250407,2.4,23.95812993388937,4.117048386399532e-08,705.0
065370,20250408,2.43,27.849251009416488,4.0097588622350874e-08,803.0
065370,20250409,2.53,41.02947586766674,1.281650189630576e-08,803.0
065420,20220503,0.07,-0.07684219040685614,0.0,0.0
065440,20210414,4.84,-4.977981576230306,,
065440,20210511,5.25,-7.035302689226464,,
065440,20210520,6.11,12.550563040879492,,
065440,20210524,7.95,30.154842431828,,
065440,20210525,7.55,9.040103646185194,,
065440,20210526,8.61,48.340090016180696,,
065440,20210614,11.35,42.66804994920903,,
065440,20210621,8.03,-29.2684084054037,,
065440,20210702,4.78,32.0779956898076,,
065440,20260401,1.99,-14.36737786903416,3.315348228783256e-08,826.0
065440,20260402,1.91,-9.191675725612914,5.686295313850221e-08,2412.0
065440,20260408,1.52,-23.272269284012093,8.599213956804971e-08,2258.0
065440,20260409,1.57,-17.586584743185952,2.4319677889854776e-09,672.0
065450,20200108,11.85,5.451563135594073,,
065450,20200609,7.26,-48.40761659733847,,
065450,20200615,10.42,37.48947229335751,,
065450,20200616,9.87,35.875215692767235,,
065450,20200617,11.23,31.944584917980624,,
065450,20200618,8.09,-32.645976401524855,,
065450,20240117,8.1,4.8337516886444165,5.431959137593079e-10,376.0
065450,20260303,5.32,58.106068209024244,9.407205769274198e-10,105.0
065500,20200807,0.0,,,
065500,20200810,0.0,,,
065500,20210115,0.3,-10.902442827181424,,
065500,20210118,0.32,-0.9087509447087139,,
065500,20211206,0.0,,1.1632589628972225e-09,11.0
065500,20241206,0.49,4.462742638276285,5.3205225872767634e-11,2.0
065500,20241209,0.36,-23.72885849106622,1.3106535333830787e-10,2.0
065500,20241212,0.15,-67.499323043596,2.8631107382689062e-09,334.0
065500,20250306,0.07,-5.2796001249609485,5.3400305351493206e-08,4061.0
065500,20250317,0.06,-11.224744325268144,7.570400974460298e-08,16422.0
065500,20250318,0.06,0.0,1.2742759500625572e-07,19272.0
065500,20250327,0.06,-0.2456519603026397,8.307155841654367e-09,2410.0
065500,20250401,0.07,14.14955291343225,1.960483676173077e-08,3837.0
065500,20250402,0.07,25.680455930038313,4.1358351365638565e-09,3119.0
065510,20210330,2.51,7.241026521574256,,
065510,20210412,2.97,-1.0547130654643744,,
065510,20210426,3.38,4.219227322847452,,
065510,20210428,3.22,-1.2917577472032926,,
065510,20210525,2.53,2.9342152966365553,,
065510,20220419,4.65,8.736523281178886,1.64797413103581e-07,413.0
065510,20220518,5.76,1.5417826658349787,1.528352201998808e-07,768.0
065510,20220523,5.4,-6.379662912838557,2.9483728613469016e-07,548.0
065510,20220525,5.34,-7.243422598159455,8.167509866707028e-08,207.0
065510,20220610,5.48,3.281035009634725,0.0,0.0
065510,20230414,2.71,11.281555329211113,1.3131213777257136e-07,2380.0
065510,20230417,3.15,29.215753660045362,5.644715406005164e-08,2380.0
065510,20230421,7.3,167.87945279780084,3.100205792700036e-08,1014.0
065510,20230502,7.36,-1.8130182230943759,2.0984937937722502e-07,3521.0
065510,20230518,8.18,20.59669205903296,3.2645720472485364e-08,912.0
065510,20230522,9.23,25.946650392383084,3.858501289641822e-08,1054.0
065510,20230801,5.01,-11.15816053570694,1.7133189077874797e-07,4307.0
065530,20200521,5.93,-0.37024020012228487,,
065530,20260324,1.43,-7.592025671042169,2.6357720187708586e-09,85.0
065530,20260325,1.34,-11.894258688176219,3.2372934751256185e-09,153.0
065530,20260408,1.63,10.78995304489685,4.233051307835791e-08,607.0
065560,20200810,,,,
065570,20200708,0.64,-22.903587292586447,,
065570,20201208,1.38,4.788426329928308,,
065650,20250626,0.0,,4.733786374289328e-08,78.0
065650,20250701,0.0,,4.195650334603316e-09,78.0
065660,20200526,4.1,-12.601911213257534,,
065660,20200602,2.75,-32.96490062558822,,
065660,20210802,4.26,12.902021545940912,1.6904084616492325e-08,4154.0
065660,20250122,0.44,10.662528470953369,3.913525462079924e-07,673.0
065660,20250123,0.44,10.091582424181755,6.695776080310273e-08,236.0
065660,20250708,0.44,-2.6745240253853164,5.7159570573013374e-08,693.0
065660,20251203,0.72,28.339810434874344,4.517344707378671e-07,1739.0
065660,20251204,0.74,32.30503759266106,1.1053215717512659e-07,1588.0
065660,20251216,0.8,-1.0469864098970105,1.1780571800534568e-08,40.0
065660,20251224,0.78,-3.0830438745596545,1.932275249007789e-07,1175.0
065660,20251229,0.77,-2.7537381902943414,4.893269991732591e-07,4226.0
065660,20260102,0.77,-0.8735176861938476,8.962216920450452e-07,4875.0
065660,20260105,0.77,-0.8718528780041424,1.3978947406191357e-06,4675.0
065660,20260310,0.53,-4.97944823742511,8.019475295755743e-08,2040.0
065680,20200211,5.49,46.879732314089814,,
065680,20200212,5.76,32.89581015943641,,
065680,20200213,5.91,18.71554558832138,,
065680,20200214,6.39,11.73565980456095,,
065680,20200217,6.16,5.125294697586691,,
065680,20200306,5.69,1.033403071825889,,
065680,20200508,2.96,-13.884421728527908,,
065680,20200515,3.94,33.09961733957631,,
065680,20200605,3.83,-1.0013065036870383,,
065680,20200608,3.81,1.0108414882188388,,
065680,20200619,5.92,9.383514859938668,,
065680,20200710,6.18,-1.1598153553381119,,
065680,20200715,6.01,-5.417497623765821,,
065680,20200902,6.39,-4.540549963482043,,
065680,20201229,5.29,4.508280454398483,,
065680,20201230,5.27,5.4703080381309555,,
065680,20240325,2.67,-0.2539903007697686,7.122601009673209e-08,432.0
065680,20240326,2.67,-0.2774694783573839,1.4406952539596055e-07,1359.0
065680,20240328,3.58,33.876566982509296,4.019259153015389e-07,1895.0
065680,20240402,3.37,26.374944155752544,1.9843962047655137e-07,724.0
065680,20250206,3.89,-2.9262745098039167,3.388298885039756e-07,912.0
065680,20250212,3.55,-8.729276114720863,1.2862246993255138e-07,570.0
065680,20250213,3.49,-10.031052471405067,2.0789770992417757e-08,34.0
065680,20250217,3.7,3.0759642603357396,1.0427903790504406e-07,189.0
065680,20250226,3.91,4.41618251579603,2.4772434278856996e-07,2326.0
065680,20250227,4.0,5.709224953576797,5.007589536734036e-07,2060.0
065680,20250421,4.02,1.6978114363047414,2.5630911343985204e-07,838.0
065680,20250513,4.07,-1.64494192097705,3.1940996955369307e-07,1891.0
065680,20250616,4.04,-0.31339023746772554,5.016017035904193e-07,3082.0
065680,20250617,4.1,1.6967043801389359,1.3812281313078752e-06,3247.0
065680,20250625,4.11,-1.7662243791625842,6.107830762260483e-07,1001.0
065680,20250626,3.8,-11.04787141242538,7.189737305763272e-07,910.0
065680,20250711,3.75,5.14206220797484,2.564790026929818e-07,941.0
065680,20250716,3.79,1.3840191384798306,3.683679030693232e-07,1377.0
065680,20250717,3.78,0.3741782569147034,5.657252242398947e-07,1518.0
065690,20210621,1.28,4.411781725594577,,
065710,20200907,0.38,-6.25236116358141,,
065710,20250515,0.09,16.767627816816088,5.368500089684157e-08,431.0
065710,20250516,0.1,17.716022579244473,9.897314154065237e-08,919.0
065710,20250519,0.27,177.02548497527576,6.370734331244262e-08,853.0
065710,20250520,0.76,639.1669779604034,1.3004546815423292e-07,1307.0
065710,20250529,0.67,-41.21407367426798,3.822487270664526e-07,1762.0
065710,20251205,0.96,49.19700214132763,7.778313208121589e-08,243.0
065710,20251222,1.04,-2.876062639821031,3.3880320846638416e-07,550.0
065710,20251223,1.05,-0.10232048236799018,4.441166235718774e-07,550.0
065770,20210408,3.3,9.613322875486707,,
065770,20210409,3.15,-0.7167527203114976,,
065770,20210412,4.45,39.3911182379602,,
065770,20210413,4.82,51.17645106142841,,
065770,20210426,2.37,-6.1187802573600125,,
065770,20210507,1.58,-31.175783285471947,,
065770,20241209,0.01,44.27083333333333,2.9513980874260666e-09,39.0
065770,20241210,0.06,233.51562499999997,1.6021520323278838e-09,36.0
065950,20200128,9.31,119.11844271936016,,
065950,20200130,7.69,81.9555440760886,,
065950,20200131,7.37,6.579385194925935,,
066130,20210204,4.67,-14.258795317939176,,
066130,20210615,8.79,12.214356205417554,,
066310,20190711,4.9,6.165694721200077,,
066310,20190906,6.89,8.735346859211823,,
066310,20190926,7.34,1.0318846547212601,,
066310,20190927,7.3,-1.557256532124518,,
066310,20191002,7.0,-6.946338114471418,,
066310,20191008,7.38,1.2634401926944872,,
066310,20200123,8.34,-0.903252080319028,,
066310,20200128,8.37,-3.270052054630157,,
066310,20200206,8.33,1.0916250677050598,,
066310,20200212,8.47,2.4694852394055555,,
066310,20200214,8.46,-0.2290440365274704,,
066310,20200217,8.57,1.789222846602856,,
066310,20211216,7.94,3.833701802926859,2.053488298863462e-08,2534.0
066310,20211229,9.32,4.877156007690564,5.84652122319543e-08,5157.0
066310,20260324,3.8,-4.201484663807998,4.179760100987863e-09,181.0
066310,20260325,3.96,-3.7565374069311597,1.5200177140981637e-08,1211.0
066310,20260415,4.64,3.2060995607263054,5.1316029250940856e-08,4149.0
066310,20260416,5.49,24.420163675394235,1.522463139290739e-08,4149.0
066360,20190904,3.73,48.51783747164193,,
066360,20190917,1.25,-66.52611255949313,,
066360,20230630,0.0,55.8659217877095,5.584732718414018e-08,377.0
066360,20230704,0.14,7543.463687150837,4.2283203077794866e-07,982.0
066360,20230705,0.14,4803.870967741936,4.166395420751876e-07,1146.0
066360,20230707,0.14,4932.903225806452,5.223875443900618e-07,833.0
066360,20230714,0.18,25.45827458018204,1.8255045592526805e-07,262.0
066360,20230718,0.19,26.61924835569225,1.6393018673954515e-07,409.0
066360,20260223,0.11,82.82507545271629,4.963574635364383e-10,16.0
066410,20210923,6.12,19.50796489524238,1.4120413955349315e-08,1648.0
066410,20210924,6.53,34.76751602712418,6.253528335395304e-09,2089.0
066410,20210927,4.87,-13.747173034356653,7.286072285611663e-09,1914.0
066410,20211028,1.82,19.181211440104583,2.6192495135241535e-09,1576.0
066410,20211110,2.04,-9.111987692217948,1.237445777011055e-08,6920.0
066430,20210423,0.28,1.123293801745362,,
066430,20210427,0.24,-11.429850078317294,,
066430,20250321,0.0,,3.3232918999012606e-08,87.0
066430,20250324,0.0,0.0,1.4444968629849174e-08,87.0
066430,20250424,0.0,,1.9219775723987981e-07,505.0
066430,20250425,0.0,,3.152208433288101e-07,504.0
066430,20250428,0.0,,3.272258951142383e-07,503.0
066430,20260112,0.06,-25.113760581640697,1.3073906232270392e-08,161.0
066430,20260119,0.09,31.05098784710436,5.44205062907906e-08,328.0
066430,20260121,0.05,-65.00524475524476,4.471195002306201e-08,560.0
066430,20260205,0.06,83.9035449299258,1.3656644686243189e-09,112.0
066590,20200831,7.89,-10.260407715662922,,
066590,20200903,4.3,-49.60701590271282,,
066590,20200904,3.98,-54.70019257941855,,
066590,20200921,6.17,-24.692546867008325,,
066590,20200929,7.58,41.954025977403035,,
066590,20201026,10.75,0.4404325818727184,,
066590,20201027,10.73,2.069627242848626,,
066590,20250702,1.36,9.243955507656022,2.9728324760920277e-07,603.0
066590,20250703,1.52,19.045217315030037,3.0949328393268354e-07,562.0
066590,20250707,1.58,24.604256986993867,1.416675541580618e-07,554.0
066620,20201130,0.77,7.035482499121715,,
066620,20210202,1.35,-1.5427647816029677,,
066620,20210408,1.87,-2.5870371011882054,,
066620,20211026,0.73,2.0105956366579525,8.631171665740085e-10,28.0
066620,20250609,0.46,156.7824739986723,6.616682205111016e-07,738.0
066620,20250709,0.53,-7.760232469082961,8.324096210758435e-08,189.0
066620,20250710,0.54,-8.102775660284289,6.174938164855321e-08,171.0
066620,20260219,0.12,-28.120744439400813,4.652402787420667e-07,560.0
066670,20210125,1.18,-8.267575838485076,,
066670,20210323,1.62,-8.915661932546238,,
066670,20210729,3.5,8.707637290773329,1.2005298930856233e-09,72.0
066670,20210805,3.51,0.47501922769397353,3.3653584552427274e-09,510.0
066670,20210809,4.96,74.38378712151213,7.0096465682966894e-09,2492.0
066670,20210831,8.2,29.107358202102063,8.356863982549698e-09,2785.0
066670,20210903,8.92,37.193240131727556,1.3420023754392406e-08,4225.0
066700,20200413,4.25,17.332970493884183,,
066700,20230405,2.56,7.366254139301542,1.1294355985539099e-08,655.0
066790,20210412,0.0,,,
066790,20230921,0.24,-35.50080813618276,2.7580839843974793e-08,134.0
066790,20230922,0.27,-26.974489382878307,1.0753158844845625e-08,79.0
066790,20230925,0.23,-4.937857142857139,8.04705183078877e-09,79.0
066790,20231004,0.17,-27.4181375889331,4.135701787533124e-09,17.0
066790,20231010,0.11,-35.45164761537368,1.647308018538238e-07,633.0
066790,20231012,0.07,-56.00197861880294,1.4100888402296787e-07,995.0
066790,20231102,0.49,,2.9602537853720277e-08,1712.0
066790,20231103,0.49,,2.1667391114880085e-08,1862.0
066790,20240216,0.03,3.558043076308026,5.893775391455272e-09,2219.0
066900,20191114,1.79,-1.4758242712544778,,
066900,20201007,1.58,18.265237951767777,,
066900,20210121,1.95,4.97350767748681,,
066900,20230714,1.11,-10.137683992518786,6.705164863560417e-10,20.0
066910,20210305,0.94,-14.848591877807248,,
066910,20210405,1.86,14.501953681886292,,
066910,20210406,1.76,4.683079661928136,,
066910,20230804,1.73,-1.9733983488630313,1.741281161649335e-08,467.0
066910,20231226,1.21,18.921732372965884,5.5781976825729726e-08,2656.0
066910,20240318,0.63,-27.78589969269326,2.3155422195464273e-07,2882.0
066970,20200702,2.88,16.84241096265888,,
066970,20200707,3.7,17.95582454254927,,
066970,20200803,3.16,-6.845128375887455,,
066970,20200807,3.14,-2.7758235288247612,,
066970,20201127,3.2,19.519222875181754,,
066970,20201201,3.43,19.66078712557744,,
066970,20201215,3.53,-2.994012559686776,,
066970,20201216,3.57,-5.93657254223986,,
066970,20210412,3.25,2.793966057388486,,
066970,20210422,3.27,-2.724038095157677,,
066970,20210713,2.38,-7.5791900436953386,,
066970,20210714,2.5,-1.7294622006901128,,
066970,20210719,2.32,-3.8659786240519134,3.742091956992037e-07,55814.0
066970,20210913,2.34,2.36386549215557,1.2053399240668665e-07,114816.0
066970,20210924,2.02,-10.768765279386317,4.913913968807842e-08,47196.0
066970,20211013,2.04,-4.443240350886679,1.373791435973111e-07,68005.0
066970,20211118,2.15,-4.386786621447847,2.947365840774397e-07,91213.0
066970,20220519,2.07,-5.662747595919915,2.0391243174633935e-07,171583.0
066970,20230327,3.37,-0.7586333353706953,7.574181043115372e-08,98577.0
066970,20230331,3.86,9.220731643220192,7.005054890360249e-08,42242.0
066970,20230403,3.86,14.635324027768881,3.793110259689162e-08,36508.0
066980,20210105,4.85,44.85475731477033,,
066980,20210107,5.16,32.04283652726232,,
066980,20210219,5.01,5.371318451226559,,
066980,20210326,18.07,-67.02453623163967,,
067000,20200427,0.9,-10.349173713746563,,
067000,20200515,0.89,-10.339552291906816,,
067000,20200616,0.89,10.716359193435189,,
067000,20200617,0.82,1.132388380710525,,
067000,20200630,0.88,-5.607054203252937,,
067000,20200706,0.91,5.4415150630735765,,
067000,20200715,0.99,5.064776813414373,,
067000,20200727,0.98,3.8154939295623747,,
067000,20200907,0.93,0.5791462287890514,,
067000,20200909,0.91,0.6625943115737831,,
067000,20200928,0.87,-4.082919402709639,,
067000,20201005,0.89,2.450952699921727,,
067000,20250708,2.01,-3.3975793087324124,3.5815437046570246e-08,806.0
067000,20260130,2.92,16.255843917222236,1.22528074595037e-07,4220.0
067010,20200826,8.63,114.53622351996317,,
067010,20200827,8.9,95.4236797736755,,
067010,20201214,10.71,22.444624349020657,,
067010,20201215,8.57,-9.112172269323683,,
067010,20201216,8.09,-12.04197964098731,,
067080,20200812,3.23,-4.942113960580641,,
067080,20200828,5.32,5.786848922305321,,
067080,20241008,5.74,22.812409267587896,6.872796021384272e-09,1578.0
067080,20241010,5.98,26.780524041212537,3.5858272805434236e-08,1578.0
067080,20241016,4.73,-17.61029150672233,0.0,0.0
067080,20251205,5.21,0.9244755578669217,4.76578610402894e-08,673.0
067080,20251208,5.14,-1.1336227689339173,8.329240581105116e-09,673.0
067160,20191031,0.98,-2.476785485044286,,
067160,20191101,0.99,-1.8836702848226028,,
067160,20210208,1.73,1.196253187567864,,
067160,20210209,1.94,14.38865809968053,,
067160,20210216,0.92,-44.67738684116671,,
067160,20210413,1.36,86.99745304801124,,
067160,20210415,1.51,104.54874235848615,,
067160,20210422,1.48,-2.712583627538767,,
067160,20210603,0.73,3.167202183944151,,
067160,20210701,0.82,7.450469412983196,,
067160,20210716,0.63,-13.034913894786504,0.0,0.0
067160,20210727,0.6,-10.134703371418352,8.392291436886392e-08,10415.0
067160,20210824,0.65,10.151676617859584,1.3836079843660362e-07,8372.0
067160,20211029,0.85,28.687946043447575,5.801885989808275e-08,4557.0
067160,20211101,0.82,23.33617968224395,5.7822505813511776e-08,4792.0
067160,20211102,0.87,29.45075395459702,2.1239352385108114e-07,16088.0
067160,20211108,0.85,3.9001772807854884,1.069122434823984e-06,28801.0
067160,20211109,0.79,-9.04901632564643,4.152261674281819e-07,20015.0
067160,20240108,4.83,11.048163727939597,3.6336839457895775e-08,15285.0
067160,20240125,4.52,-11.131834423015174,1.0385356859929626e-07,9240.0
067160,20240214,4.12,-1.7531553900268948,1.0508607190057388e-07,5412.0
067160,20240215,4.07,-1.780932340902186,6.485192083031366e-08,5412.0
067160,20240227,3.88,-5.280710564175584,2.5302562882613236e-07,12234.0
067170,20200821,4.37,-17.350166624571173,,
067170,20201214,9.33,13.747961813019248,,
067170,20201215,9.66,14.378060001983318,,
067280,20210531,0.77,-1.9094796562089789,,
067280,20210618,1.05,8.62795194033974,,
067280,20211207,0.87,-2.200869109163106,1.4725728665009666e-09,60.0
067290,20251217,0.45,-4.4364629704573,0.0,0.0
067310,20200109,4.94,-5.6654438495604476,,
067310,20200114,5.72,6.000018737720092,,
067310,20200120,6.1,6.12810768588441,,
067310,20200217,6.16,13.512090893944894,,
067310,20200806,7.57,6.679747669222147,,
067310,20200908,8.71,18.950493226417088,,
067310,20200910,9.21,19.068645096942905,,
067310,20201230,8.57,-0.1833635712390258,,
067310,20210421,8.28,9.345363249531147,,
067310,20210422,8.54,12.843087447020562,,
067310,20210423,8.66,14.449455084301821,,
067310,20210426,8.49,9.688413463073807,,
067310,20210427,8.26,3.565023801988776,,
067310,20210715,8.28,1.5900709812717073,1.0117497591636772e-07,9983.0
067310,20210910,9.04,-2.4555268179729084,3.3565211556478994e-07,16821.0
067310,20211028,8.64,1.5047413986189584,1.6709655542483976e-07,15789.0
067310,20211029,8.4,-1.2558242015321741,1.3015823423671031e-07,15789.0
067310,20230609,6.54,0.583939217717111,1.2116968586796998e-07,14136.0
067310,20230612,6.43,-0.9638737560705657,3.1910676456971104e-07,19926.0
067310,20230901,6.75,-1.0875255251476479,1.538591210257967e-07,72864.0
067310,20230904,6.61,-4.0047034437569735,1.4892226163243655e-07,90282.0
067310,20231107,6.55,-3.8952855815797327,1.2238341657299128e-07,37655.0
067310,20250909,4.26,3.178934134937905,1.331550519954273e-07,11557.0
067310,20250910,4.46,6.9564853462890985,1.8831982973395013e-07,13806.0
067310,20250911,4.21,-0.8310375059228048,3.1599083109470983e-07,13381.0
067310,20250912,4.28,-1.3160173520764595,2.2834247878507183e-07,13381.0
067310,20250915,4.35,1.6773075516673286,3.4057480497565754e-07,13381.0
067310,20250918,4.41,4.903983154136227,1.7395667479253928e-07,8856.0
067310,20250929,4.28,-0.0791076683128944,2.7695706888257124e-07,8888.0
067310,20251001,4.11,-3.3490208695491908,1.5606838056205125e-07,6310.0
067310,20251002,4.35,3.631041210203745,7.661877381428846e-08,4582.0
067310,20251013,5.03,17.434382911314493,4.658072012023759e-08,4833.0
067310,20251030,5.54,0.3776568625631471,2.0772070541384185e-07,37160.0
067310,20260127,5.5,-1.5225301983394446,1.3838967604958928e-07,58085.0
067310,20260128,5.38,-3.407111222630077,3.1208519542406845e-07,63438.0
067310,20260129,4.84,-12.0492185413554,4.4191514674845144e-07,75610.0
067310,20260504,3.61,-8.113375669192123,2.2928806115117515e-07,34923.0
067390,20210601,1.04,-4.002685838985387,,
067390,20210602,1.01,-0.44250328240973413,,
067390,20210604,1.11,13.925684932859017,,
067390,20210609,1.03,2.175058154065024,,
067390,20210611,1.19,7.3857276038580055,,
067390,20260223,0.19,7.387736605431039,2.8320002778826505e-08,668.0
067570,20200224,1.3,25.004190150681115,,
067570,20200831,4.16,52.9465037832312,,
067570,20200901,4.07,25.595120950569104,,
067570,20210226,3.13,-14.684400820279608,,
067630,20191018,2.14,-14.342048057683455,,
067630,20191023,2.03,-8.897062929914124,,
067630,20191024,2.02,-8.448936438685106,,
067630,20240130,0.39,-3.9416444233850934,4.701086918779841e-08,13056.0
067630,20240131,0.37,-7.703137666872939,1.2751286837987375e-07,15292.0
067630,20240202,0.37,-5.569864234860445,1.702710829204515e-07,30426.0
067630,20240313,0.36,-1.1354146675449872,7.651635096626744e-08,40694.0
067630,20240321,0.36,2.759696915495624,6.39924261295049e-08,15036.0
067630,20240325,0.31,-7.661101284974537,2.101315720983931e-07,69219.0
067730,20201012,2.24,97.27586013147791,,
067730,20201013,1.89,66.25446654069931,,
067730,20210224,3.68,-1.306035802260741,,
067730,20210316,2.83,14.798037485073468,,
067730,20210317,3.07,44.08958315612508,,
067730,20260420,0.06,600000.0,6.07113405567306e-09,43.0
067730,20260421,0.0,0.0,2.288565319133777e-11,1.0
067770,20200122,0.53,-11.296033994334277,,
067770,20200123,0.5,-12.168250327653995,,
067770,20201229,0.71,-0.7426305697292745,,
067770,20201230,0.4,-43.98100116716379,,
067770,20210104,0.32,-54.87477856690124,,
067900,20191119,4.07,10.619071497221189,,
067900,20191211,4.12,6.83713901040548,,
067900,20191212,3.88,-3.5441477655451914,,
067900,20200506,2.21,7.011707757875851,,
067900,20200507,2.64,33.80167260062778,,
067900,20200812,4.5,63.040299943463026,,
067900,20210203,3.99,7.418318907391486,,
067900,20210208,4.14,8.873527463348596,,
067900,20210331,4.84,22.008121852644024,,
067900,20210401,4.81,15.897928917894921,,
067900,20230803,4.5,84.7224443728556,6.988740663827616e-08,1442.0
067900,20260211,1.54,15.076760234014097,1.1354038628944973e-07,1214.0
067920,20210203,0.73,-4.204365264434284,,
067920,20210204,0.75,4.035243595439053,,
067920,20210507,1.37,7.377020117856459,,
067920,20260415,0.57,11.394284300383518,2.3917721194011252e-08,266.0
067990,20210420,5.45,2.1368954785290217,,
067990,20220329,5.32,-1.4530332589797634,5.995954628720002e-08,4480.0
067990,20220408,6.01,7.90207893418462,1.4636253867074574e-07,3053.0
067990,20220413,5.62,-3.9399216369177203,4.5187767443486105e-08,1289.0
067990,20220415,6.66,11.927092826164621,1.2133811272392328e-07,2437.0
068050,20200713,3.03,-35.102224310143406,,
068050,20250314,4.07,52.68118921141176,7.1140018503754124e-09,780.0
068240,20200220,3.34,-0.6423692166075634,,
068240,20200221,3.35,2.2250987795985555,,
068240,20200825,4.78,-6.384601208209317,,
068240,20211015,4.52,10.550191810414855,1.9479767942540763e-07,31785.0
068240,20211027,4.86,5.065954110137594,4.47451512239321e-07,23098.0
068240,20211029,4.62,-3.670711802046245,3.614768403665854e-07,10830.0
068240,20211102,4.64,-2.7797796630827043,2.7409855580364135e-07,17991.0
068240,20211111,4.26,-11.2418242028,3.5758154682269303e-07,11845.0
068330,20200408,5.55,23.952895667328168,,
068330,20200722,6.69,-0.3559276813089651,,
068330,20200723,7.35,13.581068652625937,,
068330,20200811,10.35,9.290210445631896,,
068330,20200812,10.9,12.430644681741466,,
068330,20200825,3.1,-9.95172187199731,,
068330,20200826,5.61,97.9910002029132,,
068330,20201208,7.34,-16.37988731937713,,
068330,20240820,0.88,105.03452258927224,3.358050539411991e-09,186.0
068760,20200331,0.67,-34.50799273336105,,
068760,20200513,1.08,23.801461245235078,,
068760,20200515,1.66,67.02260466360515,,
068760,20200601,1.63,-8.121541955780776,,
068760,20200603,2.03,17.379617787377576,,
068760,20201125,2.84,8.059066330647502,,
068760,20201126,2.85,5.431563778595505,,
068760,20201202,2.8,-1.589961107316018,,
068760,20201203,2.74,-3.8439159069563966,,
068760,20201228,2.34,-2.8908460187420992,,
068760,20240102,1.53,-7.792092162032061,2.476216621221597e-08,13827.0
068760,20240103,1.52,-7.047722439739756,2.9918003860197e-08,33916.0
068760,20260126,2.04,-2.31538761421054,4.2279790264382245e-07,31234.0
068760,20260127,2.02,-3.4656436242064714,9.155315268261605e-07,39992.0
068760,20260128,1.86,-11.22790222109339,1.2333339108659183e-06,42052.0
068790,20200721,2.41,5.534705457331479,,
068790,20200805,4.56,11.684346448812732,,
068790,20200807,5.56,33.65362312660114,,
068790,20200813,6.29,27.67695403046815,,
068790,20200904,6.67,19.402500217086583,,
068790,20200907,6.45,16.403069960765414,,
068790,20240325,1.81,-2.465384857790498,4.123938294837033e-07,1574.0
068790,20260306,0.03,-50.17797962440162,0.0,0.0
068930,20211021,0.56,4.75608632916833,5.20674591166277e-07,3064.0
068930,20211025,0.58,11.297620413209453,7.472671986691029e-07,2952.0
068930,20250709,0.07,0.3013710259348823,4.913167450466432e-07,553.0
068930,20250710,0.07,-17.66668039369106,3.868875226758364e-07,453.0
068930,20260225,0.03,-6.0386679158504375,2.4321458336260916e-07,297.0
068940,20190701,3.85,3.2713920680251585,,
068940,20200519,4.53,24.286569494368248,,
068940,20200521,3.99,8.632763884355366,,
068940,20200522,4.06,18.88087766067137,,
068940,20200601,4.15,10.708805335988592,,
068940,20200602,4.19,14.097238081457686,,
068940,20200603,4.37,16.28214526880496,,
068940,20200731,3.48,4.8570405121882265,,
068940,20200901,3.71,1.004962065557824,,
068940,20220103,0.88,1.3098216950286456,4.907920218674765e-07,1258.0
068940,20220816,2.77,-3.216312318507819,4.323553189900208e-07,8405.0
069080,20200701,3.17,6.112948450643474,,
069080,20200702,3.27,8.317610224682204,,
069080,20200727,3.63,5.090799253850142,,
069080,20200731,4.16,14.540547954172457,,
069080,20200803,4.24,16.613027891386345,,
069080,20210112,3.12,6.462383314334996,,
069080,20210409,4.28,-0.06262344043547197,,
069080,20240813,0.98,-1.164439565214903,1.9434019274253453e-07,6926.0
069080,20260128,1.16,-9.065559716644856,6.049818009524561e-08,343.0
069080,20260129,1.08,-15.941308132305398,2.1259309482191405e-07,1643.0
069140,20210112,1.62,-10.163058212943954,,
069140,20210616,2.94,-6.409216869080181,,
069140,20250813,0.17,-0.8154524113504369,6.870373753122347e-09,54.0
069140,20250821,0.11,-30.83087655192459,2.130714365627821e-07,298.0
069140,20250822,0.11,-33.812232695262225,1.1114716905215597e-07,582.0
069140,20251010,0.11,0.0,4.3147489067490404e-07,593.0
069330,20210518,0.0,,,
069410,20210712,9.27,11.76635730286133,,
069510,20250611,0.19,11.235840391876728,2.0313712859904525e-07,548.0
069510,20250618,0.46,134.85779816513764,3.879183048195096e-08,642.0
069540,20210916,0.21,-45.82059321868853,0.0,0.0
069540,20230728,0.21,34.08266691463642,1.389621398741423e-07,1184.0
069540,20230731,0.23,44.88800074356354,2.013010781470066e-07,1078.0
069540,20230801,0.22,44.949133774712216,9.920122964925204e-08,484.0
069540,20230830,0.53,157.820285007491,4.045043077819395e-09,834.0
069540,20260112,1.8,33.31293172341694,5.977276026826592e-09,836.0
069540,20260320,0.03,-14.929560998421698,7.189612517195166e-08,7280.0
069540,20260323,0.03,-18.912438643715078,1.2597711522198172e-07,6803.0
069540,20260409,0.02,-10.983288219371545,4.833931709761584e-09,1104.0
069920,20220321,0.88,72.7822626150154,5.3385906574737804e-08,273.0
069920,20220329,0.74,-21.574249435276847,2.2126448188507182e-08,153.0
069920,20220401,0.7,-14.458904748577295,2.5102587226753013e-08,366.0
069920,20220421,0.26,-60.14266028102833,1.0305019119674849e-07,1080.0
070300,20190819,0.27,26.523473458115987,,
070300,20190823,0.3,35.11057255377159,,
070300,20190826,0.3,10.588349420381249,,
070300,20200221,0.2,-52.75388328485673,,
070300,20200311,0.55,172.7699530516432,,
070300,20200401,2.84,137.08977488473013,,
070300,20200409,3.11,4.3347419353374494,,
070300,20200410,3.03,-13.875497156094552,,
070300,20240522,0.2,-23.129999999999995,1.1888059379812772e-07,164.0
070300,20240712,0.27,96.31155393753592,8.369224960474497e-08,586.0
070300,20240717,0.02,-83.95052359993929,1.0111804069228861e-07,1605.0
070300,20240718,0.01,-90.61799551713096,3.633113289205411e-07,1605.0
070300,20240719,0.05,-78.22458640378701,2.6649890915527656e-08,1273.0
070300,20240730,0.03,0.0,1.245851469027512e-07,1543.0
070590,20190627,0.37,22.839211568749107,,
070590,20200401,1.59,60.138076158081354,,
070590,20200408,1.5,-5.790364243477009,,
070590,20200409,1.36,-14.229868500323883,,
070590,20250428,0.12,217.95858530328022,4.301274169489402e-08,550.0
070590,20250429,0.12,120.77938563087076,6.979790906816458e-08,751.0
071200,20200427,4.6,13.968069448290631,,
071200,20250609,3.01,-2.38442725627821,2.1100055675224787e-07,642.0
071200,20250710,3.11,-1.912441712343882,4.830725246606477e-07,1298.0
071280,20200121,5.34,15.897217232645232,,
071280,20200123,6.59,36.564498656348434,,
071280,20200220,6.18,-12.827691735456536,,
071280,20220915,3.91,5.040062755645214,2.2960747700470435e-07,1773.0
071280,20221026,6.26,-3.4849491593677673,5.802502345418436e-08,531.0
071280,20221117,7.14,3.4030261946638163,4.2215547120408353e-07,1785.0
071280,20221129,7.24,-2.8620457138147204,5.18133220296548e-07,2281.0
071280,20221130,7.19,-2.5942124074411432,4.842939603153515e-07,877.0
071280,20221201,7.4,-0.3930863919663019,3.6228895665236537e-07,1061.0
071280,20230207,8.01,3.7867754643608142,1.863665641908697e-07,657.0
071280,20230217,8.25,-3.052116237660041,8.874935946114476e-08,115.0
071280,20240319,5.03,-3.6875348086802595,9.61228949797598e-08,1263.0
071280,20240401,5.08,-1.956051483123944,9.11974569346246e-08,199.0
071280,20240404,5.05,-2.271789871734875,1.491117997111796e-07,522.0
071280,20240527,5.08,-0.15144967215826588,1.5452870045946235e-07,500.0
071280,20240528,5.1,0.09642522371164919,2.2875217945202524e-07,1207.0
071280,20240614,5.21,-0.07856275199815688,1.8937879879641452e-07,1113.0
071280,20240617,5.19,0.33273001318054884,1.987656384899052e-07,1079.0
071280,20240618,5.41,4.621703126713106,2.1231469730987548e-07,1259.0
071280,20240619,5.42,4.649716245303348,2.9100335577309787e-07,1125.0
071280,20240620,5.26,1.3809669410984604,3.3746819191004645e-07,1256.0
071280,20240621,5.35,2.550414218518582,1.7460288809477595e-07,527.0
071280,20241022,4.81,-3.232401754867442,2.9231187179060505e-07,764.0
071280,20250214,4.77,0.9712318662404629,2.0737626580629498e-07,2374.0
071460,20210317,,,,
071460,20210420,,,,
071460,20210423,,,,
071460,20210427,,,,
071460,20210428,,,,
071460,20210429,,,,
071460,20210503,,,,
071670,20201008,4.19,1.0100573574287397,,
071670,20210104,5.1,10.292047739857857,,
071670,20210107,5.77,29.132795265118915,,
071670,20210111,5.72,11.980362688326075,,
071670,20251224,1.33,-1.8798806703518522,9.361420614234183e-10,28.0
071670,20251226,1.34,-1.7646031098945913,6.084423276737313e-10,28.0
071670,20251229,1.94,44.142353697369096,8.721921456112646e-11,6.0
071670,20260119,0.74,-5.322295247724973,2.0083004520875105e-08,280.0
071850,20200619,1.99,88.37046601179676,,
071850,20200622,2.11,38.20850959909878,,
071850,20210610,2.13,9.448319397941574,,
071850,20210614,1.82,-12.141265016644953,,
071850,20210616,1.79,-15.456253689995004,,
072470,20211005,2.53,-9.197102186649253,2.950713020785767e-09,207.0
072470,20211006,2.46,-11.493582706923988,1.685154925903827e-09,207.0
072520,20200805,,,,
072520,20200810,,,,
072520,20200821,,,,
072520,20200824,,,,
072520,20200825,,,,
072520,20220120,,,,
072770,20200408,1.82,8.905347179476998,,
072770,20200409,2.12,7.945252950134041,,
072770,20210210,5.19,11.26354761132491,,
072770,20210215,4.84,4.289359968198347,,
072770,20210531,4.78,-8.107215018639058,,
072770,20210601,4.39,-16.163822084998568,,
072770,20210603,4.38,-10.873406219162607,,
072770,20210607,4.81,0.42803738517800394,,
072770,20210610,4.91,12.028241117538684,,
072770,20210614,4.79,-0.34884569745428085,,
072770,20230418,5.79,-2.3734679999146135,1.554195336874095e-07,1545.0
072770,20230428,7.02,11.994723096598058,2.1533161934976373e-07,1765.0
072770,20230503,7.55,6.895021543259339,3.294706822010294e-07,2014.0
072770,20230619,8.16,19.753440422518565,2.0582105059226362e-07,1572.0
072870,20210414,1.2,-6.1297154810069365,,
072870,20260313,1.18,26.070713809206136,2.685483098957264e-07,1725.0
072870,20260316,1.17,6.685971977135274,1.032519496472397e-06,1978.0
072870,20260317,1.34,18.10245151847787,1.4917968897883347e-06,2066.0
072870,20260318,1.35,17.339532201679454,1.6611259363498366e-06,2097.0
072870,20260319,1.34,15.019878935491949,1.2394439105158733e-06,2097.0
072870,20260421,0.97,-26.77751970500404,1.971792670345341e-07,236.0
072950,20251118,1.51,2.8791609590480105,1.3631111502949197e-08,532.0
072950,20260311,2.48,22.766812977685014,3.432149930597602e-08,353.0
072950,20260324,2.63,-18.735940788041503,2.0026551017963968e-08,415.0
072950,20260410,2.17,-13.149160871029741,2.1732229993164387e-08,546.0
072950,20260413,2.47,-2.162207104324898,8.832196089503599e-08,548.0
072950,20260414,2.09,-18.20598070863859,1.98435680504267e-08,1505.0
072950,20260415,1.96,-26.218405250663313,1.0133278619305239e-08,1490.0
072990,20200810,1.54,46.28587736464449,,
072990,20240111,0.54,-31.290786611465858,8.255607187246584e-09,80.0
072990,20250729,0.85,-9.615852349953503,1.6847350884372827e-09,85.0
073010,20210428,1.7,-14.7264127225743,,
073010,20210430,2.06,6.851642371428279,,
073010,20210512,1.89,-13.176872005285123,,
073010,20220826,2.47,39.325961359259495,1.4399483357009502e-08,462.0
073010,20240415,1.35,-1.1897407281930672,1.2891138906132425e-07,776.0
073010,20240510,1.48,-7.790519736720814,5.141552833218402e-07,2733.0
073010,20240513,1.4,-13.85754975357023,1.3412369862032212e-07,5462.0
073010,20250808,2.44,6.083360574998742,6.323299173527869e-08,2907.0
073010,20250904,3.85,8.900469455844572,2.002150463294633e-08,2987.0
073110,20190816,5.77,31.7575437958727,,
073110,20190819,5.44,24.537366502328894,,
073110,20191017,5.26,-8.80885532517227,,
073110,20191023,4.73,-13.881156940067918,,
073110,20191024,4.7,-10.816043257350106,,
073110,20191029,4.75,-1.440864472106107,,
073110,20191030,4.7,-0.5665178243249303,,
073110,20231219,1.7,22.706890840490246,1.5478440982422002e-09,121.0
073190,20201218,1.95,59.774390078059135,,
073190,20210119,2.13,-0.4077321549226909,,
073190,20210120,2.65,21.437189104430466,,
073190,20210129,2.6,-24.62780679165363,,
073190,20210203,2.5,-16.138311612069977,,
073190,20210217,2.01,-8.851900175725714,,
073190,20210222,1.99,0.9540753732192764,,
073190,20250123,0.0,-100.0,2.0743258165599784e-07,256.0
073190,20250210,0.0,,1.673908421586194e-07,243.0
073490,20190816,5.95,39.47597265605198,,
073490,20190819,4.91,17.635299271235706,,
073490,20190904,4.09,11.774548496808102,,
073490,20200212,5.81,-0.5933848264242703,,
073490,20200421,5.3,-4.497388372254319,,
073490,20200423,6.76,22.03655184779787,,
073490,20200521,6.62,-2.784610265477483,,
073490,20200810,6.51,2.0632666956362122,,
073490,20200902,6.25,7.020643127460469,,
073490,20200907,6.81,11.664095056433688,,
073490,20251029,2.35,-0.139072774001181,1.6269441514738904e-08,163.0
073490,20260120,2.57,0.701209034157646,1.278231419274193e-07,1140.0
073490,20260121,2.56,3.419092755585651,1.0549547418539392e-07,1324.0
073490,20260126,2.95,16.038561761646285,9.305730628477238e-08,904.0
073490,20260127,3.0,16.47496892764726,2.4569202389636454e-08,240.0
073490,20260209,3.08,-10.069288841394053,1.9397372577503459e-07,1724.0
073490,20260310,3.2,-5.200414449864377,1.5805940030383752e-07,2594.0
073490,20260311,3.2,-5.246633290643066,7.726423952470849e-08,5064.0
073490,20260421,5.69,12.050877691890083,2.968398564344042e-08,6837.0
073540,20190903,0.59,13.078404582791482,,
073540,20250902,0.0,0.0,5.635076251485103e-09,49.0
073540,20250903,0.0,0.0,5.38195030019477e-09,49.0
073540,20260401,0.0,-100.0,2.9794284923472426e-08,140.0
073540,20260408,0.0,,2.4846979632675028e-08,143.0
073540,20260410,0.0,0.0,1.4762271965741365e-09,26.0
073540,20260413,0.0,-100.0,4.871020982907954e-09,26.0
073540,20260414,0.0,-100.0,6.74506858621751e-10,26.0
073560,20220426,5.43,23.80586085761611,2.302774450089121e-09,366.0
073560,20250822,2.76,3.875405520381281,5.218641372925088e-07,569.0
073560,20260126,2.04,-0.45459633717995773,1.5689255836115496e-07,338.0
073560,20260204,2.62,11.586743830155166,4.453128792490238e-08,84.0
073560,20260223,3.11,10.89650653947265,1.5514814381236817e-07,1372.0
073570,20191025,0.41,-7.596925757670048,,
073570,20191028,0.41,-7.114630655299026,,
073570,20191029,0.51,14.824147961485213,,
073570,20191031,0.45,13.50398877882002,,
073570,20210705,3.81,13.912185386733334,,
073570,20210906,5.21,9.296281026919907,4.340815234346792e-09,353.0
073570,20220930,2.85,14.025194570242938,1.520792076908253e-08,1056.0
073570,20221212,1.16,-77.64924654324219,0.0,0.0
073570,20230327,1.74,-1.1212555232689492,6.045869752435049e-08,15271.0
073570,20230328,1.92,4.034555784642091,9.094514637364615e-08,18317.0
073570,20230404,1.41,-26.15555412075299,1.2970510139748265e-08,1741.0
073640,20200618,0.17,34.290441372685066,,
073640,20230412,2.63,23.24964062223911,7.836130613020702e-08,5411.0
073640,20230414,3.18,27.326900704971013,4.52863032437554e-08,5541.0
073640,20230417,3.31,28.047711775750116,9.379904003130453e-08,6955.0
073640,20230420,3.14,15.118032442811291,1.4063097306137462e-07,2844.0
073640,20230612,1.82,-4.502074617633511,2.4640466706031744e-08,3397.0
073640,20230619,1.49,-17.68275819132875,4.0039235836808814e-08,4613.0
073640,20230711,1.97,6.1799904652914295,1.1895303244304073e-07,16655.0
074430,20200724,2.79,-1.8123801458671984,,
074430,20210106,5.49,0.758389453693642,,
074430,20210517,5.9,11.755428958301128,,
074430,20260102,1.42,-1.8538285369802399,0.0,0.0
074430,20260105,1.48,2.2957636526971914,0.0,0.0
074600,20200903,5.05,8.099935311690377,,
074600,20200915,4.71,-3.736559056412414,,
074600,20201126,4.56,18.718139929970825,,
074600,20201216,3.78,-2.2979380716702136,,
074600,20201217,3.65,-3.970720336744038,,
074600,20210324,4.05,8.667012817771802,,
074600,20210325,4.06,7.660118153357542,,
074600,20210412,3.65,-2.810371774004161,,
074600,20210419,3.84,5.471135699912932,,
074600,20210423,3.89,4.861702551854519,,
074600,20210426,3.96,2.8663574538427383,,
074600,20220503,2.91,-11.245144236826011,1.98733229616686e-07,15516.0
074600,20230629,2.31,-0.16690639006022856,4.146943468573027e-08,911.0
074600,20240102,2.3,1.9342752296039878,1.7663889999596e-07,11576.0
074600,20240104,2.4,3.691114734987644,4.3169151135232224e-07,10760.0
074600,20240508,3.26,-0.15800506685857973,2.7732947814042834e-07,8295.0
074600,20240607,2.96,-5.619238651093072,1.2722919028269773e-07,26704.0
074600,20251010,3.02,0.4372527214821176,4.883127994613378e-08,734.0
074600,20260219,3.8,7.887758467916672,2.6429996364031374e-07,7166.0
074600,20260306,3.64,-6.5735038131591095,2.471797408703204e-07,19766.0
075130,20210114,3.92,-4.970964874118067,,
075130,20210621,7.22,-0.510706402952732,,
075130,20210623,6.29,-12.37443566810228,,
075130,20210628,6.94,-3.835833845374803,,
075130,20210629,6.7,-6.338032554142748,,
075130,20240828,1.45,-0.776666503243939,3.762974965650602e-09,277.0
075130,20240829,1.75,20.874000041129403,3.123416698002683e-09,277.0
075970,20200812,2.76,-0.032361888286758234,,
075970,20210309,6.36,-3.0671237885965486,,
075970,20210315,5.61,-13.138657912828034,,
075970,20210317,3.18,-49.22123496058637,,
075970,20210412,4.13,16.109327993123568,,
075970,20230503,6.19,-12.219521115246435,5.982645182251094e-09,1018.0
076080,20200720,0.68,2.9798305499344035,,
076080,20200721,1.37,104.53374587336599,,
076080,20201216,5.82,93.87001514008324,,
076080,20201217,4.68,54.979002264348175,,
076080,20210108,5.37,86.0632519540206,,
076080,20210914,5.07,-4.943104003685683,1.0823678706277491e-10,24.0
076080,20221121,7.0,4.471912687272628,3.3763785232108053e-09,425.0
076080,20221122,6.88,3.673604734579339,2.4143380992611218e-08,3291.0
076080,20221123,4.82,-25.995672907099966,9.369982285334708e-09,3291.0
076610,20240108,0.0,,0.0,0.0
076610,20260121,0.05,1306.690500510725,2.3363783017059777e-08,1587.0
076610,20260122,0.05,893.1308749096168,1.9743976366898797e-08,1412.0
076610,20260506,0.03,-39.39393939393939,9.339120956936562e-08,5379.0
076610,20260508,0.02,-44.7939393939394,8.789761821459932e-08,6808.0
077360,20191119,1.91,92.81785002732867,,
077360,20191120,2.04,105.1084437159048,,
077360,20200122,1.31,-10.418056813307274,,
077360,20200123,1.21,-19.115249204418504,,
077360,20201217,1.13,46.56030378598957,,
077360,20201228,1.53,23.436992931017464,,
077360,20211224,2.09,-7.612014869085304,2.0300549637381433e-08,499.0
077360,20230704,3.34,9.479009624378222,1.4695354858200839e-08,1402.0
077360,20230705,3.5,13.889467155262135,2.7266645205470117e-08,1402.0
077360,20250917,3.74,1.2514247805212708,2.0232011901756403e-08,1444.0
077360,20250918,3.99,9.018671306126924,1.9109278321523845e-08,1444.0
077360,20251002,3.54,-8.33923449404953,1.2757647261043922e-08,1458.0
077360,20260122,4.54,0.43095155268879637,3.248336997775774e-08,3849.0
077360,20260130,4.77,1.279104589528246,2.125029738083571e-09,119.0
077360,20260204,4.29,-10.600831461074932,9.15937287252806e-08,14639.0
077360,20260220,2.43,-24.207598829178455,9.47550064396285e-08,7101.0
077360,20260224,3.09,5.714918687128501,1.658246709918331e-07,5803.0
077360,20260416,2.8,5.838687279289556,6.375613745093382e-08,7925.0
077360,20260417,2.83,9.947917775667413,1.091858659974637e-07,11008.0
077360,20260504,3.27,0.1717922967903629,1.0132435482390777e-07,6672.0
078020,20201116,0.61,18.014394217601847,,
078020,20201123,0.76,25.103023076587515,,
078020,20201124,0.76,21.32901115989756,,
078020,20201207,0.84,3.66269673702293,,
078020,20201211,0.83,0.3338721845026482,,
078020,20210406,1.1,4.612001128526222,,
078020,20210407,1.09,6.523662326578616,,
078020,20210426,1.05,-1.9231413991725343,,
078020,20210427,1.08,1.6863993381525777,,
078020,20210510,1.03,-9.690566368605392,,
078020,20210723,0.91,0.36088311616444546,4.1331498256760435e-07,2496.0
078020,20250709,0.41,0.9841117243628794,9.197634660427661e-08,1106.0
078020,20250711,0.49,14.198125747707024,7.350014251570595e-08,2575.0
078020,20260213,0.66,10.899877039884442,8.24207273920118e-08,4368.0
078020,20260219,0.73,13.093017810162678,6.412987713796631e-08,4368.0
078070,20250918,0.48,0.15178970653990653,2.1069644027694714e-07,299.0
078070,20260312,0.64,-21.692476360148007,3.7498310884391364e-08,1028.0
078070,20260318,0.98,50.467966910210734,3.6104125326408937e-09,40.0
078070,20260325,1.13,14.89397075094736,4.5597428792323525e-08,1886.0
078070,20260414,1.21,-13.021652107677095,8.635041205031069e-08,3275.0
078130,20190723,5.72,14.187120218153693,,
078130,20190724,5.97,13.847473170606106,,
078130,20191119,10.68,-2.105648661758286,,
078130,20250721,0.0,0.0,0.0,0.0
078130,20250722,0.0,-6.700639257338247,0.0,0.0
078130,20250723,0.0,-33.918630965162954,0.0,0.0
078140,20200515,3.07,55.167177398088626,,
078140,20200828,4.59,15.280541635761713,,
078140,20200831,4.89,18.54383754021418,,
078140,20200903,5.81,31.79452387909947,,
078140,20230726,3.56,-0.9122784153423158,3.7644071610457964e-10,45.0
078140,20230728,5.18,43.09902705717159,6.746495055256325e-09,536.0
078140,20230731,4.44,25.562947342653963,1.3779486008737317e-08,1066.0
078140,20240723,7.55,3.9937486134538736,7.69384533343787e-09,2092.0
078140,20240909,6.72,45.93261220548626,1.2034679809066929e-08,2586.0
078140,20240910,6.81,54.733778077093916,1.61111410640511e-08,3277.0
078150,20210402,9.11,11.976447890615916,,
078150,20210405,8.71,0.5879873944748315,,
078150,20210407,8.78,-0.04875434589503014,,
078150,20210415,8.77,-2.4169345298317713,,
078150,20230403,4.87,44.75292598284797,0.0,0.0
078150,20230907,6.8,11.828460270157581,1.2265399885227182e-07,25803.0
078150,20240709,9.61,3.917224574409084,5.874314334811127e-08,25126.0
078160,20201217,4.01,4.200259494732861,,
078160,20201221,3.84,-6.0524807565874195,,
078160,20241127,0.43,-3.2159433218270417,1.1544901263431836e-07,1602.0
078160,20241203,0.48,17.214171595145334,3.0859527404995605e-07,1998.0
078160,20241204,0.47,8.80626223091976,6.58741275731889e-08,403.0
078160,20241212,0.47,0.08599868257337384,1.0637681057969376e-07,1640.0
078160,20241213,0.54,13.57938549655373,3.50095779809078e-08,1133.0
078160,20241216,0.66,36.53088512690719,3.213556228808885e-08,545.0
078160,20251028,0.61,10.74663212907816,1.9727099605705016e-07,1174.0
078160,20251029,0.59,5.4723062249404375,2.9885401488444873e-07,1159.0
078160,20251127,0.79,10.940211670317801,2.7802211037401426e-07,1704.0
078160,20251128,0.86,12.257296322975563,5.123641114081377e-07,2117.0
078160,20251201,1.0,30.452627223831197,7.489148897625677e-07,2110.0
078160,20251202,1.02,31.992477377978943,1.0213209211786611e-06,2460.0
078160,20260127,0.49,-11.082128180901707,2.99187876576206e-08,1629.0
078160,20260128,0.53,4.173165405911261,9.215027463197013e-08,3329.0
078160,20260129,0.49,-4.940897418305134,1.4356067822763488e-07,3162.0
078340,20200508,0.66,7.583526609415148,,
078340,20200630,0.88,6.861897457351374,,
078340,20200702,0.92,8.494942512006975,,
078340,20200706,0.95,8.022363574322133,,
078340,20201203,2.43,11.929247956539246,,
078350,20210623,2.56,22.689273113535656,,
078350,20210624,2.56,20.186866088490362,,
078350,20210705,2.32,-7.712791547369213,,
078350,20210729,1.63,-8.971378176862022,2.4549351077826746e-07,412.0
078350,20210730,1.63,-2.9103753928597875,2.158166257622828e-07,1306.0
078350,20211108,3.48,13.503459231324522,3.0715317822096245e-07,1290.0
078350,20211109,3.72,18.025425875104318,3.800848489167985e-07,1626.0
078350,20211111,4.38,25.33256822858938,4.779051435104529e-07,2078.0
078350,20211112,4.33,25.6810304946951,5.19220845761695e-07,1598.0
078350,20211115,4.75,36.198916752809886,1.7473460041937998e-07,1755.0
078350,20211117,4.93,25.20451274278097,1.270063870144673e-07,4347.0
078350,20211122,5.0,5.241626112122,3.3047380357629226e-07,3844.0
078350,20211124,5.01,1.5892253389316435,1.7907294507117397e-07,2353.0
078350,20211229,4.38,-3.0436066456493216,2.3352418791752479e-07,1797.0
078350,20220111,4.03,-2.346899726406748,8.965535355768888e-08,796.0
078350,20230615,2.87,8.749318936054284,2.30830467467288e-07,1731.0
078350,20230619,2.77,3.108170562623136,7.602442022377577e-07,3376.0
078350,20230620,2.84,5.743869129998602,8.031540128324175e-07,2972.0
078350,20240329,3.61,12.478188913634236,6.593767076272172e-08,1961.0
078350,20240405,5.69,57.68498570395748,0.0,0.0
078350,20240415,5.56,-2.1749673697294747,3.662360260208712e-08,1015.0
078350,20240426,5.56,-8.619684807796101,1.4583531331951518e-07,6215.0
078350,20240430,4.86,-17.716664100158084,1.398140747934429e-07,5656.0
078350,20250918,4.08,14.394243475615243,6.573358856499498e-08,628.0
078350,20250919,4.24,8.894259900090207,0.0,0.0
078350,20250924,4.37,6.9829379808124425,4.571634669974461e-08,1146.0
078350,20251001,3.36,-22.92073391246412,3.272606533627344e-07,3009.0
078350,20251002,3.31,-25.27124533912305,4.04242183028752e-07,3009.0
078350,20251015,2.85,-15.042139014945766,1.918838156420591e-07,2325.0
078350,20251027,3.44,30.91069479538897,2.1686662403695614e-07,1587.0
078350,20251028,3.64,22.23330097749838,2.9953871831385546e-07,4527.0
078350,20251106,4.4,11.068882434484117,3.243235851751506e-07,2303.0
078350,20251113,4.39,-0.3270270551369747,9.729932768687635e-08,5129.0
078350,20260128,4.97,-2.553356057812517,7.765650235101482e-08,1302.0
078350,20260203,5.32,4.472433857331137,8.143619513148706e-08,2047.0
078350,20260327,5.93,-11.799962229841155,2.688078420713467e-07,12191.0
078590,20200409,2.89,51.39115747470184,,
078590,20200413,3.11,72.01292392507739,,
078590,20200420,2.69,-13.49904406061202,,
078590,20200807,3.64,-0.33632323578050016,,
078590,20200813,3.73,2.4917638312714763,,
078590,20230921,0.0,,2.6446405678169952e-08,73.0
078590,20240220,0.48,-0.15948478818901268,0.0,0.0
078590,20251021,0.74,4.2375909868903605,1.4825620486480725e-08,142.0
078590,20251022,0.64,-10.309112420098575,2.041893102272923e-09,125.0
078590,20260122,0.4,16.462500313138584,6.019838318803172e-07,1619.0
078590,20260123,0.37,11.060966039973819,5.5468689896172864e-08,1990.0
078600,20200521,3.97,11.731347089618849,,
078600,20200522,3.8,5.345339034728092,,
078600,20200525,3.7,6.106990291262138,,
078600,20200526,3.43,-0.9270571886941914,,
078600,20200619,5.52,8.573010021398764,,
078600,20200622,5.56,9.020958890361964,,
078600,20200723,6.21,-1.627715660321194,,
078600,20200810,5.41,-10.4097116167574,,
078600,20210714,4.55,9.846867603956056,,
078600,20210715,4.67,9.990878212679743,0.0,0.0
078600,20210716,4.91,17.247862399324898,1.5475521008475955e-07,9346.0
078600,20210719,4.91,14.709903301100358,1.221899813045537e-07,9346.0
078600,20210903,4.4,8.510155073725144,1.0742981790131738e-07,31009.0
078600,20210906,4.65,13.34043147933528,1.1969399449241878e-07,31009.0
078600,20210907,4.85,16.695029233869406,3.240896260945777e-07,41660.0
078600,20210908,5.12,21.907655946653158,2.7507982433615704e-07,54788.0
078600,20210924,4.62,-0.86233952977125,6.910941348270449e-08,25383.0
078600,20210927,4.41,-4.483677241175066,9.605803590169387e-08,19540.0
078600,20211005,4.24,-3.766608896591561,2.5435829349427453e-08,6267.0
078600,20211126,4.02,-4.809114287240456,2.938831262912166e-07,54698.0
078600,20230306,2.47,8.972775615309715,1.6047708688779517e-07,11116.0
078600,20230406,2.89,-1.6790209114622257,1.3117767769970004e-07,22550.0
078600,20230407,2.8,-5.451214922366365,3.493857963361025e-08,12707.0
078600,20240530,1.58,7.59649298728251,9.574207642080513e-08,25322.0
078600,20240611,2.17,25.800062896849173,3.1227772068310335e-08,19012.0
078600,20260320,2.52,3.4445311346814833,6.160745324679546e-08,4520.0
078600,20260326,2.14,-12.212213266224769,3.113860374253e-07,24125.0
078600,20260424,2.31,13.984901658797689,6.131151877848892e-08,19474.0
078650,20210517,,,,
078650,20210521,,,,
078650,20210527,,,,
078650,20210531,,,,
078650,20210604,,,,
078650,20211125,,,,
078860,20191104,0.58,6.336362848111743,,
078860,20210415,2.24,-9.07667810724908,,
078860,20231227,0.33,0.0,0.0,0.0
078860,20240628,0.01,-77.69449470147325,2.5167951390767826e-08,432.0
078860,20240701,0.01,-85.79995202686496,1.8857618253575644e-08,392.0
078860,20240722,0.0,-7.448789571694602,1.2821237960406968e-07,313.0
078860,20240723,0.0,-3.1189083820662766,2.377905637350276e-07,313.0
078890,20210114,5.18,46.96897993216824,,
078890,20210204,10.04,31.314612323889012,,
078890,20210205,11.63,44.48629437611578,,
078890,20210208,13.68,69.20871423337351,,
078890,20210210,12.01,50.127389274104914,,
078890,20210215,11.63,15.804510990248133,,
078890,20210730,8.32,-12.553905888413407,8.097152572695422e-09,2557.0
078890,20210802,10.49,13.287997316848,8.37597330496791e-09,2557.0
078890,20210806,7.05,-15.26115851539329,1.0012932802030989e-07,2901.0
078890,20251113,0.71,-17.834026741194776,5.433757033810063e-07,739.0
078890,20251114,0.64,-27.42291848708026,3.3425873959826277e-07,1466.0
078890,20251219,0.69,14.492176541388769,3.6879375806309033e-07,917.0
078890,20251222,0.65,7.9513885746862245,3.132895029508188e-07,2016.0
078890,20260116,1.02,19.022096244282682,9.78665890905029e-08,1011.0
078890,20260227,1.66,8.879736350123624,4.276225595529459e-07,4459.0
078890,20260507,1.85,13.908675890582046,5.743116193443255e-08,2745.0
078890,20260511,1.71,-7.139542959528189,9.788248871154942e-08,4884.0
078940,20200520,,,,
078940,20210826,,,,
078940,20210827,,,,
078940,20230630,,,,
078940,20230703,,,,
079000,20210204,0.76,-4.286482828037419,,
079000,20210325,2.21,52.2987630827783,,
079000,20210420,2.86,15.160928080986412,,
079000,20240423,1.48,2.01355699841963,1.1599087549747762e-08,26.0
079000,20240424,1.52,5.233527344084887,5.807167991100046e-08,73.0
079000,20240503,1.96,-3.4377262111258355,9.089612886738701e-08,241.0
079000,20240507,1.96,2.599117664131878,2.786677115412455e-07,316.0
079000,20260219,0.66,-24.195106747701423,5.490195425349302e-08,210.0
079000,20260220,0.67,-23.69011626094817,8.854612807198842e-08,245.0
079170,20190909,0.41,8.77388615743322,,
079170,20201007,1.04,-6.347227677123001,,
079170,20210625,1.13,15.866991780390926,,
079170,20210630,1.64,88.4722496326996,,
079170,20210701,1.65,67.43370037220843,,
079170,20210715,4.8,47.017195611830196,0.0,0.0
079170,20220929,3.49,-17.573734203053704,1.8472498329212453e-09,111.0
079170,20230503,4.7,-4.879623005381195,1.3426174718919781e-08,1090.0
079190,20211006,0.26,-0.4533080696031755,,
079190,20260506,0.17,-50.0,4.910977128539087e-09,42.0
079190,20260507,0.17,-50.0,1.4021850558205564e-09,42.0
079370,20200716,2.86,1.316505832233128,,
079370,20200914,3.57,12.188254345179296,,
079370,20201110,7.34,9.26681147848285,,
079370,20201117,7.15,-2.609226320655633,,
079370,20201118,6.81,-7.25691550672285,,
079370,20201124,6.68,-6.563225284197105,,
079370,20201126,7.12,5.348576341734934,,
079370,20201229,6.86,-3.2800341910492747,,
079370,20210302,6.06,-8.362018192526666,,
079370,20210419,6.28,2.0570557198679396,,
079370,20221123,4.59,-10.71053840208207,5.453102407814708e-07,2767.0
079370,20230330,5.11,10.428393265433389,7.576033886346599e-08,3906.0
079370,20230713,5.99,-14.763565301044768,6.964873304833149e-08,6409.0
079370,20230714,6.02,-13.156397628462912,1.25377134601837e-07,6409.0
079370,20230717,5.98,-5.5031341081206335,2.7626547108148627e-07,5940.0
079370,20230720,6.59,9.787312832072125,3.598586152179918e-09,571.0
079370,20230727,7.79,18.359146429990815,1.8609348748150777e-08,1366.0
079370,20251010,4.57,11.13622905899736,4.5667571142492894e-07,4099.0
079370,20260127,3.94,4.262727144260547,2.3262790192668017e-09,442.0
079810,20190905,1.65,0.13098852674853223,,
079810,20190910,2.01,27.102615559120235,,
079810,20200211,2.67,-4.730862304704264,,
079810,20200602,0.54,0.7546408975042107,,
079810,20200603,0.33,-35.9865371556789,,
079810,20200604,0.18,-68.00512720483741,,
079810,20200709,0.35,8.303706890695416,,
079810,20200810,0.53,90.94556495337235,,
079810,20200812,0.71,90.39798240757828,,
079810,20200813,0.65,76.39558710905968,,
079810,20210121,0.43,83.57283559918622,,
079810,20220415,0.29,0.8805031446540879,2.785807547033702e-07,1350.0
079810,20220908,1.29,-23.928927266688802,6.118079237990829e-08,2628.0
079810,20220913,1.35,-21.994302417021526,2.10153069043926e-07,3303.0
079810,20220914,1.88,21.3826997594869,1.9297788917753778e-07,3750.0
079810,20230206,2.08,-3.8676445662509717,4.781717935269425e-07,4534.0
079810,20230213,2.12,2.0150614111107856,5.4832521944770314e-08,1957.0
079810,20230303,2.32,-4.7795515740847065,1.787190181552994e-07,2640.0
079810,20230306,2.18,-7.819884036944169,2.410594379177591e-07,3241.0
079810,20230323,1.99,-14.537268259816372,1.6591497291464737e-07,5599.0
079810,20230406,1.89,-1.7221959697830802,3.02406751993128e-07,3725.0
079810,20230724,1.25,-28.906274812877818,5.171327526532168e-08,4105.0
079940,20200219,2.88,13.450722368082069,,
079940,20200416,3.7,-18.315067265304798,,
079940,20210617,4.02,-3.036468207249532,,
079940,20231005,1.73,3.584987835941389,3.214556701946581e-07,2076.0
079940,20231006,1.79,6.217019759890818,6.597210247993122e-07,2481.0
079940,20231208,1.41,-13.337371673455001,8.375907011012972e-07,3173.0
079940,20231211,1.37,-13.16524651023958,8.700105873281681e-07,4470.0
079940,20231212,1.57,4.153895554193299,9.189320156270727e-07,4408.0
079940,20240122,2.33,2.0094185450572066,2.133131643401878e-07,1066.0
079940,20240313,1.85,-16.482201615315585,3.203471131703685e-08,1432.0
079940,20250428,1.19,5.57411640583787,4.2256643898763195e-07,890.0
079940,20250604,1.1,-5.7774226226805725,1.1150555642215439e-06,1301.0
079940,20250610,1.03,-13.002320414104673,1.0204336715815197e-06,1443.0
079940,20250617,1.07,3.231785830515199,6.477883462441753e-07,1043.0
079940,20250618,1.08,4.439993205175385,4.7532052433172996e-07,1117.0
079940,20250623,1.09,1.7639384784399859,4.4782147945939934e-07,872.0
079940,20250624,1.06,-0.8415916224625453,1.7112431430973223e-07,537.0
079940,20250625,1.07,-0.4120441592062707,3.307603492274302e-07,1186.0
079940,20250630,1.09,0.3285900316444934,1.0548213940290142e-06,1476.0
079940,20250701,1.03,-2.311211865695373,1.1677534759988695e-06,1288.0
079940,20250709,0.97,-4.669936200685731,2.410746611332162e-07,776.0
079940,20250910,0.87,1.0125532922785396,1.3461305578807967e-07,1787.0
079940,20251125,0.91,5.424362673345229,2.4724913544030277e-08,468.0
079940,20260129,0.48,-21.165192622999875,8.678081147278778e-07,1238.0
079950,20201008,1.26,34.50319571050462,,
079950,20260106,0.0,,6.8402872541830144e-09,91.0
079950,20260107,0.0,,3.651455109032087e-08,267.0
079950,20260112,0.0,,1.1576385958240262e-07,278.0
079960,20191115,0.61,5.6385562888282115,,
079960,20191118,0.73,26.36578542150123,,
079960,20191119,3.88,585.1275041455654,,
079960,20191209,4.16,-8.502870816072095,,
079960,20210104,2.43,1.8667076427451246,,
079960,20210107,2.56,2.1544249627323486,,
079960,20210112,2.98,28.82791569189298,,
079960,20210114,3.74,46.13269403536986,,
079960,20210120,3.84,19.14165826930343,,
079960,20230612,2.86,10.607043194591824,5.168071565861234e-09,455.0
079960,20230718,3.75,-3.0102881604086362,7.831200528954445e-08,735.0
079960,20230719,3.61,-6.4128454572109135,6.401049174200078e-08,394.0
079960,20230822,3.34,-0.5080507371827525,2.426622049998927e-07,1258.0
079960,20230823,3.48,3.2452027029567843,2.6170155342275795e-07,2967.0
079960,20250604,1.67,3.9734212991757056,9.008088821776288e-08,107.0
079960,20250605,1.61,0.3167956589585019,1.0299240089339651e-07,107.0
079960,20250609,1.54,-12.158179848320694,9.65817550565739e-08,107.0
079960,20250610,1.53,-5.993024892318877,1.5604933716007253e-07,249.0
079960,20250616,1.48,-3.931193829809976,6.852960917634902e-07,965.0
079960,20250709,1.51,3.7135301588406167,2.7380368545733654e-07,573.0
079960,20250724,1.43,-3.8541719631870697,1.0086368022032112e-07,440.0
079960,20260116,1.75,4.591617470765197,1.207611338479526e-07,758.0
079960,20260119,1.8,6.689236866995962,2.9290750686126606e-07,595.0
079960,20260126,1.94,7.54969217238346,2.1878968168801442e-07,551.0
079960,20260129,1.97,0.6834112149532778,2.804207521277391e-07,978.0
079960,20260210,1.88,-6.124449729292114,2.676176655864385e-07,445.0
079960,20260211,1.86,-1.5100671140939603,1.4205839545102532e-07,236.0
079960,20260212,1.95,5.726283904722562,1.4932645857940298e-07,236.0
079960,20260504,2.05,8.349669157740514,3.224285638282732e-07,1173.0
079960,20260506,1.99,4.114505532274904,2.8996185794130803e-07,1639.0
079970,20240821,0.0,,0.0,0.0
080000,20200220,,,,
080000,20200305,,,,
080000,20200911,,,,
080000,20200914,,,,
080000,20230315,,,,
080000,20230322,,,,
080000,20230324,,,,
080000,20230327,,,,
080000,20230328,,,,
080000,20230519,,,,
080160,20201201,2.94,-2.708918765517221,,
080160,20201202,2.94,-4.634505174920878,,
080160,20210114,2.43,-12.11153202832026,,
080160,20210517,1.88,2.6114312358606284,,
080160,20210527,1.53,-10.615808540868354,,
080160,20210531,1.33,-20.956160596451067,,
080160,20210602,1.27,-18.569752943272068,,
080160,20210603,1.31,-14.484925012128114,,
080160,20260205,0.78,-25.902753216735498,1.982332924757631e-08,1530.0
080220,20210121,8.36,0.20134408493326372,,
080220,20210122,8.31,-8.135274706735185,,
080220,20231127,6.96,-1.7384928776934871,3.3618706799138955e-08,5853.0
080220,20231129,8.76,20.77542270787589,1.9026920523978796e-07,5312.0
080220,20231130,8.51,23.43492858443632,1.4649701422238576e-07,3061.0
080220,20231206,5.71,-34.65041100339176,6.644139283548423e-08,13762.0
080220,20231207,4.61,-45.795654798978916,1.119748580516034e-07,13762.0
080220,20231208,3.97,-52.37549877085355,4.6273788839243136e-08,18313.0
080220,20231212,2.94,-52.40642411649219,4.174621624323011e-08,16175.0
080220,20240102,1.57,-9.923270103133719,2.155377129211494e-08,7926.0
080220,20240103,1.57,-7.622662254957202,2.3133923823863005e-08,7926.0
080220,20240116,1.56,46.19446536654619,8.131730422425591e-08,30406.0
080220,20240119,1.59,-0.8717454055440554,5.1115590082697376e-08,48661.0
080220,20240122,1.65,10.241032176709508,2.914693107507734e-08,22773.0
080220,20240124,1.54,-1.7445690973057038,8.413059030852345e-08,41468.0
080220,20251002,6.84,-5.327683701955599,1.3841714825259388e-07,27290.0
080220,20251010,6.88,-0.3919306857338878,2.615649084569541e-07,22688.0
080220,20251230,6.98,-4.394133480894757,5.5864150729584065e-08,32126.0
080220,20260102,7.52,2.6268881834544455,1.2072689695128294e-07,62594.0
080220,20260105,7.68,5.298007183293363,3.018222304146975e-07,65355.0
080220,20260128,6.17,4.162717381841796,6.39218647902868e-11,29.0
080220,20260130,8.05,43.448091088990104,5.5747523250411905e-08,39777.0
080220,20260209,7.12,-8.297541313053703,1.5918909423258205e-07,42559.0
080220,20260427,6.99,12.67317601018172,2.0852407044817515e-07,178311.0
080420,20201013,1.07,19.456959053798585,,
080420,20201014,1.04,8.524773769847283,,
080420,20220112,0.7,76.27760470099547,5.293138563733578e-09,954.0
080470,20200914,6.05,2.30675380658365,,
080520,20210126,6.18,-13.63008267131386,,
080520,20210331,6.02,5.158483530142943,,
080520,20210401,5.99,-1.5381004340882964,,
080520,20210405,7.54,26.523310274382016,,
080520,20260324,0.0,0.0,3.997609740229476e-08,125.0
080520,20260325,0.0,0.0,1.7148964032804536e-08,125.0
080520,20260409,0.0,,2.2981960791737486e-08,393.0
080530,20200525,0.0,,,
080530,20210713,0.3,9.979518327565495,,
080530,20210714,0.33,29.093169172487276,,
080530,20240109,0.27,45.34369356682517,5.774760944793217e-10,19.0
080530,20240112,0.91,298.9543218167117,3.5869036759989497e-09,118.0
080530,20240115,0.95,289.84449177551386,8.418690088702402e-09,239.0
080580,20200717,0.78,-28.540103866128096,,
080580,20200720,0.78,-6.409371713985279,,
080580,20200721,0.82,-6.464057207376738,,
080580,20200723,0.81,-0.3790801435808011,,
080580,20200724,0.73,-3.9298018949181723,,
080580,20200810,0.95,4.291097155522716,,
080580,20200824,1.28,29.487456164014027,,
080580,20200826,1.25,43.22993226143752,,
080580,20200904,1.25,-5.3584084488765065,,
080580,20200907,1.26,2.3444255837043126,,
080580,20200925,2.22,20.9381710840171,,
080580,20200928,2.35,15.712104219337085,,
080580,20200929,2.26,10.715321472253404,,
080580,20201005,2.45,26.6624901696813,,
080580,20201006,2.48,16.061486978555383,,
080580,20201103,3.08,7.3230336830382825,,
080580,20250813,1.39,65.12773585378694,2.922674005340135e-07,920.0
080580,20250911,1.64,10.651429370238352,2.8443377021302103e-07,3673.0
080580,20250918,1.39,-15.003884807559897,2.2758830408784457e-07,3496.0
080580,20250929,2.64,125.40717763814877,1.8900709810454788e-07,2486.0
080580,20251002,2.59,4.600801288670442,2.218628083399902e-07,2486.0
080580,20260128,2.46,9.602025146573645,2.5179197810731153e-08,1363.0
080580,20260204,2.51,1.729006532587385,1.1963242222588168e-07,4759.0
080580,20260311,3.0,-19.302910546978048,3.5267063705883e-07,10338.0
080580,20260319,2.45,-15.268793461369256,5.796578421818657e-08,1808.0
080580,20260414,2.16,-11.140616869718123,1.5034103159351222e-07,7545.0
080580,20260417,2.2,1.62874599291849,1.4037358496798677e-07,7593.0
080580,20260508,1.54,-10.74036369224184,3.6732870203756146e-07,8644.0
080720,20200407,11.48,51.93098149546067,,
081150,20200527,10.66,17.773259185971146,,
081150,20200528,10.49,15.544349328495088,,
081150,20210609,10.3,14.257394990225269,,
081150,20220308,13.43,30.381793319226126,3.177990372337058e-09,1620.0
081150,20220314,13.94,8.895341299909187,1.073779963050931e-08,5939.0
081150,20230821,7.34,5.527130029709637,0.0,0.0
081150,20260511,2.93,-2.3104601982198103,6.1574080006283e-08,2348.0
081580,20240612,3.29,1.608110435593435,2.0716279894237656e-07,401.0
081580,20240613,3.65,17.229265595927167,3.4014385677089335e-07,654.0
081580,20240618,5.14,58.14933359758212,3.693969531128886e-07,903.0
081580,20240702,5.76,7.5960758741334455,1.3627052395129638e-07,577.0
081580,20240924,5.91,-0.7630509932958773,1.1417685257107402e-07,262.0
081580,20240925,5.9,-0.6064065528370244,2.8463272373563706e-07,547.0
081580,20240930,7.0,13.874046582062904,5.43740395101537e-07,762.0
081580,20241004,6.88,16.512720737717636,3.5562839125176106e-07,674.0
081580,20241007,6.92,12.069944848526614,3.9982359488808954e-07,598.0
082210,20201214,8.11,-3.0880761576123517,,
082210,20201216,9.12,15.845938351334388,,
082210,20201224,9.43,0.5897715564409767,,
082210,20210104,9.06,0.8724785239127231,,
082210,20210113,8.18,-3.0005833272465865,,
082210,20210121,8.72,13.549920630080138,,
082210,20240119,0.16,-3.6171119954519604,1.5389399825603718e-07,1128.0
082210,20240124,0.12,-24.129847140157402,2.973012289383055e-07,970.0
082210,20240322,0.06,6.100693552530179,7.274059842503585e-07,1894.0
082270,20191030,0.45,4.389714916129672,,
082270,20191031,0.47,4.1970267567939645,,
082270,20191105,0.45,-2.253446140669668,,
082270,20191205,0.46,15.92448582168251,,
082270,20191206,0.47,16.540447171501672,,
082270,20230208,0.77,1.831443590941162,7.279953053463011e-07,2265.0
082270,20230209,0.75,0.5936429769827445,5.490359218546929e-07,2353.0
082270,20240924,0.11,8.102520784243982,1.55573501771422e-07,7533.0
082270,20240925,0.1,0.5359753126522593,4.883503204269543e-07,7649.0
082270,20241016,0.08,-3.600837804493162,9.963513603822994e-08,2129.0
082270,20250211,0.01,-26.412199098494295,3.503483595654406e-07,13682.0
082270,20250217,0.01,-5.255023183925811,2.601881397407489e-07,19759.0
082270,20250218,0.01,-6.255701811546988,3.94704260243464e-07,16538.0
082270,20250219,0.02,24.134825678631167,3.2887628216360026e-07,16538.0
082270,20250224,0.02,61.908646003262646,1.6998020446245176e-07,5665.0
082270,20250225,0.02,73.29347977200055,3.980001525722587e-08,959.0
082270,20250226,0.02,20.768991605347708,2.9122920108007345e-08,959.0
082270,20250523,0.01,-7.7475174515780125,4.6628098272999383e-07,9288.0
082270,20250526,0.01,-18.297119260643,7.013135230910271e-07,9697.0
082270,20250527,0.01,-18.04149051224069,8.163369478268123e-07,13581.0
082270,20250610,0.01,3.5345157585810805,2.195038590391193e-07,2899.0
082270,20250611,0.01,-2.2133526850507956,3.5094917146028545e-07,5677.0
082270,20250612,0.01,-2.6522950224052266,2.4648735777237327e-07,9366.0
082270,20250613,0.01,-2.550637659414856,3.2585407422927136e-07,9204.0
082660,20190819,1.76,0.0,,
082660,20230418,0.01,36.46397752358017,1.0969981601101794e-07,852.0
082660,20230419,0.01,36.02720544108821,1.0189476957400929e-07,1603.0
082660,20230421,0.0,-82.75968228557356,9.217203372146366e-08,1904.0
082800,20191119,0.61,13.141388033759283,,
082800,20191120,0.58,3.9026089737731917,,
082800,20230208,0.0,0.0,1.3615361885724722e-07,1014.0
082800,20230209,0.0,0.0,8.359125417212559e-09,1014.0
082800,20231110,0.0,,0.0,0.0
082800,20240801,0.01,139.00130548302872,4.661547170421529e-08,1060.0
082800,20241025,0.01,0.0,4.895844422066554e-09,59.0
082800,20241028,0.01,0.0,4.822776672249561e-08,821.0
082800,20241031,0.01,0.0,2.3856158255354804e-08,1037.0
082800,20241101,0.01,0.0,1.4683665073953918e-07,1037.0
082800,20241126,0.02,40.84391642769356,1.9399482385028172e-08,1231.0
082800,20241212,0.02,-0.15488867376572957,1.4469338218013674e-07,2798.0
082800,20241213,0.02,-0.15488867376572957,9.781405089150543e-08,2798.0
082850,20200818,0.15,125.78612348822405,,
082850,20200819,0.5,298.84561648620326,,
082850,20200820,1.09,632.1755216812195,,
082850,20200826,0.32,-34.72648535986234,,
082850,20201109,1.18,33.530321233480606,,
082850,20201110,1.06,1.7002323861613267,,
082850,20201111,1.9,85.77629223285628,,
082850,20201202,0.05,-35.76956575836755,,
082850,20201203,0.05,-36.256160087610134,,
082850,20240722,4.75,11.49669669611586,2.169994511955393e-09,418.0
082850,20240729,5.78,21.59146203425908,1.825707265206034e-09,31.0
082850,20240730,5.98,-10.556091827563673,1.0334639353229051e-10,31.0
082920,20191031,0.77,-22.58160659180426,,
082920,20200109,0.63,-25.099575400630048,,
082920,20200115,0.61,-1.2924643133783387,,
082920,20200116,0.57,-9.422728070688747,,
082920,20200117,0.65,4.008365284071114,,
082920,20200120,0.67,8.604789087404562,,
082920,20200122,0.7,14.010149249269443,,
082920,20200123,0.67,18.14342243398208,,
082920,20200128,0.68,3.0747319034852616,,
082920,20200602,0.95,-7.397898921826873,,
082920,20200603,1.01,-1.2157384835427831,,
082920,20230324,1.38,48.65797089957577,3.7224435245242554e-08,3353.0
082920,20250106,1.52,-13.937818965858295,5.838919769755585e-07,4580.0
082920,20250121,1.7,0.9566403842036886,2.3456568731258228e-08,265.0
082920,20250122,1.8,5.7452765600890965,1.6870349558831288e-08,265.0
082920,20250616,1.4,3.8394471608654834,4.245697997016885e-07,3110.0
082920,20250805,1.52,1.5765667622425816,8.217394817663581e-07,2914.0
082920,20250807,1.54,1.7856067535908515,4.837578376726246e-07,4275.0
082920,20250811,1.53,-0.5670151270119494,1.307015389198818e-06,3493.0
082920,20251209,1.65,-1.271258028211475,4.655166083911528e-07,10897.0
082920,20260403,1.68,-15.818488198858615,6.638678364659038e-07,26254.0
082920,20260410,1.3,-22.48932340978428,7.722788498535982e-07,38608.0
082920,20260415,1.77,53.13944650516591,3.042143347098805e-07,24502.0
082920,20260416,1.73,34.160454197091774,2.112200963766686e-07,23348.0
082920,20260511,0.92,-11.756863041987897,2.783885528155853e-07,15646.0
083310,20200213,4.22,112.60905037472723,,
083310,20200214,4.68,133.6692511310943,,
083310,20200219,4.72,25.024214211395556,,
083310,20200708,7.11,40.226158296235305,,
083310,20200729,6.69,3.238480084213391,,
083310,20200730,6.79,-5.2996841546474,,
083310,20200914,9.65,2.339510016020263,,
083310,20230412,1.72,-2.4776211283203398,1.4042357799785274e-07,1828.0
083310,20230511,2.26,-8.925336001514372,2.7711669125504315e-07,665.0
083310,20230519,2.04,-6.875824546691078,2.625381977921718e-07,2620.0
083310,20230601,1.94,-2.8327254184581374,8.438174505337504e-07,1788.0
083310,20230602,1.96,-2.325458338091002,8.0075458986168e-07,1894.0
083310,20230704,2.21,-0.32116721921241487,1.0068551138871445e-07,1251.0
083310,20230720,3.51,31.64204550226335,3.3580225868284897e-07,6379.0
083310,20230721,3.61,34.24365594217558,3.988983849812112e-07,5572.0
083310,20230727,5.34,51.94436912869425,5.628558839073593e-08,2104.0
083310,20230728,5.27,45.74373746174574,4.825088146723775e-08,2104.0
083310,20230823,6.44,0.842997437449422,9.574633570474328e-09,349.0
083310,20230830,6.81,5.878484034096609,0.0,0.0
083310,20230901,6.78,2.030285457189862,6.973987379007693e-08,971.0
083310,20250829,2.33,0.15384356917080844,2.0739433849756652e-07,769.0
083310,20250909,2.23,-8.57564139019088,2.9000007677991854e-07,786.0
083310,20250912,2.3,-1.198397324060596,3.055610035069804e-07,1503.0
083310,20250918,2.3,-0.07476435876211385,3.3460551847731593e-07,1953.0
083310,20250924,2.3,1.9147477797866186,2.067850534749696e-07,2040.0
083450,20191101,2.33,-3.16753322804465,,
083450,20191104,2.73,11.397465191159185,,
083450,20191118,2.71,17.380643433368583,,
083450,20191218,3.25,-1.4304270173729483,,
083450,20200102,3.54,-0.6942313823867341,,
083450,20200103,3.55,-0.3729440073928725,,
083450,20200116,3.49,10.570523194009041,,
083450,20200117,3.82,21.03079282360285,,
083450,20200120,3.64,23.546109614964706,,
083450,20200121,3.91,24.148606811145502,,
083450,20200122,4.12,17.121955821178926,,
083450,20200123,4.85,38.62572374242576,,
083450,20200212,5.54,0.6393401464740878,,
083450,20200519,5.29,-13.403216814112751,,
083450,20200520,5.07,-17.91398854129943,,
083450,20200603,5.61,-3.3013864196663856,,
083450,20200715,5.99,9.780724681541809,,
083450,20210323,7.11,11.347970385499107,,
083450,20210405,6.52,-2.1978234178101297,,
083450,20210407,6.46,-3.0259509832650133,,
083450,20210412,6.47,-0.6221052198593258,,
083450,20210722,4.87,-1.392629018199798,2.8983268617263823e-07,10004.0
083450,20210723,4.98,0.08530989465520555,4.38390449082506e-07,7998.0
083450,20211115,5.18,-5.546989053769624,1.0083453523548347e-07,3065.0
083450,20211122,5.55,7.126215601075936,1.5235498520403614e-07,4591.0
083450,20230704,3.42,4.552609749247227,2.8944102989379224e-07,1803.0
083450,20230717,3.55,-0.6822591625156305,1.207580842922049e-07,2031.0
083450,20240130,4.1,30.085136030723735,8.131178385736285e-09,788.0
083450,20240213,5.87,-12.888804095519735,2.594673501735329e-08,1436.0
083450,20240215,7.14,28.34655378704827,1.504458328966496e-08,1583.0
083450,20240304,6.8,-7.024172395643191,1.5330695550791064e-08,3410.0
083450,20240312,6.27,-4.010647824675006,1.6051327813661954e-08,6298.0
083450,20240318,7.17,8.3850352988452,3.1805710762641844e-08,5934.0
083450,20250924,5.23,6.270433978386314,4.5094013455580205e-08,562.0
083450,20251002,5.12,-0.5388467354053184,1.908291553234544e-07,3104.0
083450,20251010,5.05,-6.925503242525332,4.893115284435145e-08,680.0
083450,20251103,5.94,0.11021324620890116,1.355317541429739e-07,1873.0
083450,20251104,5.96,-0.17058869432502455,7.582679491177521e-08,1797.0
083450,20260105,6.29,0.3169596757817139,1.1393726683349822e-07,4713.0
083450,20260306,6.48,2.4779041757035936,2.8048139838851683e-07,9784.0
083450,20260413,5.81,1.603404226295413,4.427717458587614e-07,20331.0
083450,20260506,3.52,-29.89933588446937,2.5798652895030145e-08,1891.0
083450,20260511,3.19,-18.511649840192156,3.292506293024649e-08,1891.0
083470,20221109,0.0,,0.0,0.0
083470,20221118,0.0,,3.1459395332052807e-07,1192.0
083470,20260206,0.0,,2.121036679236462e-08,122.0
083500,20200102,9.92,18.255636638269014,,
083500,20200123,10.97,-4.011680366006787,,
083500,20200204,12.38,15.678509964536724,,
083500,20200217,10.75,-7.158821608265065,,
083500,20210105,9.37,-10.940624214523641,,
083500,20210810,11.31,1.6923027485593156,4.9367348871065105e-08,2049.0
083500,20231201,4.59,-2.888809403161541,1.1218378805742303e-07,1260.0
083500,20240103,6.53,5.065452583554975,1.419327366872797e-07,744.0
083500,20240307,8.49,4.3171768342420425,6.110633921796386e-08,1183.0
083500,20240308,10.25,23.302519536040922,1.1011461131639114e-07,1536.0
083500,20240408,8.35,1.7417386710295357,0.0,0.0
083500,20251002,6.57,-4.063406403509817,1.3875524730564508e-08,686.0
083500,20251013,7.1,3.8098854395117954,1.063678309500781e-07,1542.0
083500,20260223,5.82,-1.8856189915636645,1.376788764887355e-07,1233.0
083500,20260325,5.7,2.904145148452053,3.299310326925854e-07,3745.0
083500,20260417,5.59,4.4014982899951205,6.332384740343161e-07,3005.0
083500,20260420,5.74,6.674684565616618,4.3918701102938745e-07,3005.0
083550,20200123,7.29,110.99876533705158,,
083550,20200128,8.84,153.3075765149782,,
083550,20200131,8.83,71.18633704155218,,
083640,20201005,3.77,-57.41362651772675,,
083640,20201119,3.11,-2.2774204508086204,,
083640,20201123,3.05,-1.7128726965628949,,
083640,20201127,2.97,3.383103122174136,,
083640,20260203,0.01,0.0,1.1366743231501125e-08,117.0
083640,20260204,0.01,0.0,2.021928695353278e-08,114.0
083640,20260511,0.0,-80.0,0.0,0.0
083650,20210118,0.03,0.0,,
083650,20210308,0.07,125.65640561339974,,
083650,20210329,0.04,24.335719188155693,,
083650,20210607,0.37,-11.36228329734581,,
083650,20220628,0.12,-27.600588318256,2.529336520265423e-08,2081.0
083650,20220811,0.29,20.01830706218195,1.774330889446464e-07,5293.0
083650,20220825,0.33,-22.853325003470783,1.1766125074860872e-07,4549.0
083650,20220831,0.66,114.28868552412648,1.1735248407982163e-07,7114.0
083650,20241029,2.47,35.1452892140034,6.970391077710865e-08,6870.0
083650,20241112,3.5,20.242026513246113,2.7431614966584147e-08,4601.0
083650,20241119,3.98,13.569211418652039,6.325514617973966e-08,16387.0
083650,20250122,3.64,9.54082013798001,4.8452254344633563e-08,14997.0
083650,20250124,4.47,34.687316677091395,1.4202788200810947e-07,31373.0
083650,20250428,3.29,4.963115376251892,1.6070194037431982e-07,24692.0
083650,20250429,3.53,8.628072847866019,2.900599248557412e-07,45866.0
083650,20250507,3.47,4.830745781419266,9.917446657779037e-07,60130.0
083650,20250516,3.58,-1.063475587065943,7.460366345252335e-08,20256.0
083650,20250611,3.69,2.7955011417624798,9.817577673850978e-08,9221.0
083650,20250612,3.64,-1.6646055856166075,1.2179769714428487e-07,9221.0
083650,20250822,1.67,-2.7678994563087977,2.449038571585654e-07,21703.0
083650,20250825,1.81,5.743661537187772,4.789430780935592e-07,21675.0
083650,20250826,1.9,15.758306164629587,2.3746438904942582e-07,19379.0
083650,20250828,2.19,43.562066469122506,3.347563777408767e-07,11622.0
083650,20251212,3.53,6.497855046725509,2.1333748856568796e-07,104146.0
083650,20260127,3.8,-10.00499875984966,3.814997098413112e-07,56569.0
083650,20260129,3.91,-14.887279384245321,5.757491095910908e-07,95875.0
083650,20260219,2.94,-0.7185830695083606,4.304025034325852e-07,36348.0
083650,20260220,2.82,-7.47653285084009,4.5434288304565874e-07,43569.0
083650,20260223,2.71,-6.375293821123584,8.903767182889584e-07,45161.0
083650,20260310,2.28,-10.829046746794468,5.217542417120004e-08,7314.0
083660,20200911,0.06,-18.771262083599982,,
083660,20230526,0.0,,1.8943364978773778e-08,116.0
083660,20250616,0.5,1390.9893822393822,2.832533261301815e-07,478.0
083660,20250618,0.49,1927.9166947496126,6.372650887205776e-08,1277.0
083660,20250619,0.48,1922.8078452517354,1.3184841717493198e-07,1837.0
083660,20250627,0.4,-7.7105325506094164,1.2214691927876046e-07,586.0
083660,20250630,0.4,-0.05172420815124923,2.2606636842710558e-07,586.0
083660,20250701,0.4,-0.07208806962811787,1.894569982446161e-07,684.0
083790,20200827,2.82,5.272890464381752,,
083930,20200521,4.51,11.558557351602804,,
083930,20200918,4.73,7.224244667941826,,
083930,20201013,6.32,27.02730481551978,,
083930,20210111,4.04,-2.2738821935168185,,
083930,20210114,4.85,16.910036794192827,,
083930,20210118,4.87,20.890240575197794,,
083930,20210119,5.14,22.391964263678776,,
083930,20221019,3.24,-0.3934059192153394,4.775715862995394e-08,245.0
083930,20221031,3.6,-0.02681505530379713,6.73807660177657e-08,2708.0
083930,20230406,4.82,-5.1715521923036745,6.805848934036821e-09,1444.0
083930,20230629,6.41,18.169255483693746,8.895935386063925e-08,5704.0
084110,20210415,1.86,4.768479756361477,,
084110,20210416,1.78,5.160386430980868,,
084110,20210419,1.89,12.069550341410174,,
084110,20210420,1.92,10.061745119568787,,
084110,20210429,1.71,-48.433737342513695,,
084110,20210430,1.38,-53.689755492627135,,
084110,20230811,1.14,-2.7164900737228326,3.270792083229473e-07,918.0
084110,20230814,1.15,-2.174146086537043,1.9281684128780375e-07,957.0
084110,20240919,1.12,22.625626636097664,2.3509860128517224e-07,656.0
084110,20240923,1.3,32.07989940491922,1.7141648519292945e-07,419.0
084110,20240924,1.19,10.707238398974784,7.4562640797805e-08,567.0
084110,20241015,1.99,23.876133655055632,1.3528032827265898e-07,593.0
084110,20241017,2.22,19.001015916017614,1.5262250847502343e-07,840.0
084110,20241106,2.8,3.7669737940732695,2.394555461997416e-08,135.0
084110,20241108,2.86,6.18750531635619,2.146190395540437e-07,1575.0
084110,20241111,2.93,8.591097450774532,2.0822655496077772e-07,1491.0
084110,20241218,3.5,13.934622669466968,2.2189038927773712e-07,2786.0
084110,20251016,4.27,2.031844218370038,4.1602700709812866e-07,7781.0
084110,20251104,4.68,-4.543652903587548,1.366728636934621e-07,3215.0
084110,20260310,5.11,-6.198916483646766,2.0922113117179738e-07,1597.0
084110,20260311,5.24,-4.113266366470381,1.542210266009929e-07,1597.0
084180,20190828,0.15,-8.060962174072717,,
084180,20210104,0.0,,,
084180,20210114,0.0,,,
084180,20241224,0.19,-90.00148886842962,0.0,0.0
084370,20200109,2.06,-0.14555243573891596,,
084370,20200116,2.11,2.580307645574753,,
084370,20200212,2.39,12.73726232780421,,
084370,20200219,2.35,-1.7958063314034378,,
084370,20200220,2.32,-3.5973027447116834,,
084370,20200525,2.5,-0.5169342316863501,,
084370,20200526,2.43,-4.883102466663947,,
084370,20200604,2.55,4.08309709425938,,
084370,20200611,2.69,5.692107346219655,,
084370,20200612,2.76,3.22253528462908,,
084370,20200618,2.68,-0.6440827015717909,,
084370,20200622,2.78,-4.183065703057787,,
084370,20200717,2.93,6.679130460870897,,
084370,20200723,2.92,-0.34263062700071734,,
084370,20200729,2.85,-0.3991603658666243,,
084370,20200730,2.95,0.8136655379794799,,
084370,20210113,3.52,1.0757910797741133,,
084370,20210122,2.93,-11.943237468713486,,
084370,20210125,2.96,-2.479626224394149,,
084370,20210324,2.85,-3.2859276576401086,,
084370,20210402,2.89,2.2106326172064206,,
084370,20210419,2.99,6.561657420894407,,
084370,20211122,2.76,-0.22251247108439065,9.35240990159011e-08,7762.0
084370,20230628,1.48,-3.8124270187730125,2.800325265158913e-07,2922.0
084370,20230629,1.49,-1.3884454416015823,3.1042982268714923e-07,3095.0
084370,20230728,1.78,-1.10487522882744,6.422872810717332e-09,184.0
084370,20230901,1.54,-7.414098736123242,1.6287328837489492e-07,8609.0
084370,20230914,1.32,-6.945809499972533,3.952980271069972e-08,1994.0
084370,20230915,1.25,-9.185808355539892,2.4096290370382334e-08,780.0
084370,20231106,0.97,-14.538758062669366,6.990316056015098e-07,10072.0
084370,20240405,1.44,6.506805546680305,8.433149621633107e-09,505.0
084370,20240507,0.72,-12.201149425287362,3.488180976218719e-07,5082.0
084370,20250912,0.62,13.730545362520562,1.3122570642910073e-07,3424.0
084370,20250915,0.63,18.122790099646412,6.65876129427436e-08,1493.0
084370,20250917,0.69,17.790396464166026,9.815614828498379e-08,2341.0
084370,20250918,0.61,2.7335683063698157,1.0962511173677657e-07,2341.0
084370,20250922,0.45,-28.185887667356045,1.1789844014841508e-07,2562.0
084370,20250923,0.44,-28.996786712848976,9.051276898554745e-08,2562.0
084370,20251001,0.58,45.96099677311432,5.688283065916118e-07,9423.0
084370,20251002,0.58,17.914480725703164,2.949708063137911e-07,10225.0
084370,20251020,0.85,49.23184725853482,1.891971809235642e-07,6300.0
084370,20251029,1.03,17.756990951005534,1.4938790606982243e-07,5355.0
084370,20251104,0.96,-9.685293170825137,2.6207963613683233e-07,11456.0
084370,20260219,0.9,24.682229940205524,2.0513714591073466e-07,18286.0
084370,20260226,0.58,-35.13389331610309,5.196529703909371e-07,33127.0
084370,20260305,0.57,-4.784189135039208,5.407235985735653e-07,35985.0
084650,20200220,6.81,-0.07389620187597812,,
084650,20200221,7.14,3.94556891823743,,
084650,20200325,0.51,-8.289654953999149,,
084650,20200514,1.42,1038.400627764303,,
084650,20200723,4.8,40.77150728596257,,
084650,20200724,5.16,51.371330169263715,,
084650,20200730,5.15,7.335785112424942,,
084650,20211129,9.69,1.8423227835385303,3.7538175545262345e-09,2252.0
084730,20200609,0.85,-6.44315082093998,,
084730,20200610,0.92,-2.0208405554762554,,
084730,20201204,2.63,-0.3557442553823509,,
084730,20201209,3.99,54.04551341350601,,
084730,20210108,4.79,2.073372057474776,,
084730,20210114,6.55,28.662832589281507,,
084730,20240111,3.66,16.48101041258323,2.9264606872844425e-07,2915.0
084850,20260410,0.37,168.9423946605121,2.2130670430520353e-08,325.0
084990,20250825,0.0,,3.901826162531452e-08,103.0
084990,20250826,0.0,,3.551810826770904e-08,687.0
084990,20250902,0.0,,9.275944916455671e-08,712.0
084990,20250904,0.0,,1.400658673901066e-07,1830.0
084990,20251202,0.0,,1.111085934644944e-07,3818.0
085370,20210105,,,,
085370,20210607,,,,
085370,20210616,,,,
085370,20210707,,,,
085370,20210713,,,,
085370,20210723,,,,
085370,20210811,,,,
085370,20220302,,,,
085370,20220303,,,,
085370,20220317,,,,
085370,20220324,,,,
085370,20220401,,,,
085370,20220406,,,,
085370,20230607,,,,
085370,20230608,,,,
085370,20230609,,,,
085660,20200506,1.77,-1.8501268546894045,,
085660,20200602,2.11,6.2426554042360305,,
085660,20210622,3.95,-1.2982574423433202,,
085660,20230911,2.06,-1.2799050253737065,6.684114457711514e-08,12943.0
085660,20260126,0.91,-1.5600015075079243,4.1420079839751306e-07,16219.0
085660,20260127,0.84,-9.6034519793627,3.1266615557359317e-07,16052.0
085660,20260129,0.95,3.529255113173946,2.779163150754717e-07,21943.0
085670,20210712,2.34,66.10636812542832,,
085670,20211015,1.59,5.418913942859627,4.311311438920157e-08,2703.0
085670,20211027,2.03,20.598965768852516,1.1405649835997663e-07,3589.0
085670,20211028,1.81,-11.493326202821507,7.25148303544034e-08,2327.0
085670,20211118,2.41,13.140643278240427,6.509773611822767e-08,1745.0
085670,20211210,2.54,26.995518647610982,4.4303012574972615e-08,4169.0
085670,20211213,2.78,41.42105594097798,1.0780305691538252e-07,4391.0
085670,20211229,3.17,4.373738305585095,9.588049435320312e-08,8341.0
085670,20220906,3.1,54.30530767161157,5.48175227840167e-08,5909.0
085670,20220915,1.74,-43.80649291704767,5.229883409630757e-08,1718.0
085670,20240122,3.59,-27.223018105587926,2.4596979894250586e-08,3328.0
085670,20240126,6.65,83.79140525773172,1.4520689562744601e-08,2705.0
085670,20240129,7.46,107.78413969170937,4.568993310075291e-09,1690.0
085670,20260123,6.69,20.165866113437026,8.533803320520025e-08,1194.0
085810,20201008,1.93,-3.556781152852162,,
085810,20210903,1.47,7.1672855188587015,1.8539775099567744e-08,951.0
085810,20210908,1.98,41.84831422693953,1.2522863269519144e-08,1828.0
085810,20250210,0.0,,8.581185147744213e-08,684.0
085810,20250211,0.0,,2.0203564183242284e-07,684.0
085810,20260429,0.0,,0.0,0.0
085910,20210604,1.93,-0.4271389933372949,,
085910,20210607,1.96,-2.8747173510855317,,
085910,20210611,1.64,-13.863308875896452,,
085910,20250925,0.43,40.24898175207676,4.041565202788621e-08,338.0
085910,20250926,0.42,38.472513058885795,1.0237523184777904e-07,447.0
085910,20251001,0.73,70.94662225358121,1.9788092039882258e-07,967.0
085910,20251119,1.69,39.94142531727953,4.965311786177332e-08,596.0
085910,20251202,1.54,19.98333425920782,1.770512872452663e-07,615.0
085910,20251203,1.58,18.64856874076064,1.647729078468954e-07,344.0
085910,20251204,1.82,43.729683298056884,1.8725874106383869e-07,344.0
085910,20251205,2.07,46.25473828534559,4.964113932289385e-08,567.0
085910,20251208,2.14,39.402847184311085,1.074240073844767e-07,557.0
085910,20251217,2.06,9.697320297008982,1.6147660653019377e-07,2145.0
085910,20260112,1.5,-30.695538708025705,2.4243213635706806e-07,2799.0
085910,20260121,1.57,7.358139125588492,4.722742782797247e-08,644.0
085910,20260219,0.76,-22.770397111913354,1.969138133808359e-07,1211.0
085910,20260220,0.73,-17.140555779299238,2.126235584622033e-07,1211.0
085910,20260223,0.57,-33.98969391582277,7.832617910028752e-08,443.0
085910,20260224,0.5,-39.46461903953844,7.872118644534862e-08,443.0
085910,20260227,0.39,-45.85301837270342,1.0607763253877898e-07,2521.0
085910,20260401,0.41,-11.427707199032067,6.322054619780059e-08,796.0
085910,20260420,0.56,18.05362611098662,1.0517041925076935e-07,722.0
085910,20260421,0.55,20.455970274774838,8.201423436452588e-08,568.0
085910,20260513,0.63,0.6606572980236258,1.7177725127605243e-07,2509.0
086040,20200408,4.46,116.82796379306902,,
086040,20201119,8.73,-2.9712745700967713,,
086040,20201123,9.16,1.7548824072507685,,
086040,20201125,10.47,16.71414520362735,,
086040,20230418,6.17,2.5591700576198084,2.520412998197261e-08,1356.0
086040,20260224,0.05,3.3623782675550995,1.4554419059414223e-08,122.0
086060,20250811,1.29,-10.661511062621331,2.098989463809653e-09,128.0
086390,20200907,4.72,12.6061594133549,,
086390,20200908,5.53,33.537271296377554,,
086390,20210111,6.1,-1.0899036308651189,,
086390,20211029,4.15,-4.732150494209053,5.2281775988048517e-08,1296.0
086390,20211112,3.36,-7.258157973205415,8.950869053094144e-08,3992.0
086390,20240312,3.3,39.658457314168835,7.028762196896136e-08,2953.0
086390,20250903,3.03,-3.0034108040011276,3.410723439187259e-07,8214.0
086390,20250904,3.17,1.3332207106991012,3.4292724265982947e-07,9869.0
086390,20250908,3.23,5.463479636878477,4.055646878179002e-07,12733.0
086390,20250909,2.95,-2.7766345226465483,6.244425846904699e-07,13385.0
086390,20250915,2.23,-30.90806987987751,4.912473610856296e-07,8516.0
086450,20190712,0.45,14.3847487001733,,
086450,20190716,0.51,22.037499336059916,,
086450,20191118,0.24,-8.493938771317033,,
086450,20191119,0.26,-8.81257595358501,,
086450,20191120,0.31,19.449632673390617,,
086450,20191218,0.22,-15.058667440606987,,
086450,20191226,0.31,38.434128959828186,,
086450,20200214,0.27,49.322994333432746,,
086450,20200422,0.13,-14.952806756085446,,
086450,20200423,0.11,-26.46863370547581,,
086450,20200612,0.39,82.50795804414757,,
086450,20200618,0.44,-4.42004981018933,,
086450,20200706,0.51,1.2953537648266567,,
086450,20200724,0.31,-11.23483047666708,,
086450,20240108,0.8,-11.323343910755469,1.0918699780408442e-07,1204.0
086450,20240109,0.78,-3.791562139944593,1.0623972884351245e-07,1258.0
086450,20250911,0.72,-1.9424738116111562,5.592378682504652e-07,8074.0
086450,20260219,1.04,0.34984759948133437,3.263122118612334e-07,9456.0
086450,20260224,0.79,-26.029260251390895,4.540898104568905e-07,11238.0
086450,20260330,1.16,-8.042416961228893,4.095189241802988e-08,1087.0
086450,20260331,1.31,5.174939866353956,4.372205354179525e-08,1067.0
086450,20260401,1.55,22.430147770536223,8.89055631165944e-08,11355.0
086520,20200604,4.56,14.323134231336665,,
086520,20200609,5.3,40.21412554848467,,
086520,20200722,4.14,2.955821233874878,,
086520,20200806,4.45,6.3227685569611,,
086520,20200807,4.38,3.167605744731117,,
086520,20200812,4.8,3.0183353012227965,,
086520,20200831,4.87,4.095900520668594,,
086520,20200903,5.03,3.8642062204431893,,
086520,20200904,5.04,1.548944063276947,,
086520,20200907,5.03,3.420432276630292,,
086520,20210107,4.08,7.538637970682083,,
086520,20210108,3.83,3.332564505283564,,
086520,20210111,3.68,4.266805611920277,,
086520,20210303,2.44,-6.9222126441231495,,
086520,20210304,2.37,-7.286445454834056,,
086520,20210423,3.35,-1.627386225484806,,
086520,20210427,3.21,-4.377794927635826,,
086520,20210809,3.83,-5.5280800232362814,7.374101269645016e-08,28289.0
086520,20210810,3.78,-5.72815237549068,3.8793353770127205e-08,24481.0
086520,20210812,4.05,2.2638860255130178,1.9673639095118348e-08,13888.0
086520,20211104,4.86,6.705350857568537,3.164247863867545e-07,99917.0
086520,20211105,5.07,10.694672584722564,2.1782526151694593e-07,67679.0
086520,20211111,4.94,1.4971492802399178,7.181382611404036e-08,32613.0
086520,20230207,3.33,-5.657497309758286,2.698488392417769e-07,170170.0
086520,20230209,3.26,-9.559603907476188,3.502337672648266e-07,253303.0
086520,20230215,2.52,-22.70242092885112,2.1331354099763744e-07,89260.0
086520,20230216,2.3,-29.504879271633378,9.652401776765857e-08,47200.0
086520,20230221,2.3,-13.938790165459025,6.907308351737954e-08,29712.0
086520,20230227,1.95,-3.81028758276285,9.616372536385254e-08,54636.0
086520,20230228,1.89,-17.82279286164957,1.3033125087315037e-07,52541.0
086520,20230306,1.56,-24.39005302914553,6.672905198337566e-08,30034.0
086520,20230308,1.47,-20.934195578082672,1.1756711059420171e-07,86269.0
086520,20230313,1.38,-11.782014253748263,8.061421692640303e-08,76334.0
086520,20230314,1.33,-12.998278223931425,6.083916320818339e-08,76334.0
086520,20230315,1.24,-15.353623073987821,7.592158482844625e-09,9982.0
086520,20230329,1.64,57.51845802508371,1.0594635927136729e-07,139176.0
086520,20230407,2.25,17.105615053308476,1.913735783669465e-07,221193.0
086520,20230410,2.25,7.4829116422160835,9.079644739579053e-08,221193.0
086520,20230411,2.15,-0.6715115558749263,8.93187215152417e-08,221193.0
086520,20230703,1.53,-0.6678614126942151,1.5920305415734464e-07,400035.0
086520,20230705,1.58,4.682472668549087,3.2889743929416847e-07,503429.0
086520,20230718,1.61,-2.268481149273094,1.8075714831559417e-07,316472.0
086520,20230725,1.41,-12.232071807887458,1.7368868636169311e-07,447707.0
086520,20251027,1.7,-4.590798249915107,1.2230939196992602e-07,28469.0
086520,20251028,1.61,-9.896064406191652,9.481940847637597e-08,28469.0
086520,20251208,2.0,6.9174823902517835,1.879702314669331e-07,412735.0
086520,20260126,2.52,3.5620079031070118,1.3377710739331693e-07,237487.0
086520,20260127,2.61,6.966417449917173,2.4334896495382217e-07,374835.0
086520,20260128,2.32,-8.473808004228667,2.2617004102803487e-07,608546.0
086520,20260129,2.37,-4.171603468214591,4.105817378093523e-07,696461.0
086670,20201125,3.15,-3.2011139545386147,,
086670,20201230,3.58,4.00963707926747,,
086670,20210104,3.63,11.882978883747564,,
086670,20210126,2.54,-12.398810402649174,,
086670,20210223,4.25,-12.572033044529519,,
086670,20210607,2.28,-0.5941944801198029,,
086670,20220809,2.94,-0.11074886140215456,3.0249821625558404e-08,627.0
086670,20220812,3.97,38.74960357256123,2.8581504010923396e-07,3489.0
086670,20250902,1.05,-6.372028350167048,1.5027919453740575e-07,298.0
086670,20250908,0.94,-10.056266090856237,1.6459094134027766e-07,249.0
086670,20251113,1.08,-14.827317579849385,1.0316989463729458e-06,1374.0
086670,20251117,1.18,-6.122220355122387,1.7633282821325251e-07,376.0
086670,20260424,1.63,7.45797693941137,2.643326170287936e-07,1841.0
086710,20230626,3.68,16.535076716983777,3.951811958867182e-07,1809.0
086710,20230627,3.51,8.838004533998657,4.6401374133217715e-07,1809.0
086710,20230628,3.48,-7.663091611070327,3.9776869875351403e-07,1862.0
086710,20240524,2.95,15.26188649940643,1.767499248092962e-07,1952.0
086710,20240527,3.43,26.978666707041967,1.6907449510223277e-07,1478.0
086710,20240530,3.95,14.164820474546168,1.1547530764037376e-09,68.0
086710,20240614,4.45,-10.546829408622038,6.358407145717822e-09,951.0
086820,20231219,1.39,-3.7023611825301117,6.45632605538863e-08,244.0
086820,20231220,1.35,-4.008140995106746,9.137178913868997e-08,1099.0
086820,20250103,0.28,-4.524725383669748,1.286501146891604e-07,346.0
086820,20250106,0.31,6.56876938986557,2.3149379228074204e-07,380.0
086820,20250115,0.24,-11.896802948487185,8.793728122968037e-08,407.0
086820,20250204,0.24,-1.904358865848499,1.538161063372693e-07,286.0
086820,20250213,0.25,-1.675170451979957,2.3420591227670094e-07,675.0
086820,20250217,0.25,0.437163499148685,5.797758391032939e-07,1002.0
086890,20200612,1.05,8.33032678032717,,
086890,20200810,1.72,-3.8468848357257612,,
086890,20200828,1.71,-13.741880654333993,,
086890,20210215,1.74,-13.804257801715835,,
086890,20210216,1.78,-12.064877400182606,,
086890,20210415,1.48,8.613471854012534,,
086890,20210422,1.1,-25.020674582078094,,
086890,20230824,1.22,-14.258546743632362,1.7661533246132724e-07,1412.0
086900,20230210,1.18,8.1591634412983,9.138346569187481e-09,2012.0
086900,20230213,1.2,6.1810559413074895,1.4408926909973467e-08,3819.0
086900,20230217,2.52,112.40159210476754,2.6921381293940456e-07,8038.0
086900,20230302,2.87,13.105432981599364,2.9688334729783384e-07,30788.0
086900,20230410,3.63,22.637155197121995,1.853437017266625e-07,13160.0
086900,20230413,3.79,25.551201096173926,5.337981604713992e-08,4651.0
086900,20230911,5.31,16.33956591524328,2.1508002348112413e-07,28241.0
086900,20230912,5.24,10.130186559552223,4.0298653108979174e-07,35635.0
086960,20200710,1.58,9.620360020947816,,
086960,20201223,2.02,-7.7251540812231845,,
086960,20210107,2.73,14.836911966107635,,
086960,20210705,3.62,20.90581431296703,,
086960,20210716,5.74,13.328019184523775,1.2056090493144914e-08,1376.0
086960,20251104,5.05,1.0609975785175862,2.487818972983505e-07,5220.0
086960,20260508,4.75,-48.36104992313687,7.1437223326457286e-09,563.0
086980,20210113,1.81,21.496778647031746,,
086980,20210215,2.53,9.686104779827698,,
086980,20210217,3.5,46.434335401304615,,
086980,20211008,4.78,8.917827586582883,5.066117909212396e-09,4396.0
086980,20241104,2.93,-3.8250994525857673,1.4564935524562762e-08,1421.0
087010,20200610,2.35,9.147549412494138,,
087010,20200611,2.45,11.908768992855512,,
087010,20200612,2.42,4.826118013645075,,
087010,20200622,2.52,-0.24239962778933588,,
087010,20200623,2.7,9.953162520506265,,
087010,20230626,1.7,29.906816670890592,2.3848937655831446e-08,374.0
087010,20230627,1.64,24.989656750572074,3.046984747175229e-08,264.0
087010,20230630,1.64,-5.613883416322385,3.4244634628600636e-08,1364.0
087010,20230703,1.84,7.81632139514763,6.974599329559001e-08,1283.0
087010,20230711,1.92,-0.14083414840366792,1.302070960818766e-07,4861.0
087010,20230714,1.78,-11.431803289665632,2.3214774678188868e-07,6039.0
087010,20230718,1.74,-9.598244480182771,8.09395793218764e-08,6595.0
087010,20230719,1.81,-4.101435489670546,3.850835231783181e-08,6595.0
087010,20230720,1.86,2.091575964619574,4.68513804720874e-08,7446.0
087010,20230809,1.47,-3.213431392508148,2.8011334646833126e-08,6896.0
087010,20230810,1.29,-15.093955418106386,2.3076513685835813e-08,6165.0
087010,20230829,1.16,-1.51482468814228,1.072484337934021e-07,6338.0
087010,20230830,1.16,-0.703620086276735,1.510513596442591e-07,15846.0
087010,20240628,1.4,-2.8747808906731787,2.1879056115634445e-07,23154.0
087010,20240701,1.36,-7.866256308279018,9.35946819459553e-08,30188.0
087010,20240702,1.29,-12.485019409634479,1.5362554199088908e-07,33310.0
087010,20240703,1.36,-8.356540548942403,2.673866892252305e-07,33310.0
087010,20240708,1.18,-12.631257587913304,6.340039529394095e-08,6615.0
087010,20240719,1.08,-2.345657632695475,6.3849124550331e-08,26231.0
087010,20241016,0.79,9.700329577782352,3.46387902926768e-08,17556.0
087010,20241017,0.76,5.02082644628099,5.286078086145495e-08,15752.0
087010,20241111,0.57,-13.600220752154879,4.0825406666812745e-08,13016.0
087010,20241112,0.59,-8.562592285145488,5.363716805527358e-08,13016.0
087010,20241115,0.72,24.795822175505332,1.2694765733283088e-07,21908.0
087010,20250411,0.3,-6.56429447061101,1.279703988569353e-07,35345.0
087010,20250414,0.36,9.964989626556008,4.4809986939231135e-07,41611.0
087010,20250418,0.37,22.0113799580157,1.1004750925466911e-07,16511.0
087010,20250513,0.39,9.490228396515189,1.4886336095464267e-07,17152.0
087010,20250516,0.43,8.203313664139777,4.1368848291807677e-07,23949.0
087010,20250521,0.43,11.331441714494538,3.249216153211146e-07,16638.0
087010,20250523,0.48,10.758332929018488,3.329921207733772e-07,13587.0
087010,20250526,0.51,16.07939683028159,2.3106069682375806e-07,13587.0
087010,20250717,0.69,0.09426580492524206,3.9978903813505894e-07,96330.0
087010,20250718,0.67,-1.6242228561921923,1.3451530392185318e-06,119665.0
087010,20250721,0.69,0.15283452581240642,1.7314762282664294e-06,124017.0
087010,20250813,0.86,11.566242525264192,3.247743162401296e-07,45248.0
087010,20250814,0.87,11.606119798771243,6.235274707309505e-07,54711.0
087010,20251120,0.69,14.640419984398179,3.0486191661998635e-07,61098.0
087600,20201202,0.0,,,
087600,20201203,0.0,,,
087600,20210409,0.0,,,
087600,20210706,0.84,41.33199327234689,,
087600,20211117,0.89,-2.0280226109786526,1.3045391651799328e-07,481.0
087600,20211216,0.51,-3.4974773417345895,4.85213620119852e-09,68.0
087600,20240104,3.07,17.962421242124215,4.588458645129083e-10,40.0
087600,20240122,3.65,-7.456394403367639,5.40362052263834e-09,258.0
087600,20240123,3.56,-3.9325916747950385,2.594960284659573e-09,218.0
087600,20240125,2.69,-24.256053337557727,1.1794615676972986e-08,941.0
088130,20200825,3.07,-12.389738566614671,,
088130,20200904,2.21,-29.400040638745462,,
088130,20201007,3.07,-7.845841603032033,,
088130,20201013,3.16,0.052322590943765235,,
088130,20210426,4.45,6.405703512299543,,
088130,20210427,4.34,0.8496416728597023,,
088130,20210622,3.35,1.6750433053732694,,
088130,20210716,5.66,-6.253335236227797,3.100468958162425e-08,659.0
088130,20230328,2.86,-4.923160065596576,3.1299976533511293e-08,667.0
088130,20260130,3.12,8.114988987392735,2.5159959792677415e-08,523.0
088130,20260202,3.08,6.666364203034636,1.4155310777947611e-09,105.0
088130,20260204,4.93,54.57983937165023,2.517414234340321e-08,1325.0
088130,20260209,3.1,0.4051832386179788,1.3017453387891324e-07,1325.0
088130,20260427,3.6,35.77814259618259,1.5768785945029277e-07,8901.0
088280,20260325,0.02,-16.879039704524466,7.585911202964696e-08,534.0
088280,20260413,0.04,57.95555555555556,1.1604291063760285e-07,2192.0
088280,20260427,0.02,-0.6622516556291425,4.3826119189465964e-08,1926.0
088290,20190627,0.28,-68.91997667137332,,
088290,20191010,0.73,23.94230430131543,,
088290,20191025,0.7,-5.715782482202492,,
088290,20191028,0.7,-5.699903629337855,,
088290,20191029,0.7,-6.372737593709832,,
088290,20191030,0.69,-1.2898488892416626,,
088290,20191031,0.69,-2.2820403425044877,,
088290,20191111,0.63,-8.008163513966316,,
088290,20191112,0.63,-8.008163513966316,,
088290,20191113,0.85,33.98675496688741,,
088290,20191118,0.8,26.375275938189844,,
088290,20191125,0.76,-4.543390162101735,,
088290,20191202,0.76,0.0,,
088290,20220620,4.3,-5.439121087805077,7.463971971431318e-08,1677.0
088390,20200810,2.09,1.08011869436202,,
088390,20200811,2.04,-2.6064366859642085,,
088390,20200812,2.38,8.357490962062442,,
088390,20200813,2.87,32.42502133838261,,
088390,20201218,3.33,7.776429797412332,,
088390,20210421,2.93,4.32723790345475,,
088390,20210423,2.8,-5.331512810905847,,
088390,20210426,2.73,-7.837937994480882,,
088390,20210429,2.45,6.088556631140096,,
088390,20210625,3.3,-3.65703567300113,,
088390,20210705,2.8,-15.770410744823259,,
088390,20210716,3.06,-1.5413049143452762,1.9468723403631798e-08,285.0
088390,20210719,3.1,-6.775798889475626,8.911897088629399e-08,1640.0
088390,20210908,3.72,15.19973780998507,1.0131612917045198e-07,2172.0
088390,20210909,3.81,17.856106759501024,1.504937739177141e-07,2172.0
088390,20211125,3.39,10.489316372771507,4.957785154259418e-08,2747.0
088390,20230303,2.31,-1.0900529830163985,7.053349345717112e-08,514.0
088390,20230306,2.42,3.597442060864431,7.915886432595866e-08,1036.0
088390,20230403,2.77,-4.129990742237444,1.1490578645475164e-07,4000.0
088390,20230407,3.25,11.886458150295788,7.406312051804526e-08,9242.0
088390,20230410,3.23,16.474046029690136,4.9436392734757876e-08,5266.0
088390,20260204,1.97,-0.4016150508998728,1.059081388978098e-08,357.0
088800,20200626,4.36,25.92375316763391,,
088800,20200708,4.78,-16.54043248533207,,
088800,20200709,4.72,-11.811515227856495,,
088800,20200713,4.35,-12.331163367432795,,
088800,20200715,4.05,-15.159854165444154,,
088800,20200807,3.58,7.115411536195704,,
088800,20200810,3.49,4.9066527118366565,,
088800,20200811,3.79,10.80559235360312,,
088800,20250509,0.0,,0.0,0.0
088800,20251030,0.0,,1.009205260021557e-09,42.0
088800,20260410,0.0,,9.855178647397153e-08,6284.0
088800,20260413,0.0,,4.120277296458665e-08,6215.0
088910,20220426,4.2,77.75456287315508,4.125134432077955e-08,1380.0
089010,20191015,5.05,11.697794918878056,,
089010,20191017,5.14,10.797006310652545,,
089010,20191024,5.28,2.8777481069101496,,
089010,20191025,5.43,-9.48053952947343,,
089010,20191115,5.6,9.226355650482398,,
089010,20200121,5.36,0.4396815487888617,,
089010,20201203,6.83,1.5362212669633557,,
089010,20201204,7.22,8.47645474099863,,
089010,20201222,6.08,-9.95541283417991,,
089010,20210203,6.59,-5.092698226087766,,
089010,20210205,7.23,-5.620566987020625,,
089010,20240516,9.14,3.1506080146517457,2.880890554866125e-08,12762.0
089010,20250916,7.39,-3.676847063098987,1.0628579411198929e-07,12236.0
089010,20251001,7.69,2.978914505075969,5.3838806867659345e-08,12763.0
089010,20251103,7.71,-7.119244830495431,8.950311392020724e-08,35073.0
089010,20260506,4.94,-15.530159621890306,5.158444129913464e-08,9148.0
089030,20200116,4.05,0.8378755163711116,,
089030,20200117,4.19,-1.6720136332486257,,
089030,20200120,3.84,-8.285927572044848,,
089030,20200128,3.37,-19.486597505766834,,
089030,20200522,5.43,18.421411466403725,,
089030,20200714,5.23,13.366360487540852,,
089030,20200715,5.25,11.354787053184602,,
089030,20201230,4.39,10.726404882692787,,
089030,20210126,4.52,-1.3549174440414036,,
089030,20210419,5.38,12.823418706832946,,
089030,20210421,4.41,-6.631444528946584,,
089030,20231116,3.03,24.780328135706565,8.770115004832394e-08,1224.0
089030,20231213,3.54,4.3918282401075315,4.5393475140561555e-08,4396.0
089030,20231227,4.24,0.5454358862604591,0.0,0.0
089030,20240104,4.22,-3.4620906025043974,6.293617951629391e-08,631.0
089030,20240116,3.77,-5.804193937938262,1.0464998349025939e-07,3602.0
089030,20240118,3.71,-6.091258650934373,2.2117306705943513e-07,3649.0
089030,20240119,3.82,0.6145619040521355,9.003938751178973e-08,8910.0
089030,20240122,4.0,5.994944125231871,9.463341908631441e-08,8843.0
089030,20240208,6.08,-2.880132135584157,5.0469014998236955e-08,2699.0
089030,20240213,5.94,-5.341955466799975,1.882095605815168e-08,2103.0
089030,20240219,6.26,3.0903244783544004,4.096778125236934e-08,6538.0
089030,20240222,5.78,-9.410895609131453,1.3793980071403757e-07,9762.0
089030,20240306,4.6,-7.808679829204013,2.554236148635824e-07,4714.0
089030,20240307,4.56,-8.064824586496256,2.3894165270654454e-07,4714.0
089030,20240312,4.34,-7.87421272337725,1.1409960754813834e-07,10323.0
089030,20240313,4.19,-9.140593452803659,2.9492146714940705e-07,17221.0
089030,20240315,3.91,-12.783074096637858,4.794145540130788e-07,17221.0
089030,20240326,3.93,3.8613000598634706,2.2772607412276905e-07,9536.0
089030,20240327,3.88,3.0061171028754607,8.435838210136908e-08,6652.0
089030,20240411,3.08,-8.096579150136595,3.3863040179890935e-08,3314.0
089030,20240520,1.86,33.80495519240907,1.4899465409698748e-07,12487.0
089030,20240528,1.97,5.1163121778992515,1.16224039937682e-07,9652.0
089030,20240618,1.5,-18.746360140001272,5.681375905494562e-07,30062.0
089030,20240619,1.46,-17.054174865740947,5.04894666288486e-07,29635.0
089030,20240624,1.35,-10.426774736456657,5.314696033978027e-07,21656.0
089030,20240626,1.27,-13.678037199120752,4.152461238228656e-07,18288.0
089030,20240627,1.25,-12.209269720682093,2.394330514421125e-07,18288.0
089030,20240628,1.25,-9.478260029559793,1.8352232115772523e-07,17568.0
089030,20240703,1.12,-10.722899419855292,2.546103891824035e-07,24646.0
089030,20250922,4.57,13.63064376110037,2.2396626294474694e-07,18187.0
089030,20250923,4.5,10.474601384663806,2.643860921323661e-07,18187.0
089030,20251002,4.46,1.5423453352976235,2.0331034610707282e-07,17742.0
089030,20251017,4.49,-0.9960184019969898,2.5517333067643716e-07,23514.0
089030,20260306,4.52,-3.6614909114289107,1.0142956409580779e-07,92040.0
089140,20201229,3.81,-8.472250611694754,,
089140,20210203,4.31,-9.724615316784979,,
089140,20210208,3.86,-17.58570641389022,,
089140,20210315,3.57,-6.089812394738992,,
089140,20210319,4.09,7.534868275404039,,
089140,20210322,4.1,14.582547792315514,,
089140,20210406,5.73,9.880051014642488,,
089140,20210407,6.04,17.171220019491006,,
089140,20230504,1.23,-71.1583875270536,0.0,0.0
089150,20200519,2.82,-2.498823775419523,,
089150,20200520,3.13,0.5018396429038452,,
089150,20200612,6.55,5.2080850789413935,,
089150,20200908,7.56,10.859355583663355,,
089150,20200915,7.62,0.8213152137068302,,
089150,20200916,7.06,-8.72341721832387,,
089150,20200917,6.79,-18.207720549581342,,
089150,20210319,5.19,15.746830505168719,,
089150,20210521,7.24,22.186143359459408,,
089150,20250523,1.66,20.245120861697984,6.2407753750865175e-09,486.0
089150,20250526,1.39,0.42601009677474266,3.321836193743404e-09,362.0
089150,20250609,2.12,23.512884511602806,8.009699670242552e-09,706.0
089230,20201124,5.64,-7.067135466749363,,
089230,20201125,5.15,-5.25970558995934,,
089230,20201127,5.04,-6.280546473509752,,
089230,20240213,5.36,-74.46085500433344,0.0,0.0
089230,20260313,0.0,,1.1747825313222931e-07,1004.0
089230,20260316,0.0,,2.5533260520084498e-08,786.0
089230,20260417,0.0,,1.3064855434466132e-07,1260.0
089230,20260506,0.0,,2.901653368801802e-07,830.0
089230,20260507,0.0,,1.3087879962836427e-07,570.0
089530,20200831,,,,
089530,20210506,,,,
089530,20210603,,,,
089600,20210623,2.14,-7.640219123149361,,
089790,20200116,5.45,12.422083615440084,,
089790,20200117,5.59,18.25748112468848,,
089790,20200120,6.82,39.01219606070594,,
089790,20200121,6.62,39.51460193604206,,
089790,20200122,7.98,66.18178226762232,,
089790,20200217,4.44,1.3219341263024376,,
089790,20201102,6.74,5.751029977465683,,
089790,20201103,7.14,10.845574427555448,,
089790,20201104,7.11,11.571399483979983,,
089790,20201111,7.62,7.1222048655325665,,
089790,20201120,7.71,5.737863922873321,,
089790,20201123,8.01,8.468528505443441,,
089790,20201124,8.4,9.144422903454297,,
089790,20230411,3.95,4.436444396682959,3.5879338565004865e-07,763.0
089790,20230703,4.13,12.655807141577725,2.2867593051512964e-07,895.0
089790,20230704,4.24,4.05770386505675,5.100880430385204e-08,1844.0
089790,20260205,6.74,61.562490585800724,1.4873033474976292e-07,648.0
089790,20260212,6.57,-2.7213567626569013,2.1996585550631355e-08,614.0
089850,20191021,1.25,-3.532851108651025,,
089850,20191022,1.22,-9.94928018853425,,
089850,20201209,1.89,-16.792414543710454,,
089850,20210108,1.66,2.9715706128266905,,
089850,20210217,2.8,-11.826353233108511,,
089850,20210630,4.15,53.11231463838952,,
089850,20210719,7.64,-9.558471601786856,4.411503000286632e-08,781.0
089850,20220103,3.26,-15.123555840821567,2.5357617554389134e-08,801.0
089850,20220104,3.59,-0.9851531623416565,4.808568125020146e-08,740.0
089850,20230828,3.19,4.9766006436474,2.0783231479701822e-07,2765.0
089850,20230829,3.1,-2.1891071579124843,4.372621124445725e-07,2690.0
089850,20230830,2.95,-10.446280454087109,2.674329275115478e-07,2112.0
089890,20210629,6.45,41.36475795209815,,
089890,20210804,7.25,-1.2966227728915758,3.559558189327292e-09,771.0
089890,20210805,7.05,5.672876314782593,1.430876493896169e-08,5804.0
089890,20230615,5.01,0.12357860537872689,4.968868592890222e-09,993.0
089890,20230616,5.52,9.890113839761728,9.486050152412489e-09,750.0
089890,20230619,8.11,61.92901877911148,2.9374373222962192e-08,1769.0
089890,20240125,5.67,-2.804972267980943,5.82632278610276e-09,1570.0
089890,20250812,2.62,-2.871746571919165,1.6006559592027383e-07,1294.0
089890,20250916,1.9,-18.29492672508074,1.6935771390083615e-07,922.0
089890,20250917,1.86,-17.686347422935434,2.3468319748637903e-07,922.0
089890,20250922,2.26,8.151032224274978,1.230772509222596e-07,1330.0
089890,20250925,2.65,32.47305898852835,4.2379058627388675e-07,4771.0
089890,20251002,2.39,-9.997240143693498,3.7556744890542965e-07,2631.0
089890,20251010,2.5,-9.227929733835671,3.27611795870783e-07,2631.0
089890,20251013,3.14,8.807976468083067,4.4264513430083576e-07,1894.0
089890,20251014,4.07,34.97096828997732,2.505503602737482e-07,4502.0
089890,20251016,4.18,74.73778398880005,1.6853991762611526e-07,2608.0
089890,20251017,4.05,61.62808262699164,2.824700026171799e-07,2608.0
089890,20251023,4.89,16.9735763294544,1.105111599493753e-07,783.0
089890,20251024,4.81,18.590875239957395,5.749448959786666e-08,842.0
089890,20251106,4.8,0.9876927633752475,1.763402455531574e-07,2779.0
089890,20260420,6.96,14.752733044601275,5.19074849765164e-08,1393.0
089890,20260422,6.36,0.25288564824128557,9.450191554308921e-08,1386.0
089890,20260423,6.28,-8.268190784126805,8.980060927791593e-08,771.0
089890,20260424,6.16,-11.062007638017734,3.3781038696769754e-08,544.0
089890,20260429,5.74,-9.656498195458408,2.463888741774557e-07,2771.0
089890,20260430,5.66,-9.961581968524225,1.5965080661809602e-07,2834.0
089890,20260504,5.62,-8.854594525426595,2.9616638369900223e-07,5382.0
089970,20200110,3.71,6.3770727612699085,,
089970,20200114,3.86,0.6677215935152248,,
089970,20200116,3.83,3.372277663803791,,
089970,20200526,3.09,10.237023555780844,,
089970,20200601,3.17,1.9957504303449225,,
089970,20200602,3.14,1.2437604223799248,,
089970,20200604,3.49,4.9755798571644805,,
089970,20200626,3.35,3.2307421946743187,,
089970,20200629,3.44,6.379743874627208,,
089970,20200701,4.06,27.340911628257338,,
089970,20200709,3.75,-8.492032016340934,,
089970,20201217,4.61,1.1149936497111934,,
089970,20201229,4.19,-8.11942223560328,,
089970,20210104,3.99,-10.225259331450287,,
089970,20210215,5.65,7.1361362132860595,,
089970,20210322,5.99,5.076445729223011,,
089970,20210402,6.15,2.1652533379436845,,
089970,20210405,6.21,1.6331998915453116,,
089970,20210414,5.02,-9.500013743017789,,
089970,20210416,4.98,-7.513285126629022,,
089970,20250904,1.09,-8.202436634688294,9.753542859020427e-07,6306.0
089970,20250912,1.09,2.733325094998307,2.976772084774136e-07,2425.0
089970,20250917,1.2,9.986142874846493,1.7579010584511772e-07,7027.0
089970,20250919,1.39,27.02627523211667,4.0104056172220466e-07,5011.0
089970,20251002,1.47,-0.9501756849763621,3.582248501602768e-08,1150.0
089970,20251027,2.26,7.1729651874859135,1.6022165433908521e-07,3661.0
089970,20251209,1.6,28.41308197266599,3.8228969136626314e-07,7543.0
089970,20260211,3.14,11.918307570918207,5.146591140294565e-07,20115.0
089970,20260212,2.76,2.9889350605037723,6.027577676778551e-07,20213.0
089970,20260224,2.77,0.040378044992683826,6.549010632909242e-08,4844.0
089970,20260318,2.74,1.308257641427657,8.622822814867808e-08,3072.0
089970,20260319,2.69,-5.3226061119324815,6.965026564992808e-08,2588.0
089970,20260417,2.75,7.24994822944709,4.080815911200627e-07,22336.0
089970,20260423,2.95,13.715826800751675,8.385972199705676e-07,26901.0
089970,20260507,2.23,-10.844159915627415,2.920171853959964e-07,7987.0
089970,20260512,2.0,-20.450084251044153,5.313362409230664e-07,23426.0
089980,20200611,4.05,46.393443768947385,,
089980,20200622,4.54,-2.841768518211829,,
089980,20200623,4.41,0.31768116283070746,,
089980,20200709,5.33,6.534114724239637,,
089980,20200721,4.33,-18.89639032911531,,
089980,20200722,4.51,-10.902941323846271,,
089980,20200728,4.1,-5.513869907611991,,
089980,20200729,4.05,-10.361282485335554,,
089980,20200731,4.17,-5.352272645585177,,
089980,20200810,4.23,3.405724495841711,,
089980,20210128,3.76,2.296824672721498,,
089980,20210825,2.82,9.224353628023362,4.04440755081385e-08,6604.0
089980,20210914,3.09,-13.209365338150292,3.2641599810068214e-08,5830.0
089980,20260213,1.45,-5.80289069850436,7.0886153019191e-08,258.0
089980,20260219,1.88,18.474710365734246,2.884992808251461e-09,75.0
089980,20260317,3.18,2.094464243859351,1.1356358124648866e-08,565.0
090150,20201202,0.65,14.528486873161706,,
090150,20201204,0.73,59.16101448302107,,
090150,20210708,2.24,31.21201890614449,,
090150,20210813,2.01,56.94556542014168,7.303482850904284e-08,3826.0
090150,20210830,3.2,15.636454964734803,4.069044448909904e-08,1181.0
090150,20211028,3.62,3.1557226825851936,8.386348536612306e-08,5867.0
090360,20201223,3.94,34.29900156180277,,
090360,20210125,4.26,-7.3476479251109,,
090360,20210126,4.26,8.588211675692015,,
090360,20230131,5.28,32.41384803953058,1.3387336046045403e-08,2691.0
090360,20230317,6.05,-6.084898834163721,4.411373005842119e-08,20484.0
090360,20250915,4.74,6.007830832071659,4.492517173658089e-08,3582.0
090360,20250918,5.4,20.775835808828404,3.4845683307179266e-08,6848.0
090360,20250919,5.66,21.664022950826876,2.1977979117068807e-08,6863.0
090360,20251014,7.14,9.697599206817586,3.198542410831046e-09,1925.0
090360,20251015,6.86,5.443162122039791,3.8053911218758e-08,14909.0
090360,20251016,7.14,7.621075696903756,3.4175267843443184e-08,14874.0
090360,20251024,4.32,-34.40720907019874,2.791950349665712e-08,18592.0
090360,20251028,5.75,4.101858428579108,3.8994712920026985e-08,18062.0
090360,20251103,4.95,18.369444961179582,9.557281944176467e-08,36575.0
090410,20210630,7.96,24.12757667016596,,
090410,20210701,7.92,10.479074774992947,,
090410,20210910,10.03,10.810948107362828,1.13971588168316e-09,355.0
090410,20230629,7.37,-3.8661126523956257,7.91796160169256e-09,1124.0
090460,20191022,2.35,-10.027361047171112,,
090460,20191023,2.32,-11.912121283457711,,
090460,20191025,2.28,-7.549110823670013,,
090460,20200715,3.43,4.628055181795321,,
090460,20220411,6.19,-5.033307251751895,2.937545900663143e-07,19474.0
090460,20220414,5.7,-8.52110293195526,3.5995300841247645e-07,16525.0
090460,20220419,5.62,-7.951923868163357,2.477159135617177e-07,5321.0
090460,20220831,3.27,-3.211964868599493,2.0658141286244704e-07,12237.0
090470,20191008,5.33,3.450075010289022,,
090470,20221123,2.05,8.803456784771079,8.969296560997855e-08,178.0
090470,20221124,2.12,12.043525240953624,2.6708565354646852e-09,5.0
090470,20221125,2.11,12.157356913695594,9.175174248084998e-08,201.0
090470,20221128,2.09,4.756467756932681,8.583092365419402e-08,238.0
090470,20221129,2.29,12.753828634389341,2.518746062315664e-07,940.0
090470,20230307,2.28,0.17987594206327895,1.5176063655294957e-07,582.0
090470,20230308,2.25,0.2870632361650305,6.432974617239255e-08,685.0
090470,20230309,2.38,7.192705739111194,6.085374771503654e-08,1188.0
090470,20251208,1.05,9.383740334218626,7.827901100624105e-08,334.0
090470,20251209,1.08,17.778465921407104,1.5211381986707866e-07,334.0
090470,20251210,1.01,8.975466692627831,9.404250461324592e-08,334.0
090470,20260224,0.72,-18.701520718513986,8.986958983641844e-07,2125.0
090470,20260225,0.72,-16.442897941765423,1.0044522808213748e-06,2125.0
090470,20260226,0.7,-11.907248353615651,2.801736579833558e-07,803.0
090470,20260312,0.66,-3.3060502611771514,2.0619428299233707e-07,384.0
090470,20260316,0.71,4.53182860165755,3.071500356878595e-08,111.0
090470,20260317,0.72,7.908307999762898,3.2679838216908614e-08,80.0
090470,20260318,0.72,8.879665226414456,2.014959160071024e-08,80.0
090710,20201116,0.39,-2.956974759723341,,
090710,20201117,0.39,-2.1176228988360912,,
090710,20220325,2.68,125.16188063785437,5.338653481451325e-09,2965.0
090710,20220328,2.65,22.787611932830544,6.887823222620192e-09,2965.0
090710,20220422,0.79,-8.804025176944496,4.793996989165056e-09,1551.0
090710,20220426,1.24,51.30168726766213,1.4932059016038417e-08,10458.0
090710,20220502,0.8,-19.284499940481826,5.090044044790695e-08,12264.0
090710,20220503,0.79,-35.196044488683086,2.37763301052994e-08,16443.0
090710,20220504,0.76,-37.762932580428256,2.274952366500887e-08,16443.0
090710,20220602,0.74,26.865062813775697,4.3722471412770386e-08,36148.0
090710,20240228,0.15,-60.00463671002988,1.4308514610762666e-10,3.0
090710,20250627,0.98,12.92625557380289,1.8502252491360362e-08,6704.0
090710,20250630,1.03,16.873744679681458,3.1441552428562415e-08,6704.0
090710,20250915,1.28,23.16477050828143,2.7024139222334822e-08,11150.0
090710,20251015,1.46,-4.714462562917754,1.3373316367988606e-07,35006.0
090710,20251020,1.39,-7.858322231763514,1.5647674955267406e-07,69849.0
090710,20251021,1.3,-13.528329195967249,9.290170544210649e-08,68223.0
090710,20251229,1.34,19.124618863509603,1.301339715382839e-07,96693.0
090710,20260102,0.68,-37.017895015298606,2.6626713872739305e-07,85765.0
090710,20260113,0.39,-18.303862614166043,6.156126939451561e-08,24480.0
090710,20260115,0.36,-17.16835897580139,6.46077815983392e-08,39903.0
090710,20260116,0.36,-12.921197034342036,4.741129105996158e-08,32912.0
090740,20191111,,,,
090850,20191219,2.82,-5.154525891671624,,
090850,20200106,3.44,4.311238557405983,,
090850,20200107,3.18,-4.345396763097787,,
090850,20200116,3.56,1.6791199667911982,,
090850,20200122,3.92,12.903107794179514,,
090850,20200526,4.06,-0.4487889925136157,,
091120,20200806,6.36,-7.1927060291120615,,
091120,20200810,6.55,-4.61989441637225,,
091120,20210215,5.01,14.938279179871493,,
091120,20210217,4.88,0.314739802302455,,
091120,20210303,4.05,-11.622013671523169,,
091120,20210318,4.66,12.725960237013867,,
091120,20210421,4.95,4.701845119404013,,
091120,20210422,5.23,11.956035198406113,,
091120,20210805,5.96,-0.3327954926498067,1.264620937275263e-07,6604.0
091120,20210826,6.35,-8.326187260349716,8.860804078096469e-09,74.0
091120,20211019,6.43,-0.8533064656759182,3.2022550444931886e-08,1903.0
091120,20211229,5.04,-6.017835398190674,5.989688194549445e-07,9642.0
091120,20220106,5.34,5.967452300785636,1.2007254809570167e-07,2107.0
091120,20220112,5.29,0.034964328060538286,2.091745833595502e-07,2551.0
091120,20220113,5.23,-2.113084625767725,1.47889530124678e-07,2134.0
091120,20220114,5.24,-0.3015999157435112,1.1762303750040705e-07,2134.0
091120,20220210,4.64,9.49800291562466,1.3490203592406738e-07,3678.0
091120,20220211,4.87,11.451169583917942,1.287292623097965e-07,4527.0
091120,20230623,4.37,3.859023686258878,7.510469181453342e-08,5056.0
091120,20230710,4.72,1.5597785635702577,8.587086740701489e-08,4929.0
091120,20230711,4.67,1.7970633911825518,2.3515600779839151e-07,4929.0
091120,20230712,4.37,-6.2157010860593225,2.556396139705944e-07,4929.0
091120,20230713,4.52,-0.026765286452901105,3.9254500569504833e-07,4929.0
091120,20230717,4.54,-3.78810872166907,0.0,0.0
091120,20230809,5.12,0.4946268755650074,8.598255200649151e-08,4880.0
091120,20230814,5.07,-0.6455887618973755,1.703893953974272e-07,14059.0
091120,20230821,5.5,7.549281775260974,3.2235447932603957e-07,11674.0
091120,20230823,5.79,11.42175025226646,7.966788598795448e-08,1794.0
091120,20230831,6.03,6.826397289979069,3.85761354600726e-07,14252.0
091340,20190809,3.05,-9.059355536540837,,
091340,20190903,5.06,1.4245753325061505,,
091340,20190904,4.99,-4.548684219103427,,
091340,20191216,6.94,-6.719476869245988,,
091340,20200221,5.72,-3.5602647788912423,,
091440,20200212,0.0,-100.0,,
091440,20200214,0.0,2400.0,,
091440,20200521,0.2,-27.57691443970357,,
091440,20220526,0.54,146.19652504015184,1.824298485487701e-07,602.0
091440,20231201,0.45,4132.735426008969,7.806144933686172e-08,162.0
091440,20231204,0.45,4125.560538116592,4.8224266791968494e-08,144.0
091440,20231205,0.46,4224.215246636772,2.3120667458549527e-08,158.0
091440,20231218,0.34,-26.68204697986577,2.0304080589689344e-07,2730.0
091440,20231219,0.33,-29.110738255033553,1.5496513796348167e-07,2977.0
091440,20240104,0.31,0.0,1.507895484992904e-07,1035.0
091440,20240105,0.31,0.0,1.504117360015679e-07,527.0
091580,20200810,7.67,12.487466505066024,,
091580,20210121,6.19,-21.995207768943803,,
091580,20210713,7.26,-7.29469975203183,,
091580,20210809,9.03,-3.377393834366871,6.505551162442643e-08,3351.0
091580,20210812,9.18,4.262452107279691,2.5595994630753314e-07,6901.0
091580,20221114,5.5,0.5776755322140392,2.2931870236624168e-08,1198.0
091580,20221125,6.03,-0.7973914939286231,1.8526979512160147e-07,2202.0
091580,20230303,4.91,4.492412129372503,3.1153970772503537e-08,4535.0
091580,20230306,5.0,6.279572904993147,3.770035483241662e-08,6444.0
091580,20251024,4.49,2.5957095173164246,2.2708637538277248e-07,1548.0
091580,20251028,4.26,-5.612050484265918,8.661234668532673e-08,2351.0
091580,20251212,4.27,-2.6356549520766825,2.9960719001702054e-07,2401.0
091580,20260212,4.44,-1.827096244504478,8.108199807280354e-08,1957.0
091580,20260317,4.25,-2.5658551161684473,2.494012569280601e-07,6640.0
091580,20260402,4.12,-5.589909966700013,3.0557890589910145e-07,6849.0
091580,20260403,4.24,0.6463591342953157,3.137201500666533e-07,8397.0
091580,20260420,5.11,3.137830487692539,6.713793756705654e-08,3959.0
091580,20260421,5.19,3.254843517138606,5.624472927866276e-08,3959.0
091590,20191126,7.79,-6.764094534333253,,
091590,20200113,9.53,-4.695407079299796,,
091700,20211223,3.61,-4.456600594985948,2.883056695276621e-07,10825.0
091700,20211228,3.36,-7.695748671791636,5.646833703604232e-07,7442.0
091700,20260211,1.8,0.28281937705258997,1.7270950008144788e-07,1416.0
091700,20260220,1.72,-6.459238780957843,1.046022996129584e-06,3713.0
091700,20260223,1.62,-9.776620696784455,1.376776275893016e-06,4763.0
091700,20260224,1.62,-7.760734904145394,1.2161948951464136e-06,5261.0
091700,20260225,1.5,-17.102829784904493,6.116889585669956e-07,4802.0
091970,20230227,0.0,0.0,0.0,0.0
091970,20251024,0.0,-89.49949698189134,1.0815848791825424e-08,82.0
091970,20251029,0.0,-100.0,4.635682825809886e-09,90.0
091990,20200331,,,,
091990,20200610,,,,
091990,20200611,,,,
091990,20201202,,,,
091990,20201203,,,,
091990,20201204,,,,
091990,20201207,,,,
091990,20201221,,,,
092040,20200605,2.88,3.31921612333983,,
092040,20200608,2.94,8.400456122992761,,
092040,20200707,3.66,-2.4999792613157212,,
092040,20200918,5.51,4.0386593969424345,,
092070,20200508,4.61,4.539137126600878,,
092070,20200515,5.11,10.844856542333336,,
092070,20200609,5.5,6.566500021548927,,
092070,20200622,5.52,-5.560333883458169,,
092070,20200730,6.42,-1.822996780445063,,
092070,20201218,5.55,9.608841980363358,,
092070,20201224,5.52,4.912624271133814,,
092070,20201228,5.35,-3.6580476379807436,,
092070,20201229,5.18,-8.251986826796031,,
092070,20210106,6.48,21.23127929377615,,
092070,20210115,7.27,9.003725650806803,,
092070,20210209,6.27,-6.919599194421567,,
092070,20210714,7.97,-5.206151550799065,,
092070,20210715,8.25,0.09167213808931596,0.0,0.0
092070,20230704,4.54,3.037395512538499,2.2576182249150198e-07,3079.0
092070,20230714,4.37,-6.205417001877178,3.079537973154008e-08,180.0
092070,20230724,4.73,12.3085528593879,9.920222186099296e-08,2185.0
092070,20230728,4.97,14.238223634551805,1.9630799201108053e-07,2671.0
092070,20230803,5.34,1.5437249255457974,1.7405971801932295e-08,323.0
092070,20250912,2.52,5.6625657145954245,3.887968618102227e-07,941.0
092070,20250922,2.82,-1.5127626156503649,1.327249089945367e-07,371.0
092070,20251010,3.0,-0.024690082051459505,2.8168282567849964e-07,657.0
092070,20251016,2.83,-3.7608358974509093,2.6242589546373893e-07,940.0
092070,20260105,3.32,5.76003646878871,6.568084265794755e-07,2226.0
092070,20260106,3.4,5.86997262609823,1.217329971317397e-06,2362.0
092070,20260129,3.72,-2.256697016185405,2.2532832920587868e-07,1447.0
092070,20260223,3.06,-12.777540825281031,3.278886977179027e-07,2758.0
092070,20260226,2.3,-29.201856763925726,2.1252610304734005e-07,2097.0
092130,20200518,0.02,19.555077143882315,,
092190,20260225,0.0,0.0,5.444330117888026e-08,235.0
092190,20260427,0.0,0.0,2.7490881866216963e-08,223.0
092190,20260428,0.0,0.0,3.8189220195512775e-09,223.0
092190,20260430,0.0,0.0,8.250688144359034e-08,2522.0
092190,20260504,0.0,0.0,1.296160069005054e-07,2522.0
092190,20260513,0.0,-7.895775759968416,6.077748525971176e-08,1944.0
092300,20210104,4.82,94.25831328821661,,
092300,20210105,5.28,108.52137243626605,,
092460,20210503,1.62,30.175336100487083,,
092460,20210504,1.76,43.110952697561885,,
092460,20230502,1.67,-5.191556504839423,9.468983382758882e-08,248.0
092460,20230503,1.71,3.3244981405001095,1.331669914792972e-07,259.0
092460,20230509,1.73,4.184027895785047,3.3943036191193563e-07,370.0
092460,20240701,1.97,21.941281254282032,9.694696286493676e-08,140.0
092460,20240729,1.88,-5.682927611159516,9.40566875484645e-08,230.0
092460,20241226,1.77,-3.164918063963995,2.4394762168466675e-07,387.0
092460,20250121,1.87,0.4243356494987527,3.368991977742725e-07,397.0
092460,20250212,2.06,16.264157119476263,1.5198503285131886e-07,1730.0
092460,20250616,2.33,-9.466635359565068,5.587990444382894e-07,1311.0
092460,20250728,2.7,-1.439351503779418,1.9234772772162708e-07,2817.0
092460,20250807,2.74,-0.9959958063334495,2.2570049290291632e-07,1239.0
092460,20250812,3.26,24.6031693047869,7.301994966496913e-08,313.0
092460,20250829,3.05,-2.915465951615359,0.0,0.0
092460,20250904,3.16,3.5913724697668403,7.389220745862519e-08,1368.0
092460,20250908,3.21,18.561376884075464,1.1629725549276614e-08,1368.0
092460,20251023,4.3,0.1460431146445229,8.049184057779462e-10,125.0
092600,20200910,0.11,-16.811604049188123,,
092600,20201012,0.12,-1.5783500035468578,,
092600,20201013,0.16,47.79239648074905,,
092600,20210127,0.34,-11.389615923062879,,
092730,20230616,1.29,-24.700688680911178,3.8506897374015176e-07,1743.0
092730,20230620,1.37,-17.06455506167025,1.6790760350789023e-07,1157.0
092730,20230630,1.25,-7.101947308132872,1.213486032407706e-07,272.0
092730,20230831,1.15,-7.409106884836181,2.049654049098681e-07,1442.0
092730,20240110,0.92,-10.48309631469203,8.303592400902698e-08,417.0
092730,20240613,1.11,44.288106678352875,8.694610542353019e-08,606.0
092870,20200106,4.37,7.278113350916504,,
092870,20200122,3.21,-11.832834311334228,,
092870,20200710,2.95,-1.6150124926904486,,
092870,20200715,3.2,9.823052149591405,,
092870,20201120,4.61,-0.5764954794216792,,
092870,20201123,4.4,-1.2203001588313445,,
092870,20201211,5.26,6.536179361298977,,
092870,20201217,5.11,10.321436221206003,,
092870,20210104,5.27,7.241407685766799,,
092870,20230623,2.34,1.1281058610732142,1.0951064229202924e-07,481.0
092870,20230703,1.99,-11.9162301969578,2.711084237826043e-07,703.0
092870,20230704,1.87,-13.589169553096225,2.8981811564390643e-07,765.0
092870,20230713,1.96,-13.436921637617194,1.098479230880822e-07,1093.0
092870,20230915,3.68,8.921415638576091,2.015833477162658e-07,2388.0
092870,20231222,4.72,22.897357499544736,2.6975915402568875e-08,4503.0
092870,20240102,5.01,7.115960523909615,2.0401765821627558e-08,4503.0
092870,20240312,7.85,18.75469943133399,1.0776902169463294e-08,3967.0
092870,20240320,4.43,-41.85026978417267,4.661664971854662e-09,1877.0
092870,20250918,6.33,-1.8720342385209365,3.3524221271854805e-08,1967.0
092870,20250919,6.57,7.96532258368623,1.1385443273532092e-07,1967.0
092870,20260126,5.08,17.849322155213354,1.314095846208735e-07,5789.0
092870,20260127,5.15,16.91169184715435,2.494567251183718e-07,5528.0
092870,20260129,5.79,34.80227882037534,1.4037055316765082e-07,3211.0
092870,20260130,6.2,35.18056776315461,1.0777064327216092e-07,3739.0
092870,20260203,6.4,24.331815187701377,1.0898338858812133e-07,6055.0
092870,20260506,6.34,0.38562853094525895,1.6755920768296916e-07,4561.0
093190,20210607,0.45,-0.7523580956633413,,
093190,20260204,0.33,-3.5884808264016077,0.0,0.0
093190,20260209,0.13,-56.31288744898912,0.0,0.0
093190,20260312,0.0,0.0,6.053770261371779e-08,159.0
093320,20200117,1.3,-25.95978909554435,,
093320,20200129,1.16,-3.966344131257893,,
093320,20200212,1.22,6.294262048990684,,
093320,20200331,0.82,16.766102873030576,,
093320,20200403,1.87,147.76919951239336,,
093320,20200416,3.13,42.91413444688863,,
093320,20200824,2.3,-9.582559405623513,,
093320,20200826,2.48,1.0848739704894417,,
093320,20200827,2.19,-6.9440349629732445,,
093320,20230125,0.68,5.447678992918958,1.1007272245778145e-08,85.0
093320,20230213,1.23,2.2625584706121638,1.6402118610222284e-07,676.0
093320,20230224,0.87,-18.35394716750649,9.935291307173628e-08,919.0
093320,20230228,0.98,22.196161509167478,1.8777679139058988e-07,1073.0
093320,20230616,1.67,-8.681510854673247,3.3952839648520524e-08,428.0
093320,20230719,1.43,6.261050913542188,8.527290600220504e-08,1983.0
093320,20231005,1.73,21.01751220699628,4.8872969070488e-07,5041.0
093320,20231006,1.66,15.906083244397017,4.901112219575369e-07,5094.0
093320,20231211,1.7,7.8943620946339665,1.0178592245798205e-07,1450.0
093320,20231215,1.84,7.188449126803342,2.3831265111829662e-07,7181.0
093320,20240119,2.84,-0.47641870479924187,5.460022041016975e-08,525.0
093320,20250613,1.5,0.573402323644645,3.53058712391515e-07,2206.0
093320,20250618,1.43,-1.3065115301044372,5.399542754914846e-07,1482.0
093320,20250619,1.43,-2.5201920675011813,0.0,0.0
093320,20250623,1.47,-0.420144915557763,2.5996131118855355e-07,2438.0
093320,20251126,0.9,-12.81881029566848,2.2441638569583625e-07,8243.0
093320,20251208,0.58,-19.018023617153514,5.895705266427726e-07,2418.0
093320,20251209,0.58,-14.627887082976898,6.435116784974764e-07,2518.0
093320,20251210,0.57,-12.631965482419904,8.705638997657673e-07,2666.0
093320,20251215,0.56,-2.4140096281308865,1.5232438651503552e-06,4563.0
093320,20251218,0.54,-8.059012098859053,1.0183813193704066e-06,3406.0
093320,20260123,0.66,3.003031451307314,2.9969726788699083e-07,1187.0
093320,20260128,0.65,5.398398529797843,1.0697178315744386e-06,2159.0
093320,20260129,0.66,4.191578679557306,1.0383844860703958e-06,2856.0
093380,20210104,2.13,-12.439553871250265,,
093380,20210105,2.15,-8.702293351640101,,
093380,20210510,4.19,8.943332965467942,,
093520,20210127,4.04,16.016335787244973,,
093520,20210520,4.79,-14.283933814365223,,
093520,20211102,3.28,4.563873187515366,2.0167246820247522e-08,2482.0
093520,20220323,3.45,-0.517944738322218,2.9688175455560263e-08,1750.0
093520,20220325,3.56,2.0495285022512855,9.287965941364406e-08,3405.0
093520,20230519,2.09,0.5277091736109796,2.374034426744648e-07,1087.0
093520,20230522,2.31,8.654691475873122,4.7391493443808977e-07,1381.0
093520,20230526,2.47,17.911261149799106,1.8464264941247235e-07,1425.0
093520,20230530,2.5,8.041422109237729,1.268504099138695e-08,1131.0
093520,20250602,1.13,-3.382581039372057,2.7740198333847196e-07,602.0
093520,20250604,1.18,-0.8690152360481873,1.2527442233790866e-07,1184.0
093520,20250605,1.24,6.109299306588989,2.537198986650459e-07,3543.0
093520,20250709,1.29,-6.729608226660899,1.4176344917643597e-08,1245.0
093520,20250711,1.84,35.894848331946896,4.903339453692844e-08,6958.0
093520,20250722,1.31,-41.28620249992427,7.258784529224038e-08,4047.0
093520,20260224,1.47,34.22007719536315,1.2447417416432358e-08,158.0
093520,20260226,2.17,88.46542426935109,1.0842769196038585e-08,158.0
093640,20210827,2.17,-13.716692665823826,3.2748249676422936e-08,242.0
093640,20210830,1.99,-18.476665187258888,2.510366526803852e-09,242.0
093640,20230116,4.11,15.84250200201942,2.2598865416293623e-07,1783.0
093640,20230131,3.94,19.655469266258052,1.5233901601562565e-08,1367.0
093640,20230201,4.44,37.74720310444171,4.51809445443533e-09,1294.0
093640,20230202,6.66,108.34933946385061,7.791122520071545e-09,1294.0
093640,20260316,0.1,0.0,1.1123460611972626e-07,201.0
093920,20191114,0.85,-4.689864737041239,,
093920,20191120,1.05,22.753520160636565,,
093920,20191217,1.37,21.310199879493496,,
093920,20200526,1.14,60.62911693793704,,
093920,20200527,2.2,204.26827461554416,,
093920,20210106,1.87,14.683024168668691,,
094170,20200203,4.27,17.084630410123914,,
094170,20200204,4.16,16.854320300542636,,
094170,20201014,2.25,-4.187611883016329,,
094170,20201104,2.38,13.081568733234427,,
094170,20201202,2.36,-7.182996025877775,,
094170,20201216,2.43,0.8832617576201907,,
094170,20201224,2.45,0.24245870705921213,,
094170,20201228,2.48,-3.3251632375278617,,
094170,20220829,3.28,2.2149473761031713,3.203553300416421e-07,2455.0
094170,20230622,1.72,-13.125153553751401,2.3632570067696196e-08,5176.0
094170,20230626,1.79,0.40229690618915903,2.6168576127971096e-08,5511.0
094170,20230627,1.85,2.2411768454206893,9.514478725008897e-08,3500.0
094170,20230712,1.58,-8.853367769571175,1.3332868421430276e-08,2674.0
094170,20230717,1.51,-5.493654844068441,2.013651640075909e-08,3198.0
094170,20230718,1.46,-8.13890377454416,1.446202214726779e-08,3198.0
094170,20250318,6.5,0.7448995075386655,3.3887417554642696e-07,3068.0
094170,20251126,6.34,5.445651889037939,8.967607753592603e-08,586.0
094170,20251127,6.52,8.114043250083736,1.3777499956008942e-07,1876.0
094170,20251128,6.7,9.986568815002105,2.1146930233789937e-07,4757.0
094170,20251205,7.69,14.87452894826995,1.846179448642408e-07,1562.0
094170,20260416,7.5,-1.1284591052414195,1.0189084952881177e-06,15831.0
094170,20260417,7.45,-2.1847486460540355,1.034146963116483e-06,18682.0
094170,20260420,7.51,-2.2022962212428387,1.9061799420121422e-06,19001.0
094170,20260422,7.48,-0.9744027940554179,7.872820020971378e-07,7266.0
094170,20260428,7.14,-6.5008061822735,2.759762284960343e-07,1775.0
094170,20260430,6.96,-5.592190035392708,7.138425378983779e-08,1491.0
094170,20260511,6.51,-6.425901958888113,5.524463500565217e-07,6207.0
094360,20201005,9.08,-3.225361149671291,,
094360,20211208,8.02,-4.402591852413618,1.3783482285556263e-08,4169.0
094360,20230327,6.37,2.072485572720284,1.291602830005095e-07,3076.0
094360,20230530,6.66,-3.452293896207448,2.4290460372333804e-09,277.0
094360,20230613,8.25,16.078292468547883,1.1333296379209431e-07,9881.0
094360,20230703,6.99,2.134594239291432,0.0,0.0
094360,20230704,6.96,4.084771436802437,0.0,0.0
094360,20230713,7.34,-2.301068003337081,5.882886176608999e-08,8389.0
094480,20200715,1.86,66.7853201134695,,
094480,20200727,2.47,-24.592396675764572,,
094480,20210217,4.01,31.948484075794113,,
094480,20210218,4.05,26.48822909597741,,
094480,20210331,5.19,-5.172707677202382,,
094480,20211101,6.04,34.7225178074744,3.5121558770480247e-10,56.0
094480,20211102,5.99,23.983952784965744,6.93604389867375e-09,970.0
094480,20211108,2.33,-61.215165472693066,1.2961765709330667e-08,2737.0
094480,20211109,2.23,-62.62566641683775,8.038933052040272e-09,1842.0
094480,20211110,2.14,-53.36217512207718,4.893446110207298e-09,1842.0
094480,20231201,5.75,24.931961015680205,6.1403529701409735e-09,1749.0
094480,20231204,5.45,13.208165018610728,1.409521020474058e-08,3132.0
094480,20231205,5.83,17.966073596447973,9.5729261568702e-09,3132.0
094480,20250609,7.28,-4.9224567728161635,5.64700834017521e-08,5143.0
094480,20250610,7.15,-4.663802433816833,3.9931681005760695e-08,5143.0
094820,20210413,1.8,4.099231727337482,,
094820,20210415,1.73,-1.9070508633976857,,
094820,20210419,3.17,77.76597641046972,,
094820,20210527,4.43,15.939267432897086,,
094820,20210604,8.79,82.71033120150904,,
094820,20210607,8.92,32.576877216026176,,
094820,20211015,9.89,5.706900528850434,2.0520129801942352e-08,8263.0
094820,20211104,10.33,-3.9537099598482173,2.5033947031303195e-08,12578.0
094820,20220311,11.05,4.787348314578499,2.84791985536635e-08,13526.0
094820,20251222,2.94,8.928090360944175,1.6708338677791614e-08,630.0
094820,20260120,4.51,-9.956681916782218,1.7061191546538934e-08,3423.0
094820,20260219,8.27,10.340218271900747,8.426101398712343e-08,8766.0
094820,20260427,6.29,-4.253247210993694,2.419752214617178e-07,8692.0
094820,20260504,5.73,-11.777082120718807,1.1310135968066544e-07,4092.0
094840,20200819,2.15,32.81201291635543,,
094840,20200820,2.97,84.25379127887749,,
094840,20210108,4.8,14.341182023654998,,
094840,20210408,6.23,12.209626431606235,,
094840,20230412,2.12,53.27437398642147,2.594044304452088e-09,112.0
094840,20260422,1.37,0.39995564262742533,1.3684926561822898e-07,1245.0
094840,20260423,1.56,18.506263658469013,4.402299802195865e-07,1425.0
094840,20260424,1.39,1.3219347914585011,5.659374581606644e-07,1433.0
094840,20260427,1.48,4.103863926010831,9.11246649142653e-07,1653.0
094840,20260507,0.92,-30.958163614907306,5.531289345080565e-07,685.0
094850,20201123,2.3,-6.498051104374191,,
094850,20201130,3.09,33.808562147206686,,
094850,20201201,3.14,26.01532216044753,,
094850,20201203,2.96,-1.1193967642288416,,
094850,20210520,2.57,-11.681919651043671,,
094850,20210527,2.32,-9.493290662296205,,
094850,20210531,2.79,16.686612330897077,,
094860,20191111,1.1,59.891571396737554,,
094860,20191115,1.14,11.494020484846178,,
094860,20191118,1.17,5.565885619727395,,
094860,20191120,1.4,14.380972441748852,,
094860,20191125,1.51,28.05182521273537,,
094860,20200604,1.08,-0.6115129910539197,,
094860,20200608,1.45,33.222105909887766,,
094860,20200611,2.13,95.8801877675996,,
094860,20200825,3.82,-6.787335960082618,,
094860,20200826,3.78,-5.1629204132904505,,
094860,20200827,3.58,-17.49288873766587,,
094860,20200828,3.46,-17.58870649331672,,
094860,20200831,3.4,-17.74287695678757,,
094860,20200904,3.23,-6.686194209253871,,
094860,20200908,2.9,-11.582285161825844,,
094860,20240205,0.88,-80.19715452772857,0.0,0.0
094860,20240208,0.95,-78.55320592776273,0.0,0.0
094860,20240213,0.95,-28.404342439577512,0.0,0.0
094860,20240219,0.81,-13.189355382755485,1.2355488282969648e-07,518.0
094940,20250612,3.59,-6.191754906201085,4.7233662318054656e-09,208.0
094940,20260119,5.75,16.486127155031504,4.077782462396502e-08,1079.0
094970,20190905,5.7,19.871663971075538,,
094970,20190916,5.05,-11.298696955382114,,
094970,20190920,5.12,-4.12738506715341,,
094970,20190923,5.15,1.7648805385954924,,
094970,20190924,5.38,8.833488897089147,,
094970,20210303,4.66,-8.55452234147116,,
094970,20210322,7.71,9.117230941335187,,
094970,20210714,6.96,-3.18301814919536,,
094970,20240119,4.78,3.9359818452886053,2.0884245651339651e-07,334.0
094970,20240214,4.94,-3.9770605494798605,5.927588830000967e-08,611.0
094970,20240304,4.94,-2.4064256157705133,7.214425595902206e-09,82.0
094970,20240306,5.74,13.880640961513224,2.5086548014683997e-08,490.0
094970,20260406,1.63,1.6511084532753628,2.4015475807428293e-08,27.0
094970,20260410,1.73,7.310266415152844,8.21646804979041e-08,127.0
094970,20260413,1.89,16.010491038904263,6.45608798398593e-08,127.0
095190,20200911,2.09,6.709176717357113,,
095190,20200914,2.15,4.062239193920969,,
095190,20240626,0.17,10.83889042914885,1.5049096743765282e-07,2879.0
095270,20190715,3.32,-2.9493204349432034,,
095270,20190716,3.38,-0.8168816783945765,,
095270,20210614,0.09,-40.11010966567509,,
095270,20230510,0.17,-27.561492099690497,3.723038995660102e-07,508.0
095270,20230523,0.15,-3.2308451167379126,1.5521784236693233e-07,609.0
095270,20230616,0.3,12.75676200650706,1.8527779233479532e-07,281.0
095270,20230619,0.31,15.407840506086457,2.0390035141866948e-07,597.0
095270,20230620,0.31,9.766022380467954,3.618937615576057e-07,541.0
095270,20240715,0.07,28.099349749493662,2.249875518664175e-08,363.0
095270,20250910,0.02,-35.376775787523165,9.967991822858225e-08,313.0
095270,20250918,0.0,-71.58900836320191,1.3697038343396947e-07,156.0
095270,20250922,0.04,68.72173292073316,1.6687091009480366e-07,449.0
095270,20260410,0.82,134.29191005528747,8.555020533936493e-08,1692.0
095270,20260413,0.83,1.2939592798250077,2.35725848177598e-08,1692.0
095270,20260415,0.19,-75.341437917313,1.0362904742652292e-07,3114.0
095340,20200116,2.17,-27.103625045770784,,
095340,20200117,2.04,-27.30616510971975,,
095340,20200214,2.31,-8.698651369715726,,
095340,20200521,4.16,31.61464430285863,,
095340,20200522,4.09,31.438570071011096,,
095340,20200525,4.3,39.702219617610425,,
095340,20200715,6.07,-6.967133369078294,,
095340,20200721,6.6,9.252923925362499,,
095340,20201211,5.35,-8.560372806197025,,
095340,20201216,5.73,-2.708802801310184,,
095340,20210809,6.59,-0.25747719807124314,1.735257911087793e-07,3934.0
095340,20211203,5.42,-3.409402880788248,1.4839493328742723e-07,6075.0
095340,20211230,5.12,-4.59794684291942,9.653125139933005e-08,4641.0
095340,20220422,3.35,-5.220589548108334,1.7933977022186906e-07,4013.0
095340,20220602,3.32,0.33684487479963554,3.7944234667983537e-07,5638.0
095340,20230519,2.5,-2.879210992907799,9.037409165768212e-08,13961.0
095340,20230613,2.69,-7.43194701024742,6.604633559830557e-08,3204.0
095340,20230703,2.47,-12.80509774868326,7.929079793633122e-08,5293.0
095340,20230713,3.01,25.701691730224407,1.2970119393994157e-08,1616.0
095340,20230714,4.25,73.60503179947624,0.0,0.0
095340,20251118,2.01,20.270399147288988,4.1253985654104073e-07,33220.0
095340,20251125,1.42,-29.107039573110438,9.381217354457283e-09,1418.0
095340,20260102,1.02,-4.524347772957782,2.6240634841722733e-09,95.0
095340,20260128,1.37,-4.89048087187024,4.345660450747903e-08,2629.0
095340,20260129,1.18,-18.00504000831341,3.023668359748599e-10,20.0
095340,20260130,1.1,-24.565795650133005,3.400729416841415e-10,20.0
095340,20260206,1.06,-4.245033420960165,3.6713752628922513e-07,28118.0
095340,20260209,1.01,0.1051921152458668,3.9118696180979233e-07,24494.0
095340,20260219,0.85,-15.944502048160835,7.430286169418929e-07,35588.0
095340,20260305,0.86,-0.4164413196322325,1.4719811599752112e-07,12711.0
095340,20260316,0.95,27.834578045665314,5.1463194243008324e-08,6151.0
095340,20260318,1.08,55.26975440018917,8.497580108686533e-08,6227.0
095340,20260319,1.09,39.92630168453293,7.626173522305186e-08,6227.0
095340,20260409,1.42,22.7593650587548,6.462999903111348e-08,10323.0
095500,20210122,2.23,-5.9140471094879965,,
095500,20211213,4.69,2.808816061828101,1.5439416344811016e-08,1797.0
095500,20211217,6.05,27.45677852486064,4.895961183701439e-08,5737.0
095500,20211220,6.62,41.013345500507945,6.178916199093127e-07,7315.0
095500,20211221,6.57,43.680309068546876,8.473930392967331e-07,7042.0
095500,20211228,6.44,-1.8500667072822718,5.7357566133660764e-08,5391.0
095500,20211230,6.86,9.822004103150416,7.956997501024323e-08,5804.0
095500,20220107,6.55,-4.557463607398759,4.632206437290902e-09,515.0
095500,20220824,8.81,-5.756508075052336,2.3154837787128533e-08,6347.0
095500,20220907,9.39,7.315101443097216,1.548822823469526e-09,544.0
095500,20220908,9.35,-0.4158873997821888,5.258801866191862e-09,1309.0
095500,20220914,9.01,-3.8775436564734256,4.6785748374706966e-08,6360.0
095500,20220915,9.16,-1.5768168744737632,2.4010639599149483e-08,6360.0
095500,20221103,9.85,7.7584964232356946,6.237687895611783e-08,32128.0
095500,20221104,9.93,6.497685824813493,1.0769604421372128e-07,31201.0
095500,20221109,9.78,2.2947060840325717,4.876027034792541e-08,28615.0
095500,20230308,11.23,7.249775121305202,4.352319024603663e-08,29759.0
095500,20230324,11.07,-1.4151997688579776,2.634865206769628e-08,14966.0
095500,20230403,7.66,-29.865540444416638,2.352150593078765e-08,13236.0
095610,20191014,3.0,-11.00740567648698,,
095610,20191015,3.02,-9.014717999845212,,
095610,20191213,2.66,3.0715132697798575,,
095610,20191217,2.51,2.7294962154652103,,
095610,20200116,2.61,-6.181902941250872,,
095610,20200117,2.68,-3.417610304929186,,
095610,20201116,4.04,-6.603308587482271,,
095610,20210215,5.25,9.903147111370792,,
095610,20210318,5.53,-0.31037578322313797,,
095610,20210420,4.78,0.015314291508072841,,
095610,20210421,4.96,3.7617793089472107,,
095610,20230717,2.73,2.867367190731529,2.3712793767738896e-07,8466.0
095610,20240402,2.51,-2.628010425035765,1.8722005206236755e-08,3719.0
095610,20240415,3.65,15.16493413295612,9.207064096910694e-09,1472.0
095610,20240416,3.56,13.331933318691958,8.74656819342866e-09,1472.0
095610,20250716,2.25,5.378520399126163,3.248298420420466e-07,3096.0
095610,20250819,2.12,-5.515917252269331,5.237165973600247e-07,7820.0
095610,20250909,1.85,-3.5421160659424022,1.1208919780653917e-07,1671.0
095610,20250910,1.87,-0.8298810494942854,9.59208512098345e-08,1310.0
095610,20250911,2.1,13.585650742743693,5.217962254712917e-08,1310.0
095610,20250912,2.11,13.586817794239847,2.1824088610489538e-07,9456.0
095610,20250915,2.11,15.243042793744133,2.226261546053743e-07,8391.0
095610,20250918,2.38,13.368163516183795,7.186485772651258e-07,13633.0
095610,20250924,2.55,2.065101840361838,3.2785385635794196e-07,6438.0
095610,20251010,2.04,-8.539505006783676,8.899344490819457e-08,2091.0
095610,20251020,1.88,-9.041029895886311,3.4970093931199326e-09,75.0
095610,20260102,1.79,13.116060514660365,1.408649662293624e-07,6504.0
095610,20260105,1.88,12.821408355713992,1.403697082583954e-07,6504.0
095610,20260106,2.16,33.026599435056234,1.367708226248936e-07,6504.0
095610,20260128,2.67,9.92305552210544,1.1154687073221175e-09,126.0
095610,20260129,2.75,16.1419614247309,0.0,0.0
095610,20260410,2.93,1.6174466314061497,2.2604729056630596e-07,21851.0
095610,20260415,2.7,-3.1204148771072027,3.838035606906118e-07,21962.0
095610,20260511,1.52,-14.882502786636753,7.333920318585499e-08,6705.0
095610,20260513,1.36,-15.808977632130471,5.7728018701925614e-08,4849.0
095660,20200113,1.62,-12.363087643537153,,
095660,20200512,2.84,13.124842389046432,,
095660,20200514,3.5,32.87824919561781,,
095660,20200515,3.27,11.65333730576219,,
095660,20200709,2.82,1.3807451313277985,,
095660,20200803,2.88,17.992352705858284,,
095660,20200807,2.92,7.728762356424346,,
095660,20210809,4.94,3.818697326178766,0.0,0.0
095660,20210811,5.45,17.17832296076065,6.8259133987310875e-09,3186.0
095660,20230125,2.86,-16.91107328784034,1.202767646864062e-07,6220.0
095660,20230530,3.51,-0.34556974704448296,1.0059910250597825e-07,2367.0
095660,20230531,3.51,-0.33710320010281736,1.8885891005335426e-07,3617.0
095660,20250515,2.15,3.6852170251587824,6.092283312598709e-07,2127.0
095660,20250605,2.26,0.8670291465486368,4.982057500658032e-07,2002.0
095660,20250807,2.18,-0.7057439311614844,6.931558532306091e-07,3329.0
095660,20250915,2.0,-11.447529887783537,8.784603476810139e-07,8609.0
095660,20260126,1.8,2.1311614752768326,1.5582429806465914e-07,1771.0
095660,20260127,1.77,-0.23854401315822615,1.7810458869150055e-07,1771.0
095700,20200611,2.45,4.664325685057813,,
095700,20200619,2.7,10.423603008628547,,
095700,20200727,3.3,1.2698204674553182,,
095700,20200728,3.28,0.7443674866650651,,
095700,20200827,4.33,9.228566560134976,,
095910,20200623,2.68,-8.067211407309216,,
095910,20200810,3.13,-4.02238365377211,,
095910,20200904,2.96,0.2528139341087643,,
095910,20200907,2.84,-4.358514617097875,,
095910,20200909,3.15,12.099348710723113,,
095910,20220607,3.27,5.552124127538738,4.091273325239215e-09,791.0
095910,20220830,6.64,5.505500862904378,1.000019377991071e-07,4110.0
095910,20260430,0.0,,1.3587173702121385e-07,5818.0
096040,20190723,,,,
096040,20190724,,,,
096040,20201215,,,,
096040,20210209,,,,
096040,20210210,,,,
096040,20210217,,,,
096040,20230418,,,,
096040,20230419,,,,
096240,20200715,4.09,9.822517037456201,,
096240,20200827,4.65,15.841577743655533,,
096240,20210518,4.35,-1.602407088209501,,
096240,20210601,4.41,0.22930082936019058,,
096240,20210618,3.86,-7.438614232089879,,
096240,20211103,3.19,10.752423920653985,1.1916335075583288e-07,2803.0
096350,20210607,1.32,8.398234638148017,,
096350,20230607,0.01,192.68024215740232,5.0371589124674496e-08,439.0
096350,20230614,0.07,481.91519368183526,5.3387765978034344e-08,1601.0
096350,20230621,0.04,-44.94163266954801,4.7767452896197405e-09,221.0
096350,20250625,0.05,-17.486858036138486,2.9529612231404454e-08,801.0
096350,20251027,0.26,-46.53068568437582,2.92870453045219e-09,41.0
096350,20251029,0.11,-76.13244787577423,4.129561253189014e-09,116.0
096350,20260319,0.04,355.21763392857144,6.354633265966598e-08,2729.0
096530,20191224,1.16,11.18051669043707,,
096530,20191227,1.13,9.802992051330106,,
096530,20200103,1.09,-6.652052481163939,,
096530,20200107,1.0,-11.765178365244633,,
096530,20200110,1.03,-4.915164018550156,,
096530,20200113,0.98,-4.335093597360706,,
096530,20200302,4.4,22.927951782117795,,
096530,20200306,5.87,43.765419905933925,,
096530,20200309,5.53,25.730874766005883,,
096530,20200325,5.19,219.09727582770765,,
096530,20200326,5.27,39.961190677286254,,
096530,20200327,5.42,35.28316664372411,,
096530,20200708,7.37,6.282560342697097,,
096530,20200709,7.73,12.238572435622764,,
096530,20200710,7.78,12.271203833563238,,
096530,20200723,5.9,-23.991303122026476,,
096530,20200729,7.08,15.017217156211625,,
096530,20200731,7.25,6.6174380688722945,,
096530,20200803,7.28,6.195626955819966,,
096530,20200806,7.94,10.117344071182233,,
096530,20240129,2.58,5.912043367462805,1.4865230632688112e-08,3950.0
096530,20240819,2.95,19.339806484625033,1.2961694051175964e-08,6830.0
096610,20201013,4.9,-7.819893167733438,,
096610,20220104,1.35,34.727403563921456,3.684180642548934e-08,1869.0
096610,20220105,1.07,7.930448724066186,3.2455589486726824e-08,2690.0
096610,20230330,0.0,16880.0,1.463529125451307e-07,1218.0
096610,20230331,0.0,14780.000000000002,1.7283810020269426e-08,651.0
096610,20230403,0.0,,2.9640803045339097e-08,888.0
096610,20230410,0.0,-100.0,3.3160040774038685e-08,1231.0
096610,20230417,0.0,,1.1005402501213816e-08,424.0
096610,20230418,0.0,,4.008270275403401e-09,424.0
096610,20230421,0.0,,1.5758471828494677e-08,1003.0
096630,20200205,8.53,36.5375218030394,,
096630,20200206,8.85,42.05403645193802,,
096630,20200218,11.1,-0.40962983756536175,,
096630,20200219,11.07,-3.602173885490112,,
096630,20230320,0.58,73.09463185530151,4.166536421547005e-08,1262.0
096630,20260212,1.63,22.613819619489917,5.0625309779657446e-08,213.0
096630,20260506,3.27,-56.51115425803417,0.0,0.0
096640,20201202,,,,
096640,20210803,,,,
096640,20210818,,,,
096640,20210819,,,,
096640,20210823,,,,
096640,20210826,,,,
096640,20210830,,,,
096690,20200529,0.0,-80.10279001468429,,
096690,20210618,2.18,6.322885400777434,,
096690,20230405,0.0,-85.2804083268302,4.83658787132347e-07,527.0
096690,20240503,0.27,-27.712790518700935,0.0,0.0
096690,20250710,0.18,-0.6355979287508084,0.0,0.0
096870,20201120,1.11,32.706433412582946,,
096870,20210218,0.61,-16.934745391567464,,
096870,20210507,1.13,-5.758647309310949,,
096870,20210604,1.35,-1.535006834306052,,
096870,20210715,2.06,6.762762298566294,3.7854423873018596e-08,198.0
097520,20191206,5.3,-11.841389184256135,,
097520,20191211,4.25,-21.724057026074185,,
097520,20191212,4.07,-24.338833458854868,,
097520,20200214,5.42,9.831596465506998,,
097520,20200217,5.59,12.147633554588634,,
097520,20210111,4.69,-3.5775389540990687,,
097520,20210115,5.91,27.879201769547812,,
097520,20210118,5.8,23.470543043144243,,
097520,20210203,4.45,-17.88582069918959,,
097780,20191230,7.44,49.88030780276074,,
097780,20200102,7.54,32.05459605469028,,
097780,20200407,3.42,-44.84517426398868,,
097780,20200408,3.28,-47.05847687528981,,
097780,20200827,7.97,1.4265972289029039,,
097780,20220223,6.69,-72.900979785185,3.073490056944717e-08,273.0
097780,20250526,0.0,0.0,4.610146141205671e-08,366.0
097800,20191023,2.45,18.9448422571882,,
097800,20191024,2.52,16.91653733060281,,
097800,20191025,2.76,24.6588623351661,,
097800,20210122,6.72,23.328195501670514,,
097800,20210308,7.87,-3.3037224112269836,,
097870,20200806,2.02,5.075566289750055,,
097870,20200810,3.51,82.49854628921194,,
097870,20210503,2.15,-1.0830617134716225,,
097870,20210504,2.19,0.5019144914345963,,
097870,20220307,5.13,182.21770460387035,5.373495663721677e-09,1295.0
097870,20220322,10.26,8.090273817022187,8.508890676432109e-09,2328.0
098120,20191230,0.45,-2.636267396524572,,
098120,20200117,0.64,-1.500776894250988,,
098120,20201007,1.44,-10.265691524870569,,
098120,20210603,1.36,-0.6131825564327675,,
098120,20210715,2.13,0.6686491031073771,9.596911671617761e-08,191.0
098120,20210805,2.07,-7.817313534660119,5.64288818830574e-08,1041.0
098120,20210809,2.57,19.218815903389785,2.789522432399681e-07,1600.0
098120,20211119,2.19,-7.427694451315858,1.6672931243724704e-07,1084.0
098120,20211203,3.04,-8.756334694551892,1.3028731274969772e-07,1382.0
098120,20211206,2.89,-8.289717919849071,5.167383677561678e-08,615.0
098120,20220112,4.95,0.5291547429976617,1.0190126594354837e-07,1035.0
098120,20220113,4.9,-11.311740749765043,1.3644002030464788e-07,1035.0
098120,20230615,4.55,1.7673756579654087,1.9357260340105165e-07,652.0
098120,20230703,4.18,-8.38009373095433,2.4303047494717596e-07,751.0
098120,20230713,4.06,-5.178248717574563,2.0264086694313883e-07,903.0
098120,20231116,4.56,-11.309751880753238,0.0,0.0
098120,20250421,3.75,5.939852681082325,5.837939872741038e-07,1293.0
098120,20250423,3.66,0.8482613451237464,1.523399525899057e-07,593.0
098120,20250516,2.98,2.00789548121032,6.204016266057996e-08,182.0
098120,20250519,2.98,0.7057996030382485,3.021680155488416e-08,2037.0
098120,20250623,4.45,10.50928367735533,7.030889060739192e-08,999.0
098120,20250624,5.23,32.79331467481374,1.3223184870610365e-07,2497.0
098120,20250731,5.22,-3.594013817675812,1.702499543432185e-07,1000.0
098120,20251002,2.95,-14.909643769956983,3.800666037104346e-07,3208.0
098120,20260219,4.02,7.2379023860406955,9.899307508938543e-08,3314.0
098120,20260414,2.76,-3.246283106868042,3.080284005627404e-07,4027.0
098120,20260415,2.82,-1.1443591630743377,4.1466938754724966e-07,3065.0
098120,20260417,3.14,13.26277243029197,5.152102978371424e-07,3540.0
098460,20191213,0.11,-14.76659948798954,,
098460,20200603,0.69,25.792411151920746,,
098460,20210119,0.08,-10.66462736373749,,
098460,20210120,0.11,13.622058018609739,,
098460,20240125,3.21,-1.4148564606090819,1.2966711501388152e-08,7206.0
098460,20251128,7.75,1.6254889873293044,5.701839032275676e-08,55776.0
098460,20251201,7.83,3.112196074228324,4.8925684110134476e-08,54075.0
098460,20251203,7.42,1.1867648910841355,2.1474622068652236e-07,96999.0
098460,20260424,5.63,9.668534816975004,8.973611130559739e-08,109554.0
098460,20260427,5.47,7.301503546018373,1.532590886989504e-07,109554.0
098660,20210507,0.43,62.96556776556776,,
098660,20210528,1.26,29.83007716302741,,
098660,20240821,0.35,93.59171800136892,2.741601559083362e-08,62.0
098660,20240822,0.37,104.68352794174676,1.7676686147262365e-08,79.0
098660,20240823,0.46,151.30331249734238,1.3822451577723505e-07,207.0
099190,20190829,0.33,-14.203849271428304,,
099190,20190830,0.32,-14.035253980288099,,
099190,20210902,2.91,13.117471450358442,8.617511417462655e-08,1019.0
099190,20220812,2.08,-2.4256470986296685,5.4392658491590764e-08,116.0
099190,20260212,2.9,4.792030562708649,4.941399534104233e-09,278.0
099190,20260213,2.92,1.8105674160841412,4.1073564361351774e-08,2143.0
099220,20191104,6.81,14.054445857241626,,
099220,20191119,7.37,90.5496180728306,,
099220,20191120,8.23,159.28979471693174,,
099220,20200909,8.95,0.6422623445209164,,
099220,20200910,9.63,12.053516392024743,,
099220,20201013,5.55,24.2611079170141,,
099320,20200221,3.56,-4.05349984297353,,
099320,20200811,6.66,12.200121698128497,,
099320,20201229,2.57,-12.34562138849733,,
099320,20201230,2.77,-5.3892271750654475,,
099320,20210106,3.4,32.86214540431136,,
099320,20210107,3.39,31.362222837547126,,
099320,20210112,4.17,6.9277161394686315,,
099320,20210120,6.4,56.42102929915771,,
099320,20210121,6.08,23.916241965169817,,
099320,20210125,5.69,-2.0469032723488323,,
099320,20210210,3.01,-6.25520306356383,,
099320,20240424,3.36,-3.6244605369029292,4.503997360924673e-08,4485.0
099320,20240429,3.85,16.88417731154075,4.95171998414923e-07,5642.0
099320,20240430,3.65,10.315708454169359,9.343277401246118e-08,5642.0
099320,20250917,1.88,-0.7395455156649189,2.147900138381696e-07,4905.0
099320,20250919,1.93,1.920058946240255,7.115719328327888e-08,2113.0
099320,20250924,1.86,-0.7595696094747861,2.4476875302294206e-07,5551.0
099320,20260102,2.12,-6.985477517888716,1.0877396614477911e-07,11367.0
099320,20260105,2.25,19.811594623624696,1.6428805286884963e-07,14359.0
099320,20260108,3.18,43.56395041274865,3.013925403382364e-07,19260.0
099320,20260112,3.22,42.90006420895776,1.8483606765160265e-07,14377.0
099320,20260120,1.84,-33.496501209862004,2.152788074501957e-07,14935.0
099320,20260121,1.81,-22.7213208745913,2.611774427639457e-07,18327.0
099320,20260129,1.44,-17.855447547107506,1.7239268853731898e-07,19767.0
099320,20260130,1.41,-15.283723720448283,2.0727145334450268e-07,18577.0
099320,20260203,1.32,-16.884151581199745,2.160946962851017e-07,18315.0
099410,20200110,1.23,-11.000956836062093,,
099410,20200113,1.24,-10.273528786913111,,
099410,20200117,1.49,21.404808123040176,,
099410,20200512,0.77,128.7566177912373,,
099410,20200527,1.04,54.95897933168452,,
099410,20200528,0.9,35.771785510051465,,
099410,20200529,1.32,99.54629157145077,,
099410,20200605,1.01,-23.511393516897094,,
099410,20241107,0.77,12.05141609520588,2.0259690485364316e-08,48.0
099410,20241216,0.46,-4.450796826984926,2.2757648049844508e-07,734.0
099410,20250318,0.43,49.58480457810788,1.0308052094288692e-07,115.0
099410,20250526,0.99,72.74176211127173,4.150035896812503e-07,499.0
099410,20250829,2.78,51.637367494591224,8.441746941823536e-09,820.0
099410,20250909,5.02,47.792048981066905,1.713716706731313e-08,1866.0
099410,20250911,4.43,24.100080001755654,5.416019917924337e-08,3266.0
099430,20250411,7.53,-4.569591239284854,2.89000933384832e-07,7505.0
099440,20220110,0.32,0.5885666556593616,1.4084971656713828e-08,746.0
099440,20220610,0.36,31.184221970948943,4.1447611848895725e-09,249.0
099440,20220613,0.32,4.680474314591532,3.653890185917878e-09,249.0
099440,20230829,2.9,-10.687746134103149,9.511973904719183e-08,3874.0
099440,20230901,2.82,-2.8690181292062134,2.9791952918898463e-08,3594.0
099440,20230904,2.81,3.7821228210591196,2.221682788842688e-08,2873.0
099440,20230906,3.08,12.005929312062523,2.314250502107217e-08,2783.0
099440,20230911,1.74,-37.767804853322275,5.759810165163753e-08,8840.0
099440,20250716,3.28,68.32612996374183,1.0004440107436341e-09,229.0
099440,20251202,2.45,-50.07429160300087,1.0524169241258234e-07,7957.0
099440,20251203,2.36,-49.854392033578776,2.872033481383799e-08,7957.0
099440,20251204,2.93,-1.9956061303176065,4.340099293311329e-08,11984.0
099520,20190627,0.58,1.0468573342824916,,
099520,20200512,0.42,8.027441609496645,,
099520,20200514,0.41,-8.043537414965984,,
099520,20200904,0.14,-8.87193363793639,,
099520,20201007,0.12,17.271748083380857,,
099520,20201008,0.13,21.254492193398367,,
099520,20201013,0.14,5.992231818878735,,
099750,20200710,3.34,-1.9578906844367805,,
099750,20200713,3.37,2.0216811128693335,,
099750,20210520,3.79,-6.867373159667678,,
099750,20210527,3.42,-9.695299998350293,,
099750,20210528,3.48,-3.0037612314550377,,
099750,20210531,3.48,18.063758176160547,,
099750,20210602,3.35,-0.3649923147292511,,
099750,20210603,3.41,-0.4959810010960908,,
099750,20210714,4.21,3.445362012675246,,
099750,20210720,4.31,-0.12592908889580423,1.5441948932624864e-07,654.0
099750,20210726,4.47,3.6689114127425926,2.88339102138936e-07,1983.0
099750,20210810,4.27,2.8847567942621666,8.213212474762836e-08,834.0
099750,20210825,4.26,1.7401560989447784,3.4348549772084878e-09,444.0
100030,20210316,7.62,21.51475603898718,,
100030,20220913,2.28,16.71472421170124,1.3798159481730715e-07,159.0
100030,20220914,2.43,21.102495247865317,1.98415099865296e-07,200.0
100030,20230224,2.91,-7.831221031982616,1.4583216369453598e-07,1072.0
100030,20230227,3.44,9.77588460235248,1.9210105295611307e-07,975.0
100030,20230302,2.61,-14.625769307127257,5.494862549586695e-07,1284.0
100030,20251105,2.05,1.7197873171317823,3.912968676501307e-07,541.0
100090,20200713,0.75,58.69170412234508,,
100090,20200715,0.75,46.290218811128355,,
100090,20200716,0.59,23.111769863471253,,
100090,20200721,0.69,1.9001567444474121,,
100090,20200724,0.85,64.87633025733545,,
100090,20200731,0.68,-15.110570560357262,,
100090,20200807,0.45,-33.43755851779594,,
100090,20200810,0.43,-34.44933330355347,,
100090,20200811,0.43,-12.395399053731538,,
100090,20200828,0.59,176.01572036001235,,
100090,20200831,0.79,266.43461698389063,,
100090,20200904,0.99,65.19064234271885,,
100090,20200907,1.08,36.32699825761014,,
100090,20211116,4.14,-3.1141563422639296,3.526646903339217e-07,41872.0
100090,20220805,2.25,-6.49383107247179,9.505080634237528e-07,29450.0
100090,20220818,2.18,-4.434455908026102,4.5373162853275736e-07,17500.0
100120,20200107,3.99,39.92859892898393,,
100120,20200113,3.42,-14.366774115299297,,
100120,20200514,2.8,22.740288626571868,,
100120,20210805,1.38,25.946681175190434,1.2378583100127745e-07,2756.0
100120,20210809,1.71,36.53448152817755,3.2528039187613075e-07,6840.0
100120,20260129,1.25,0.2786562954098626,4.6325784246848547e-08,1484.0
100130,20200521,3.28,21.642740017240158,,
100130,20200527,4.26,30.947211661552522,,
100130,20200626,4.37,21.835892177498238,,
100130,20200709,6.65,3.63369772999782,,
100130,20200713,6.45,0.828743107139851,,
100130,20200721,6.18,-6.306644166914566,,
100130,20200904,6.88,8.650455316181516,,
100130,20200907,7.19,12.62182417497062,,
100590,20230913,3.88,27.43936848523374,1.5677939373400219e-09,183.0
100590,20260312,2.46,2.8497477401723703,1.076930994618281e-08,491.0
100590,20260324,3.81,10.402197621676867,9.53394864946664e-09,262.0
100590,20260325,3.88,14.134605394012256,1.2993115188408046e-08,1005.0
100590,20260408,1.79,-46.58453512483932,2.2155555133376713e-08,813.0
100590,20260409,2.3,-16.786388381036076,4.6121399683140565e-10,108.0
100590,20260413,2.84,27.446721600112678,9.72121691164567e-09,1365.0
100660,20220603,7.25,7.239598786461565,1.1569098841245974e-08,1665.0
100660,20220607,6.35,-7.828597910947921,7.564989281032428e-09,1434.0
100660,20251209,3.25,-0.16782639318979609,1.3188100387267053e-09,59.0
100660,20251210,3.16,-4.123493694087054,5.384156885053503e-10,29.0
100700,20201110,3.65,-3.180843912894593,,
100700,20201130,4.92,-29.289976988007748,,
100700,20201208,6.16,39.65451560951436,,
100790,20210114,4.67,4.761612294547768,,
100790,20210312,6.3,1.6525413667833888,,
100790,20210315,6.25,1.2570331956676117,,
100790,20210407,4.48,8.176198449249883,,
100790,20250619,3.17,-2.9779452281243124,1.2155260861021213e-07,2726.0
100790,20250620,3.24,4.66605772212747,2.1280901928295832e-07,1495.0
100790,20250925,2.48,-1.8868959993473822,5.351085824692812e-07,2296.0
100790,20251027,2.32,1.419858071402369,3.2467936649548097e-07,2937.0
100790,20251103,2.31,-0.8451616750446811,0.0,0.0
100790,20251128,3.0,2.7715432792676964,2.8792585149764943e-07,3423.0
100790,20251208,3.4,11.616204601410129,7.496546984431211e-08,829.0
100790,20251218,3.86,13.810865525943594,0.0,0.0
100790,20251219,3.77,8.775771101697671,8.466053571054509e-09,2602.0
100790,20251222,3.31,-4.625591292293918,9.166911993477264e-09,2602.0
100790,20260204,3.05,88.6957652967591,9.339100041555372e-09,1966.0
100790,20260326,2.42,-2.147848223660853,2.4811385352928695e-08,16769.0
100790,20260327,2.28,-11.913930847340204,2.3582390794825924e-08,16769.0
100790,20260414,2.71,9.126942199655264,5.599801677775248e-08,13001.0
100790,20260415,2.97,18.08836109481988,4.8715609377659985e-08,23058.0
100790,20260417,1.73,-33.91059280576365,3.690782324468736e-08,37014.0
100790,20260422,1.36,-53.930766578408765,6.243602296266113e-08,47615.0
101000,20190906,0.0,0.0,,
101000,20230421,0.0,,0.0,0.0
101000,20230424,0.0,,0.0,0.0
101000,20230425,0.0,,0.0,0.0
101000,20240314,0.0,,5.535350174483836e-08,408.0
101000,20240315,0.19,,8.3483611580695e-08,467.0
101000,20240318,0.38,,1.431393105822988e-07,516.0
101000,20240320,0.38,,2.482380521927605e-07,472.0
101000,20240321,0.38,,8.590075271954418e-08,242.0
101160,20191227,5.35,-6.682098846804852,,
101160,20200110,5.02,-8.017351206980328,,
101160,20200120,5.52,6.078162930359632,,
101160,20200518,4.97,95.8660488265328,,
101160,20200519,4.31,49.932295691984365,,
101160,20200521,5.6,6.319600674109105,,
101160,20200701,4.19,8.55080067342704,,
101160,20200702,4.26,7.732725623111736,,
101160,20200715,6.45,9.074050940100232,,
101160,20200729,6.09,-2.5349594534193165,,
101160,20200730,6.14,-2.521199622093695,,
101160,20200903,4.65,-1.6156847693980736,,
101160,20201216,5.34,5.804121083911351,,
101160,20201217,5.35,5.312752603299886,,
101160,20210225,3.89,-2.1538414759294855,,
101160,20210305,3.99,2.5491463482849364,,
101160,20210322,4.01,-3.5934582083639866,,
101160,20210324,3.71,-8.96502990960455,,
101160,20210402,3.69,0.09208057869858344,,
101160,20210405,3.84,3.1965294730054827,,
101160,20210406,4.02,10.741887809978845,,
101160,20210412,4.15,8.026535301709202,,
101160,20210426,4.29,1.642758942328193,,
101160,20230717,2.38,2.1667059796315558,3.7358847721230805e-08,520.0
101160,20230915,2.37,0.6923009986537831,1.6951176674306536e-07,5281.0
101160,20260225,2.96,-3.94060301920941,1.5216430262621995e-07,2379.0
101160,20260427,3.49,-3.448166317218593,2.3454595462967768e-07,1452.0
101170,20200907,2.8,24.138970532820856,,
101170,20201013,5.13,3.31076299656603,,
101170,20210721,6.28,8.936561831481837,5.377295694742417e-09,685.0
101170,20210722,6.17,7.697706703065754,2.2048382281191585e-08,1535.0
101170,20220602,7.1,5.12669390795657,6.072893923506526e-09,899.0
101170,20220603,6.57,1.7185912728180597,8.291193013860761e-09,2027.0
101170,20220617,6.29,61.92036909091947,7.188839046264878e-09,1809.0
101170,20240607,5.91,22.594597910946824,5.321652995776619e-09,865.0
101170,20251013,2.71,2.1260925753512128,5.030253801665263e-09,397.0
101170,20251201,5.7,0.2081082943049095,1.3222517715449782e-08,1970.0
101170,20251208,5.06,-11.175724336889292,1.731143021879618e-08,1628.0
101170,20251224,2.38,-16.66106454165137,6.512338519867945e-09,468.0
101170,20251226,2.32,-17.229506687533704,2.3409576537635587e-09,468.0
101170,20260109,3.65,41.21022624874489,1.4095141064879538e-08,3285.0
101170,20260112,3.66,54.7956208257675,3.8341439331967144e-08,7035.0
101240,20230503,4.49,-7.5281556504709695,5.073728638638423e-10,33.0
101330,20210330,8.23,-2.4438237782363537,,
101330,20230403,2.61,-8.946321203276863,1.0800626151108858e-07,2179.0
101330,20230418,3.59,8.007911584659343,2.1820505188494064e-09,105.0
101330,20260113,2.39,55.3060693908245,1.0529192290918495e-08,39.0
101330,20260114,2.05,34.40947569441506,1.1108512163605314e-08,300.0
101330,20260115,1.79,14.498113745531116,6.592180681000016e-07,4157.0
101330,20260116,2.61,51.35993854963166,2.0066176713859644e-08,4157.0
101360,20230306,6.18,1.9065692888760921,6.316352220558015e-08,2828.0
101360,20230315,7.95,5.8218582666134555,1.9350066866222345e-08,2093.0
101360,20230322,8.61,9.269271138680324,1.3992441896706784e-09,318.0
101360,20230329,9.32,11.163574567879596,2.572925649407968e-08,3921.0
101360,20240215,4.69,3.908056626864176,3.2377068910706936e-08,6082.0
101360,20240219,4.53,3.682101416208172,1.125214827649172e-07,11684.0
101360,20240220,3.79,-17.20986386797475,1.3479883728042284e-07,11684.0
101360,20240221,3.65,-21.320387040978495,6.618861801020298e-08,7649.0
101360,20240305,2.83,-11.840509399636145,1.6108709366866434e-07,26630.0
101390,20210215,0.37,-26.355375509862768,,
101390,20210408,0.31,-38.32198102998281,,
101390,20210419,0.6,-26.518546530004063,,
101390,20210420,0.52,-36.74331510328337,,
101390,20211228,0.34,-89.18947581983842,0.0,0.0
101390,20230224,0.18,-5.530150600573136,1.5731123432543308e-07,734.0
101390,20230227,0.2,8.427680956621298,2.9463419759041565e-07,608.0
101390,20230321,0.67,65.96804880258509,4.656401915641991e-08,742.0
101390,20230330,0.91,2.3907869901797163,1.532960615166173e-07,2212.0
101390,20230424,0.99,-15.49658690660488,5.4787582491962135e-08,364.0
101390,20230427,1.31,16.623254388652974,2.1314947298234605e-07,1031.0
101390,20230616,1.71,41.05450613750556,2.557529738129894e-07,2499.0
101390,20230619,1.68,19.447729283974603,1.910209157151568e-07,4035.0
101400,20200609,0.0,0.0,,
101400,20260122,0.01,-84.25170777174114,2.355983922595587e-08,267.0
101490,20190716,7.84,-3.790257473948311,,
101490,20190823,10.58,-0.7213243988963391,,
101490,20191213,8.74,-4.34356483175975,,
101490,20191216,8.51,-7.072233343244616,,
101490,20191220,7.23,-17.308146494735798,,
101490,20200103,7.7,2.8406341327580353,,
101490,20200109,8.79,10.701654532324856,,
101490,20200203,9.12,-4.063667100573309,,
101490,20200204,8.91,-5.9855515088282685,,
101490,20200226,7.79,-6.137304071030403,,
101490,20200429,6.8,1.4084028819970174,,
101490,20200515,7.31,7.581562598260327,,
101490,20200522,7.37,0.8962842400526361,,
101490,20200622,6.86,-6.4943448063015214,,
101490,20200623,6.85,-6.488411970911445,,
101490,20200624,6.61,-7.0212747791911,,
101490,20200730,6.06,1.190585798621635,,
101490,20200805,6.14,0.8369456097544692,,
101490,20230303,3.03,5.650792313289044,2.6496420113940103e-07,6217.0
101490,20230316,2.89,-10.01291493392511,1.5408981048859925e-07,9775.0
101490,20230320,3.0,0.3433372190930317,2.3359027169808214e-07,6231.0
101490,20230322,3.13,9.959179939856156,2.68303894261586e-07,6231.0
101490,20230324,3.31,15.264035737027704,0.0,0.0
101490,20230411,4.07,-5.132943363242603,1.0885911183345124e-07,19791.0
101490,20230508,4.77,3.5130970413209894,6.935521379705123e-08,3513.0
101490,20230530,4.51,-0.13496890765920533,3.8088654319478806e-07,27915.0
101490,20230601,4.29,-6.658119969701759,9.932231927615077e-07,21683.0
101490,20230613,3.79,-14.895309546572477,2.0980296022804983e-07,6199.0
101490,20230615,4.08,2.044609233614203,2.2596398436250405e-07,7568.0
101490,20250703,2.7,-1.1212405040482598,2.7516635755160465e-07,10609.0
101490,20250715,2.72,6.172141558989863,1.7526032902066583e-07,3127.0
101490,20250728,2.76,-0.31563618263513726,1.8687096407648224e-07,6286.0
101490,20250814,2.96,2.0530529361217242,2.3512322419128788e-07,4862.0
101490,20251013,3.45,13.10796742366158,2.999450056757586e-07,9643.0
101490,20251022,3.67,-0.9478476300665228,4.246136656762863e-08,1289.0
101490,20260113,4.03,5.155529426975014,5.508367271810364e-08,7094.0
101490,20260127,5.26,-3.1533177904845777,3.113060241375022e-08,1758.0
101490,20260128,5.38,3.0333215686344728,9.854753258045082e-08,9378.0
101670,20210504,0.77,40.195795865037276,,
101670,20210602,0.97,2.7581513469848495,,
101670,20210608,0.83,-15.262785441179572,,
101670,20220826,3.73,12.547523674272586,4.4544449120766276e-07,1171.0
101670,20220829,3.79,15.312974696756076,6.003662536703505e-07,1012.0
101670,20220831,3.39,-6.502914989419883,3.2521729380711474e-07,1082.0
101670,20220901,3.49,-5.49354519505777,4.7589298280356496e-08,955.0
101670,20220902,3.65,-2.2119900413059446,1.0145010177597467e-08,321.0
101670,20220905,3.27,-13.71116650188684,1.3071421553701966e-07,326.0
101670,20220906,3.46,9.991883334674935,5.493340470613794e-09,326.0
101670,20220913,2.84,-22.014572902848762,1.0877054272611621e-10,5.0
101670,20220916,1.89,-44.400603494306544,1.6424216920557764e-08,1403.0
101670,20220919,1.41,-51.199869549856416,1.858298586979821e-08,1403.0
101670,20221005,0.61,-25.735344510694503,6.025275361692715e-09,914.0
101670,20221111,0.19,-0.0022401935527271988,3.599244836926271e-08,7284.0
101670,20221115,0.19,0.0,5.99692471618767e-08,7632.0
101670,20221121,0.51,160.55378825216184,2.2693120077905437e-08,5715.0
101670,20230308,0.63,7.454125819793878,5.773496875045482e-08,18432.0
101670,20230329,0.91,109.4147012378381,1.0439844207034138e-07,31172.0
101670,20230331,0.74,55.54824967586589,1.0968181868355014e-07,38275.0
101670,20230403,0.79,22.045342262721633,1.0666082011643828e-07,39067.0
101670,20230407,0.58,-21.725876840457016,1.0287948007685175e-08,2352.0
101680,20190830,0.0,,,
101680,20230328,0.0,,0.0,0.0
101680,20230329,0.0,,8.455313707351501e-10,32.0
101680,20230411,0.0,0.0,9.244328341056207e-09,107.0
101680,20230412,0.0,0.0,2.512266908270932e-08,699.0
101680,20241219,0.0,,1.1501369717887682e-09,16.0
101680,20260115,0.07,57.243902439024396,2.992018241337878e-08,102.0
101730,20210902,0.0,,9.70477836057023e-09,450.0
101730,20210903,0.0,,8.868768638885015e-09,450.0
101730,20210917,0.0,,1.3411804789822221e-08,525.0
101730,20211006,0.0,,4.302338669960699e-08,1682.0
101730,20211007,0.0,,2.618287047034195e-08,1121.0
101730,20211014,0.0,,1.9284186999640285e-08,2488.0
101730,20211101,0.0,,2.2042605150216073e-08,2437.0
101730,20211116,0.0,,1.1154661001988928e-08,1370.0
101730,20211122,0.0,,1.2501211451103082e-10,14.0
101730,20211129,0.0,,2.5108024038514208e-08,5404.0
101930,20201211,0.62,-35.95511750002729,,
101930,20201214,0.68,-13.749614678407251,,
101930,20210329,0.8,0.6199147617202527,,
101930,20210428,1.24,-0.3521637177574033,,
101930,20210503,1.65,24.05059232779212,,
101930,20220112,1.54,7.057600577996337,2.0720156573991935e-07,1095.0
101930,20220113,1.63,4.5470377326276346,5.614779200712737e-07,958.0
101930,20240614,0.04,12.761276127612753,3.852994102440174e-07,715.0
101930,20240617,0.03,3.1695721077654504,5.673062004014826e-07,700.0
101930,20240618,0.07,90.46487057580559,1.0495040883281831e-07,700.0
101930,20240620,0.14,252.29793977812994,4.4588622328657117e-08,505.0
101930,20240624,0.2,380.7475678443421,1.2794178535854811e-08,349.0
101930,20240625,0.18,138.10844543059213,8.841007543089472e-08,380.0
101930,20241126,0.23,-0.7322536181943451,2.2080188509970192e-07,918.0
101930,20241127,0.22,-5.688622754491012,3.713947120544378e-07,779.0
101930,20250121,0.3,0.992606097437454,6.596191319429637e-07,1894.0
101930,20250807,0.32,-10.262922019719156,4.2682712997466285e-07,2402.0
101930,20250829,0.26,5.275909603575757,1.1194655693177016e-07,2567.0
101930,20251027,0.4,58.42603353810394,5.634123742614724e-07,1492.0
102120,20200207,6.74,53.12589773287109,,
102120,20200211,7.41,75.29726503984509,,
102120,20200715,7.5,9.904812051382873,,
102120,20200803,9.3,8.94239117681568,,
102120,20200807,9.97,20.031610917129818,,
102120,20200810,9.64,3.6067383714597057,,
102120,20201204,5.33,-8.231370702207508,,
102120,20201208,5.56,-1.7453185413560446,,
102120,20201209,5.71,5.148296941392028,,
102120,20201217,3.63,-34.3057980146474,,
102120,20201229,4.64,20.577763127808126,,
102120,20210420,6.37,-2.9561230304857578,,
102120,20231219,8.74,26.524787844815734,8.501395230854617e-09,3015.0
102120,20231220,9.25,26.461747584745112,1.9189535239297024e-08,3303.0
102120,20240123,7.5,-9.377836401936946,1.0642375402460632e-08,5299.0
102120,20240125,7.06,-12.163969665374308,2.3004989750122432e-08,6296.0
102370,20231211,3.19,-13.010919657880681,7.458051993372771e-09,747.0
102370,20231212,4.24,20.924768094986955,1.1760797364896933e-08,1998.0
102710,20190715,2.47,-29.66078081711938,,
102710,20191025,3.49,3.4377522038335995,,
102710,20191218,3.09,6.314729052971835,,
102710,20191227,2.78,-6.72214056622823,,
102710,20200117,2.98,23.21067365260785,,
102710,20200622,3.44,-6.860312695909876,,
102710,20200624,4.23,27.27782100509142,,
102710,20200625,4.06,22.268813620812566,,
102710,20200713,4.29,21.518994880305552,,
102710,20200722,4.61,7.447518584441415,,
102710,20200730,4.31,-5.5841599325954565,,
102710,20210125,5.4,0.2037588243544386,,
102710,20240104,2.59,-7.830111422686548,1.780863101785363e-07,2692.0
102710,20240507,2.9,2.1687987604048775,2.554934892473785e-07,1019.0
102710,20240530,3.03,10.474878089707662,1.335770590829994e-07,1836.0
102710,20240607,2.4,-20.890081514860004,1.6251966263004073e-07,3911.0
102710,20250624,1.55,19.83873659053843,1.8177579680458678e-07,1793.0
102710,20250625,1.54,26.090269603243655,3.1139233638625183e-07,1793.0
102710,20250626,1.52,1.9338959212376938,1.2135284140833872e-07,1793.0
102710,20250704,1.65,9.156799491953628,1.701274693312344e-07,931.0
102710,20250709,1.71,6.041912365054891,2.2103328872407254e-07,1572.0
102710,20250710,1.88,16.11665255639454,2.96334183564302e-07,1449.0
102710,20250728,1.84,-8.835926415608897,1.827166851658011e-07,3684.0
102710,20250729,1.85,-8.794832988431189,2.2699913469524027e-07,3332.0
102710,20250912,2.3,12.60230749834741,6.637059263562452e-07,16473.0
102710,20250915,2.19,7.1506618966086455,8.685937072753083e-07,13338.0
102710,20250916,2.22,8.883264356808152,1.1701006662820301e-06,15433.0
102710,20250918,2.83,28.67990691244824,6.881902519070557e-07,9648.0
102710,20250922,3.03,37.77701535020839,6.78262125015938e-07,6717.0
102710,20250923,2.95,32.53419278637439,3.82112751502653e-07,4622.0
102710,20250929,2.79,-7.589808623472449,9.626733492432817e-07,10072.0
102710,20251001,2.79,-7.558488718052958,5.186642717717599e-07,8779.0
102710,20251002,2.97,2.0954612314518117,3.993875921534689e-07,7080.0
102940,20211230,0.0,,1.741571413856612e-07,4621.0
102940,20220103,0.0,,3.6334106325996004e-07,4978.0
102940,20221017,0.0,,1.914322917040992e-08,287.0
102940,20221018,0.0,,3.478469720875739e-08,317.0
102940,20250305,0.06,-0.13176808816482977,2.782265136810175e-07,1515.0
102940,20250311,0.0,-92.83915077365958,1.527770873598859e-07,863.0
102940,20250312,0.0,-92.25140937987287,0.0,0.0
102940,20251118,0.29,14.485371762221266,1.2969923861473e-06,7643.0
102940,20251120,0.27,4.338481377997483,3.055524617478499e-07,3146.0
102940,20251124,0.25,-15.947864787538412,2.7321792507241343e-07,1985.0
102940,20251125,0.24,-18.21387879116706,1.852277767558062e-07,2321.0
102940,20251126,0.26,-7.646812665643743,2.157870215878283e-07,5634.0
102940,20251128,0.31,20.47209901051521,1.8236136738275172e-07,6007.0
102940,20260130,0.21,55.4800673778776,8.254727624900523e-07,5748.0
102940,20260202,0.21,61.42987249544627,5.91241295065533e-07,4886.0
103230,20230328,0.0,,0.0,0.0
103230,20230704,0.01,-90.03831417624522,1.4646230355820407e-08,181.0
103230,20230705,0.2,63.10892172961138,3.135579881234521e-09,181.0
103230,20250901,0.01,-45.95375722543352,8.561129114336317e-08,316.0
103230,20250904,0.0,-78.89182058047494,4.2190714825928835e-08,508.0
103230,20250911,0.25,4683.75,1.0610361005454249e-07,466.0
103840,20201216,6.2,25.71883751792665,,
103840,20230717,3.59,31.236484201248317,2.0925766026724356e-08,843.0
103840,20240607,2.1,-19.73242589189428,0.0,0.0
103840,20240612,1.64,-26.21991992292513,2.669381409764521e-09,464.0
104040,20200916,4.96,15.417540453938972,,
104040,20210107,10.31,15.807098909938144,,
104200,20211020,1.86,15.218346767505885,,
104200,20211118,5.9,4.030704705752508,,
104200,20211206,8.44,18.111213373970237,,
104200,20211209,7.32,0.42905658322156537,,
104200,20211210,7.24,-3.9131208480097768,,
104200,20211213,6.85,-18.78918138646619,,
104200,20260108,3.16,5.515243060776975,,
104200,20260109,2.92,0.2680117269558302,,
104200,20260112,2.61,-10.09167299746151,,
104200,20260126,1.82,-17.86582628580381,,
104200,20260128,1.77,-7.8776771697690045,,
104460,20190918,6.32,3.286079040683565,,
104460,20200110,4.5,4.144342655337385,,
104460,20200114,4.94,10.125464413654385,,
104460,20200806,6.57,1.100737650592909,,
104460,20200812,6.79,0.21910900259984878,,
104460,20200814,6.58,1.681048442234201,,
104460,20200831,7.03,10.335195122200913,,
104460,20200901,7.12,8.679809266244387,,
104460,20200902,6.98,5.416513699526115,,
104460,20201230,5.9,-2.9589322979264865,,
104460,20210104,6.14,1.5385018568391695,,
104460,20210105,6.62,11.811894316782245,,
104460,20210107,7.21,22.107333024016263,,
104460,20210121,7.28,1.580775851757088,,
104460,20210714,7.16,7.184147869849067,,
104460,20210715,7.28,8.69819266464753,,
104460,20210720,7.31,3.8242522010822455,,
104460,20210721,7.38,3.050658986091115,,
104460,20210722,7.37,1.2220423260784763,,
104460,20210726,7.23,-0.7894050104384154,,
104460,20210727,7.22,-1.314258255379841,,
104460,20210728,7.09,-3.987480841568458,,
104460,20210804,6.94,-2.028507545379532,,
104460,20210805,6.87,-1.9488415767076717,,
104460,20210809,6.78,-3.799759304445449,,
104460,20230213,7.81,-0.5304242919364155,,
104460,20230217,7.83,0.45122287852950027,,
104460,20230321,7.68,-0.7663684204188281,,
104460,20250722,1.12,0.7603041216486695,,
104460,20250723,1.1,0.19756004896787083,,
104480,20210325,4.95,-5.30658658742742,,
104480,20210326,5.51,7.107351677422624,,
104480,20210416,4.78,2.6282188829804154,,
104480,20210420,4.82,-1.3300671878023973,,
104480,20210422,4.86,-1.2058927220790827,,
104480,20210503,3.37,-37.0372152556564,,
104480,20210629,5.1,10.366880461820326,,
104480,20210701,5.05,4.28754393584827,,
104480,20260320,2.93,3.4279847669200114,,
104480,20260323,2.92,0.12105668467043973,,
104480,20260430,3.27,0.06794119754647276,,
104540,20200406,0.0,-78.87421820708825,,
104540,20200429,0.0,-100.0,,
104540,20200504,0.0,-100.0,,
104540,20200506,0.0,,,
104540,20200507,0.0,,,
104540,20201111,0.24,42.607338857204354,,
104540,20201113,0.33,34.55043530471329,,
104540,20201116,0.34,41.98063644551186,,
104540,20201203,0.5,-18.88558894031448,,
104540,20201221,0.8,-5.055880787653011,,
104540,20201229,1.5,105.37299140508223,,
104540,20201230,1.53,103.29780975653904,,
104540,20210225,2.87,2.4776333274137974,,
104540,20210226,2.86,2.74327425042733,,
104540,20210304,2.8,-0.6166214133035752,,
104620,20201012,2.71,0.49011244668475396,,
104620,20210531,1.83,-9.997531219783163,,
104830,20191227,0.69,-24.78810143980723,,
104830,20191230,0.68,-19.571250302657806,,
104830,20201124,0.87,-12.271167272698714,,
104830,20201217,0.63,1.0236035300087876,,
104830,20210104,0.5,-20.921632943893663,,
104830,20210322,1.09,6.134084352246183,,
104830,20210416,1.04,1.4395773382664068,,
104830,20210419,1.03,0.6423064850753724,,
104830,20210420,1.04,-1.7661875833456797,,
104830,20220511,1.2,-18.44252427703914,,
104830,20240306,0.55,-2.525523911875338,,
104830,20240307,0.65,9.615717385227684,,
104830,20240329,0.41,-5.7192496007581255,,
104830,20240401,0.41,-3.510208538050008,,
104830,20250918,2.49,65.30545949910929,,
104830,20250922,3.06,57.92975247040406,,
104830,20250924,3.47,63.51921902691111,,
104830,20251001,3.16,-9.018814052136538,,
104830,20251002,3.12,-8.507287155446175,,
104830,20251010,3.13,-7.20375445455651,,
104830,20260203,1.82,-9.87140858081692,,
104830,20260224,2.05,17.256495193850306,,
104830,20260416,1.7,10.535345025656738,,
104830,20260424,1.46,-6.888191384479181,,
105330,20200407,0.03,-30.216802168021683,,
105330,20200504,0.17,-49.266503667481665,,
105330,20201020,1.52,22.857254963509387,,
105330,20201030,1.49,-4.305682902640296,,
105330,20210903,1.3,-18.46128681037259,,
105330,20210906,1.27,-15.904035932540106,,
105330,20211118,1.94,10.927459392622296,,
105330,20211119,2.11,25.86976307213529,,
105330,20230330,3.3,5.053564812640565,,
105330,20230331,4.04,25.391250267630472,,
105330,20230403,3.76,16.655621036318035,,
105330,20260227,1.61,-3.873260312143356,,
105330,20260310,2.62,63.39326398059977,,
105330,20260311,2.61,-2.3915684239431467,,
105330,20260331,2.31,-13.419369256124469,,
105330,20260427,2.28,-0.7416567003447172,,
105330,20260428,2.32,-0.14501562116802091,,
105550,20210415,2.09,-9.144116460850027,,
105550,20210510,2.15,4.258127312690263,,
105550,20210601,3.2,8.689578912873541,,
105550,20210604,3.75,15.284340748131653,,
105550,20210609,3.56,11.075704450471434,,
105550,20210903,3.85,4.6890660968598175,,
105550,20210906,3.82,4.733640869825573,,
105550,20210907,3.86,3.005582837733334,,
105550,20210909,4.24,8.215005552775946,,
105550,20241115,0.94,-7.177760090263141,,
105550,20241120,0.9,-5.326240978539387,,
105550,20241121,0.86,-8.879760357701372,,
105550,20241122,0.85,-9.411969923707575,,
105550,20241205,0.7,-13.95241183347128,,
105550,20250217,0.71,-6.908615609379742,,
105550,20250218,0.82,6.685753736192335,,
105740,20201012,9.42,13.399403491155493,,
105740,20201013,9.3,11.25706454165254,,
105740,20250909,4.98,-6.026868056598278,,
105740,20251111,6.22,-0.7925690580037115,,
106080,20230328,0.0,,,
106190,20201222,4.75,-14.183116562292275,,
106190,20210106,4.07,-11.244999631874741,,
106190,20210108,4.43,1.600753903451313,,
106190,20240701,4.61,8.901085974658374,,
106190,20260223,1.96,-14.602079236659327,,
106190,20260320,2.25,7.505428216022936,,
106190,20260323,2.27,8.021559078629314,,
106190,20260327,2.78,23.002592016588896,,
106240,20191021,0.88,17.770707480305404,,
106240,20191024,1.8,139.01630170064146,,
106240,20191025,1.81,131.5588392747296,,
106240,20191112,2.87,29.465155060360892,,
106240,20191202,5.11,22.007085138449376,,
106240,20191219,5.34,-3.4562418090786418,,
106240,20191220,5.28,-3.0250382539583343,,
106240,20191227,5.87,9.953415273619171,,
106240,20200102,5.98,14.535092036529939,,
106240,20200122,4.88,1.6203108956987844,,
106240,20200708,3.18,11.509359925796069,,
106240,20200709,3.21,9.687072836947808,,
106240,20200713,4.77,57.46396534156661,,
106240,20210325,7.69,11.842025548003976,,
106240,20210326,8.26,20.37016319966185,,
106240,20210401,8.45,9.985208414574442,,
106240,20210423,8.88,2.9024932735890685,,
106240,20210618,6.88,-7.4899948324545935,,
106240,20210621,7.05,-1.0157886219482104,,
106240,20210623,6.78,-4.512123123374778,,
106240,20210826,6.55,-4.915352611531009,,
106240,20210827,6.7,-4.759923779337405,,
106240,20210901,6.66,0.4617455823860306,,
106240,20210902,6.52,-0.3924945343303454,,
106240,20220414,5.87,-7.463735045743047,,
106240,20250115,0.55,-8.69811748695849,,
106240,20250117,0.46,-35.859098469017866,,
106520,20201201,0.4,18.640976351200322,,
106520,20210126,0.05,-10.274127775260533,,
106520,20210514,0.01,0.0,,
106520,20210607,0.0,,,
106520,20210610,0.0,,,
107600,20250808,1.94,16.37098822931662,,
107640,20251028,2.79,-3.7406786475599474,,
107640,20251110,3.72,14.890541730858843,,
108230,20200402,4.86,35.10553631196809,,
108230,20200406,6.35,69.5673317800396,,
108230,20200407,6.58,56.69818905298325,,
108230,20200518,7.58,-2.1190498401417956,,
108230,20230216,2.01,0.3595329212049858,,
108320,20200706,1.16,-5.155815552654397,,
108320,20200728,0.85,-3.3023130678329737,,
108320,20200729,0.85,-2.991885706359665,,
108320,20200902,1.21,5.926048112891302,,
108320,20201214,1.49,-6.592740853214318,,
108320,20201217,1.59,9.481901164620709,,
108320,20201230,1.49,-1.4149436489289902,,
108320,20210104,1.45,-2.0045159399470824,,
108320,20210105,1.5,5.442740650724187,,
108320,20210120,1.5,-3.491434279464778,,
108320,20210402,2.57,17.847363617215485,,
108320,20210405,2.63,17.612222431647638,,
108320,20210408,2.75,11.49791621677303,,
108320,20210415,3.05,10.726521889157281,,
108320,20210416,3.05,7.470667602137193,,
108320,20210422,3.8,24.413423995432048,,
108320,20210507,3.81,-1.2476054894006716,,
108320,20210601,2.97,-15.018386215591505,,
108320,20210629,2.61,6.415058532102758,,
108320,20210722,2.7,4.393485798738084,,
108320,20211206,2.47,-5.717824964064933,,
108320,20211207,2.45,-6.723775620984163,,
108320,20211215,2.66,2.3405799491967194,,
108320,20211230,2.14,-13.40058101600895,,
108380,20201012,1.21,8.770514107700823,,
108380,20201106,2.91,7.437355265081291,,
108380,20210107,3.83,5.581988691215001,,
108380,20210503,2.82,1.611884404538988,,
108380,20240423,1.2,0.2165608406025532,,
108380,20240424,1.23,1.8556824911807768,,
108380,20240508,1.32,-0.01572116934057677,,
108380,20250516,1.06,1.3371321904013467,,
108380,20250725,1.53,18.42464701651163,,
108380,20250729,1.52,2.763368196730509,,
108380,20250808,1.5,-4.993069742693668,,
108380,20250827,1.36,-12.086127303972772,,
108380,20250908,2.21,36.0938688623099,,
108380,20260223,1.68,-8.73050847457627,,
108490,20210121,3.65,1.767954980404185,,
108490,20210122,3.75,4.814843229892363,,
108490,20210125,3.7,4.393095419895099,,
108490,20211227,1.0,-71.45152247316722,,
108490,20211230,2.42,119.40993163645732,,
108490,20220103,2.11,108.05115383610216,,
108490,20220104,1.32,32.07073598182282,,
108490,20230227,5.7,20.300141121398816,,
108490,20250121,4.52,12.059258642673631,,
108490,20250514,2.73,13.844636888579466,,
108490,20250515,3.07,25.776862540483304,,
108490,20250516,3.25,28.510302054447333,,
108490,20250604,1.82,-16.85677724727218,,
108490,20250623,1.27,-8.679557741951193,,
108490,20250715,0.68,-22.27945308110133,,
108490,20250825,1.55,-3.9275795819823545,,
108490,20250918,1.75,4.005897051029095,,
108490,20250919,1.78,2.2583527819470595,,
108490,20250923,1.58,-11.024701881123777,,
108490,20251010,2.12,25.849497254510446,,
108490,20251030,1.63,59.952931802756225,,
108490,20251103,1.87,40.59947516103013,,
108490,20260129,1.25,-6.85495897640701,,
108490,20260511,1.59,-1.4185468708031168,,
108860,20200518,0.07,0.0,,
108860,20210423,0.19,-0.47460950555939796,,
108860,20211109,0.04,-36.816493789217574,,
108860,20211110,0.25,270.6044307849917,,
108860,20211210,0.2,884.7192456065152,,
108860,20211213,0.26,402.82422247249417,,
108860,20220103,1.05,-2.5157863923388923,,
108860,20220104,1.09,12.215753963479536,,
108860,20230125,4.25,77.25181895632471,,
108860,20230213,2.16,-9.57714166923428,,
108860,20230217,1.83,-15.291260147616592,,
108860,20230221,1.72,-16.995344647625476,,
108860,20230222,2.29,17.40585184798189,,
108860,20230223,2.4,24.22779944837106,,
108860,20230224,2.54,38.972405022895074,,
108860,20230323,0.86,-30.05699430056994,,
108860,20260326,4.45,-7.688824829441721,,
109080,20191025,3.6,-4.381299057992482,,
109080,20210421,3.83,-6.986830115365439,,
109080,20210526,3.19,-17.631419333360697,,
109080,20210527,3.15,-19.553454282224138,,
109080,20210528,3.67,-3.4988939341017544,,
109080,20210622,4.45,-7.181014164012911,,
109080,20210623,5.65,4.428422618072703,,
109080,20260403,2.09,7.629950999483737,,
109080,20260407,3.14,50.00253451159962,,
109080,20260413,0.98,-51.99286962842458,,
109610,20230913,8.19,1.912818324997989,,
109610,20230914,8.23,2.398188688146008,,
109610,20231006,9.45,-0.1266673933996154,,
109740,20210712,3.31,0.19141863299516615,,
109740,20210716,3.39,2.623069537460654,,
109740,20210721,3.33,3.072402262788909,,
109740,20210726,3.45,1.4619782091450206,,
109740,20250612,0.34,2.415513212295517,,
109740,20250618,0.27,-21.08208128351726,,
109740,20250804,0.22,8.675799086757996,,
109740,20250805,0.22,9.76505006087256,,
109740,20250806,0.21,-2.697659819342235,,
109740,20250910,0.3,4.716409876875471,,
109820,20200310,0.18,77.08713563122491,,
109820,20200311,0.33,340.7686296796192,,
109820,20200325,0.05,-6.896551724137934,,
109820,20200511,0.0,0.0,,
109820,20200528,0.0,-19.29203539823009,,
109820,20200608,0.0,-19.517543859649123,,
109820,20200717,0.0,8.830548926014314,,
109820,20201118,0.99,133.90833717181022,,
109820,20201119,1.0,78.46172514214396,,
109820,20240808,0.46,17.006046540035413,,
109820,20240809,0.41,9.502595539986537,,
109820,20240819,0.24,-39.14646019750568,,
109860,20210624,0.24,2.0408163265306145,,
109860,20220802,4.35,4.019506621874469,,
109860,20221007,6.46,1.511806844402619,,
109860,20221014,6.67,-0.11395083835259445,,
109860,20230217,9.89,4.536163604138155,,
109860,20230220,9.43,-0.289190741718548,,
109860,20230427,4.02,3.4738311314037817,,
109960,20200428,0.33,-16.953465161934222,,
109960,20230407,0.48,-0.47456963330281265,,
109960,20230426,0.17,32.064749440330644,,
109960,20230810,0.06,26.60197423456583,,
110020,20200924,0.98,17120.727272727272,,
110020,20200929,0.1,1781.8181818181818,,
110020,20201008,1.18,160.5165714285714,,
110020,20201012,1.24,1049.5265700483092,,
110020,20230714,0.0,0.0,,
110020,20231013,0.0,0.0,,
110020,20231016,0.0,0.0,,
110790,20210319,0.95,4.559918124302187,,
110790,20210323,1.17,25.817100155983596,,
110790,20210511,1.02,2.5088324181671062,,
110790,20210512,1.1,6.355606444753414,,
110790,20210729,1.89,10.054394729185256,,
110790,20210914,1.44,-8.05729826956625,,
110790,20211123,1.67,-1.9971158277623857,,
110990,20210408,3.42,15.681545318194612,,
110990,20230419,0.74,7.56278124546379,,
110990,20230728,2.12,-0.04421250816565303,,
110990,20230731,2.11,-2.273694656525682,,
110990,20230804,2.91,37.107719986183696,,
110990,20231011,4.25,-21.58738723646302,,
110990,20231012,4.39,-16.584492203961233,,
110990,20231013,3.85,-26.831990677458727,,
110990,20231018,2.89,-31.990753564610152,,
110990,20231103,3.41,21.5739382170296,,
110990,20231114,3.6,-1.2069412519571387,,
110990,20231115,3.49,-12.559285934589893,,
110990,20240214,2.84,-8.553573310756823,,
110990,20240417,3.34,12.681653789979851,,
110990,20240418,3.53,20.157319282304908,,
110990,20260129,2.8,4.97029777446103,,
110990,20260130,2.87,8.70315232760117,,
110990,20260224,3.25,-0.4299695741184495,,
110990,20260306,3.37,-0.7269690754352909,,
112040,20200626,1.72,7.764723296390175,,
112040,20201116,2.12,7.230242818981303,,
112040,20201118,2.07,0.9930368957845825,,
112040,20201119,2.11,1.2101602143793855,,
112040,20201120,2.05,-1.8267858612051269,,
112040,20210324,3.31,5.885079040685581,,
112040,20210326,3.62,16.440388015482398,,
112040,20210330,3.75,23.52743342067185,,
112040,20210402,3.63,0.5635379612499936,,
112040,20211026,2.56,6.968370623056086,,
112040,20211027,2.5,3.146163695337867,,
112040,20211029,2.22,-16.926267286279995,,
112040,20211116,1.55,-8.891090671553458,,
112040,20211118,1.48,-9.518499153561798,,
112040,20211119,1.46,-8.805326628486288,,
112040,20231204,1.71,15.885355538669032,,
112290,20240327,4.27,-1.7150761347530574,,
112290,20240328,4.4,0.8022254411675034,,
112290,20240403,5.62,31.58986968508577,,
112290,20240404,6.43,45.82250728026382,,
112290,20240405,4.9,5.003109097600289,,
113810,20210104,0.36,2.8917351255055346,,
113810,20210224,0.36,64.35781743289569,,
113810,20210726,1.03,41.71166843360721,,
113810,20210727,0.75,1.425125438160313,,
113810,20210908,0.56,-2.4341142020497752,,
113810,20220824,1.59,43.219981645459725,,
113810,20230515,2.66,35.35671888456973,,
113810,20230516,4.18,94.91380577158208,,
113810,20241211,0.14,-52.885375494071155,,
113810,20241212,0.04,-84.57717269311472,,
113810,20241223,0.01,-18.083182640144667,,
114120,20200901,,,,
114120,20200902,,,,
114190,20191113,9.74,26.846918838443656,,
114190,20220525,0.17,-23.993986469556503,,
114190,20220629,0.01,14.777777777777779,,
114190,20220908,0.92,11.941636627150775,,
114190,20220915,1.55,75.71846110545802,,
114190,20220916,1.72,89.9553927035208,,
114190,20221115,1.91,-1.7569586251319103,,
114190,20221117,2.34,14.221214330872245,,
114190,20230306,2.49,-2.1146061540403327,,
114190,20230308,2.46,-1.3103586639732545,,
114190,20230310,2.05,-16.400933412926687,,
114190,20230315,2.12,-13.757400352268412,,
114190,20230316,1.86,-14.661728077030855,,
114190,20230321,1.43,-31.852454315768973,,
114190,20230322,1.26,-40.30640062043067,,
114190,20230327,0.99,-36.04109200461686,,
114190,20230328,0.97,-32.50865999624226,,
114190,20251029,3.82,21.06847544906991,,
114190,20251104,4.39,46.962383254629536,,
114450,20191025,6.6,90.95997782534377,,
114450,20191028,6.98,100.36493489859626,,
114450,20191029,7.27,105.51039880758583,,
114450,20191129,3.15,39.5090910698549,,
114450,20201021,8.41,8.617954408463092,,
114450,20201022,6.47,-16.829265367932734,,
114450,20201109,1.29,-12.3031986252507,,
114450,20201110,1.16,-16.755108899923787,,
114450,20240814,0.13,18.616218136601837,,
114450,20240816,0.11,7.543772786604852,,
114630,20210129,3.91,-4.596490031394785,,
114630,20210204,4.25,-13.093556285852836,,
114630,20210205,4.33,10.838921376050825,,
114630,20260429,1.83,-70.74745060562566,,
114810,20200709,3.25,-6.738186691632409,,
114810,20200806,2.93,26.221298641418333,,
114810,20200810,2.9,3.8113504082257776,,
114810,20200903,3.14,-1.0055268820228669,,
114810,20200904,2.99,-9.781545192180674,,
114810,20230626,0.19,15.755019201305288,,
114810,20230627,0.2,1.8473718935561934,,
114810,20230628,0.22,13.521525068570162,,
114810,20240220,0.06,-0.45055840483152476,,
114810,20240221,0.06,-10.689109480650261,,
114810,20240222,0.05,-13.649182177100961,,
114810,20240304,0.12,108.17681964178777,,
114810,20240312,0.13,1.000233214998314,,
114810,20250912,1.68,11.116450940129274,,
114810,20250915,1.65,16.836050610987698,,
114810,20250916,1.69,19.993113340054848,,
114810,20250918,2.38,45.38457280098114,,
114810,20250922,2.4,45.25475514153297,,
114810,20251010,2.33,-20.505435022046104,,
114810,20251013,2.49,-10.118298039531748,,
114810,20251022,2.42,-3.9867334975035362,,
114810,20251105,2.76,-5.30545739710896,,
114810,20260211,3.21,16.30424891944493,,
114810,20260212,3.46,10.089797456847327,,
114810,20260414,2.99,-0.8548737864526701,,
114840,20230703,1.73,-0.7494114136021524,,
114840,20230705,2.0,13.894632535094953,,
114840,20230818,1.89,-18.92188399753778,,
114840,20230918,1.91,1.279343875847161,,
115160,20260430,0.05,-88.1019544630264,,
115180,20191211,1.01,34.34706746663401,,
115180,20191212,0.98,36.810461685670994,,
115180,20200828,1.52,4.01840490797547,,
115180,20200831,1.55,3.9972470111511615,,
115180,20200908,1.22,-11.023608867761892,,
115180,20200911,1.44,6.648335794422655,,
115180,20221007,0.0,,,
115180,20250219,0.68,0.6377206107695876,,
115180,20250224,0.7,-0.06116101072939362,,
115180,20250225,0.74,7.514654213333682,,
115180,20250310,0.82,-0.7927600055187445,,
115180,20250312,0.78,-6.677011297936286,,
115180,20250321,0.78,4.489842371820396,,
115180,20250324,0.72,-8.843740431683678,,
115180,20250421,0.73,6.725039900691621,,
115180,20250424,0.74,-0.42566868718502127,,
115180,20250514,0.72,-5.132264127688424,,
115180,20250515,0.69,-8.9906788691541,,
115180,20250516,0.69,-7.082746741960088,,
115180,20250519,0.69,-7.316528235621533,,
115180,20250520,0.73,0.5874626288348228,,
115180,20250523,0.68,-1.729705480292698,,
115180,20250918,0.1,-28.59345351043643,,
115180,20250922,0.1,-5.073075143564765,,
115180,20250924,0.09,-5.1040689007894935,,
115180,20250925,0.09,-6.192216132425399,,
115180,20251002,0.07,-19.112396352798843,,
115180,20251010,0.07,-19.112396352798843,,
115180,20251015,0.05,-33.45806269415419,,
115180,20251112,0.0,119.9501246882793,,
115180,20251113,0.0,119.75077881619937,,
115180,20251117,0.0,120.34220532319391,,
115180,20251201,0.0,0.0,,
115180,20251203,0.0,0.0,,
115180,20260128,0.0,0.0,,
115180,20260129,0.0,0.0,,
115180,20260210,0.01,199.3641373463332,,
115180,20260211,0.02,276.955074875208,,
115180,20260306,0.03,-2.476876280340179,,
115180,20260310,0.03,-6.240239865075892,,
115310,20210730,0.06,-0.09713453132588201,,
115310,20220729,3.92,7.835869032363485,,
115310,20250121,1.4,7.445366561244149,,
115310,20250122,1.45,10.48845134418781,,
115310,20250123,1.42,2.0941475260097597,,
115310,20250124,1.38,2.0970820207408813,,
115310,20250214,0.94,-27.64181369759059,,
115310,20250220,1.0,0.964991724181008,,
115310,20250305,0.81,-14.694480946123523,,
115310,20250522,0.72,15.998011434253034,,
115310,20250605,0.83,0.3909627457614473,,
115310,20250709,0.97,-2.9939375097155274,,
115310,20250711,1.03,10.537598392229096,,
115310,20250714,1.48,56.122448979591844,,
115440,20191025,7.48,28.45032241722649,,
115440,20191028,7.21,25.72161905074295,,
115440,20220328,3.39,-6.8035651817722425,,
115440,20220331,4.41,22.632760950190267,,
115440,20250103,4.97,-2.46835673901149,,
115440,20260324,3.7,2.720723679147019,,
115440,20260325,4.02,12.74863532448951,,
115440,20260413,0.91,-17.737838286568152,,
115440,20260414,0.88,-18.992059361727133,,
115450,20191212,1.56,10.620518641601716,,
115450,20201229,1.55,-0.06929808211584287,,
115450,20240322,0.34,-1.2943644906764362,,
115450,20240325,0.39,5.48939615599795,,
115450,20240326,0.42,17.286146969741534,,
115450,20240408,0.33,-0.26149616827259026,,
115480,20200406,1.86,-62.51981193715179,,
115480,20230202,2.35,4.776162818884355,,
115500,20200519,2.13,-1.646292393178772,,
115500,20210226,4.68,-7.978912092852175,,
115500,20210302,5.14,-4.698573762978942,,
115500,20230310,3.54,18.50792651854163,,
115500,20230324,1.0,-49.4436455410832,,
115500,20241211,4.49,-7.693621469109891,,
115500,20241212,4.2,-15.338004007264006,,
115500,20241227,3.64,-3.61155309124086,,
115500,20241230,4.06,21.733298159338197,,
115500,20260416,4.09,7.772986117793201,,
115500,20260420,3.23,-13.444847298529705,,
115530,20220426,0.0,,,
115570,20191022,0.01,-10.362694300518138,,
115570,20211117,0.55,-59.59710961960464,,
115570,20211118,0.53,-45.641277517505415,,
115570,20241118,0.08,-16.520416520416525,,
115610,20211110,0.0,,,
115610,20230413,1.29,11.991296594343904,,
115610,20230704,3.62,24.332965359809798,,
115610,20230925,3.0,73.8441215323646,,
115610,20231006,5.01,66.95406481441843,,
115610,20240123,3.44,-6.565803883484966,,
115610,20240124,3.35,-4.346837471737763,,
115610,20240126,2.84,-18.427127043709756,,
117670,20250210,0.0,,,
117670,20260115,0.0,,,
117670,20260126,0.0,,,
117670,20260205,0.0,,,
117670,20260209,0.0,,,
117730,20200811,9.16,8.1726144798121,,
117730,20230327,4.99,14.514649736976292,,
117730,20230412,6.05,1.828141934086891,,
117730,20230413,4.89,-20.143398165726467,,
117730,20230623,3.03,-2.2376782837240983,,
117730,20230628,3.62,19.986214041982954,,
117730,20230727,3.7,6.83374597175912,,
117730,20230814,3.17,-3.0078330140461684,,
117730,20251031,0.14,27.676810073452263,,
117730,20251103,0.13,5.7262784966112035,,
117730,20251104,0.14,9.96756756756756,,
117730,20260119,0.36,57.29276171180642,,
118990,20200923,3.01,-29.101022819824816,,
118990,20200924,3.27,-11.622620777732152,,
118990,20201012,1.96,-7.757113473803434,,
118990,20220429,11.2,-35.84370616837308,,
119500,20200617,4.47,36.23696237833902,,
119500,20200618,5.88,45.91547468864216,,
119500,20220304,6.55,20.07784900812768,,
119500,20220331,8.02,4.753138646889554,,
119500,20260112,2.9,-44.29796424944794,,
119610,20210610,0.93,-3.3392200523832627,,
119610,20210614,1.22,26.629729845810246,,
119610,20210618,1.18,26.3468869685203,,
119610,20210727,1.22,33.056606386938725,,
119610,20211020,0.75,-0.010098052085749654,,
119610,20230413,1.25,15.736658367988433,,
119610,20230518,0.89,-11.226746845218905,,
119610,20250513,0.02,-0.14551804423748038,,
119610,20250714,0.31,94.95882707370957,,
119610,20250717,0.27,39.931363654293705,,
119610,20250718,0.27,-14.514023210831716,,
119830,20200915,10.73,-1.631493122941463,,
119830,20200918,11.29,3.4396575005426033,,
119830,20210809,8.97,-0.4409006694020001,,
119830,20230309,8.31,2.8373680267095747,,
119830,20230310,8.4,4.906514911950999,,
119830,20250911,4.99,-6.567825966468066,,
119830,20260128,6.17,1.4646460034963837,,
119830,20260129,6.27,2.9467485990901876,,
119830,20260130,6.2,0.3965164040611979,,
119830,20260204,6.86,12.750569357819753,,
119850,20200709,3.95,-1.3520153186565298,,
119850,20200722,6.8,-4.955263320029846,,
119850,20200910,6.9,2.59848050706859,,
119850,20240401,6.99,72.7353602150699,,
119850,20240513,6.82,-12.959156715833963,,
119850,20250122,9.23,20.46516345379743,,
119850,20250217,8.51,31.49111079024991,,
119850,20250418,6.0,9.092692712552841,,
119850,20250422,5.78,-0.9094077198749551,,
119850,20250423,6.26,7.684610933671454,,
119850,20250507,6.06,-4.009717265250979,,
119850,20250508,5.78,-9.674327320213806,,
119850,20250509,5.5,-14.765314704260968,,
119850,20250616,6.74,-1.4081142829743154,,
119850,20250618,5.7,-13.157563984318832,,
119850,20251015,4.75,-11.194706411642452,,
119850,20251029,5.55,4.1275052499618825,,
119860,20200511,,,,
119860,20200514,,,,
119860,20210202,,,,
119860,20210203,,,,
119860,20210210,,,,
119860,20231227,,,,
120240,20191106,8.47,67.86357875973094,,
120240,20200731,6.96,6.710884588208943,,
120240,20200803,6.63,3.647081587152212,,
120240,20200825,9.81,9.996688689509448,,
120240,20200826,10.1,19.540769836867344,,
121440,20190712,1.48,3.1958263065744674,,
121440,20200617,0.62,-7.064905226881102,,
121440,20200618,0.7,4.584488911590978,,
121440,20200721,0.88,5.618399006360297,,
121440,20200730,0.97,-4.007103344950458,,
121440,20200811,1.38,16.133661256456477,,
121440,20201106,1.49,9.464144350722027,,
121440,20210407,2.19,-5.728759388697069,,
121440,20210507,1.97,-7.4605886202124605,,
121440,20210511,2.14,3.8481971213369492,,
121440,20210512,2.09,4.895541949378335,,
121440,20210525,1.91,-14.730848162098976,,
121440,20210526,1.86,-8.935372222985293,,
121440,20210706,1.81,6.513672954447136,,
121440,20250509,0.82,-3.2450976100849127,,
121440,20250512,0.84,-1.9024000216828596,,
121440,20250513,0.86,2.598450568849997,,
121440,20250529,0.99,-1.7218143324801871,,
121440,20250604,1.02,0.6716259201412278,,
121440,20250605,0.99,-0.5053192101911463,,
121600,20200708,5.86,-0.29869288613370015,,
121600,20200723,6.97,-6.8986153369739895,,
121600,20200803,6.63,-2.6362366092221756,,
121600,20200806,6.94,13.000902757158329,,
121600,20200810,7.06,6.323316527729239,,
121600,20211013,6.74,-1.2866104553119762,,
121600,20211014,6.76,-1.0852997096890582,,
121600,20211105,7.92,9.125114372831344,,
121600,20211111,8.41,10.851331160010869,,
121600,20211112,8.14,2.70377927536114,,
121600,20220518,4.53,-4.994891149616887,,
121600,20220519,4.61,-0.9154377716036222,,
121600,20220602,5.41,3.2021470678182284,,
121600,20230209,3.23,-8.328536939179987,,
121600,20230210,3.17,-7.4271589298750325,,
121600,20230213,3.61,8.695483963677164,,
121600,20230306,3.74,17.846546618693782,,
121600,20230403,5.14,-0.31179517949652125,,
121600,20230410,5.29,2.9492849811101784,,
121800,20191104,6.05,13.70036954656111,,
121800,20210222,4.93,7.6369036233028265,,
121800,20210402,5.81,-0.4474841289647591,,
121800,20211102,6.56,-1.2350952255652636,,
121800,20211112,7.08,-0.9457824431101547,,
121800,20211118,6.82,-3.608419160507015,,
121800,20211125,6.72,-1.4988045154271545,,
121800,20211126,7.26,7.983716584057854,,
121850,20210129,1.96,145.16441239807398,,
121850,20210205,1.49,-23.976550471753978,,
121850,20210218,0.63,-53.09536201711774,,
121850,20210308,0.08,-66.88219793089986,,
121850,20210312,0.07,-11.051351948721722,,
121850,20210315,0.07,-11.051351948721722,,
121850,20210316,0.07,-11.051351948721722,,
121850,20210319,0.02,-69.47734614428892,,
121850,20211222,0.0,-58.7265231333028,,
121850,20241210,0.0,-45.573294629898406,,
121850,20241211,0.0,-86.35703918722787,,
121890,20231117,0.0,,,
122350,20200813,6.27,11.400205044877755,,
122350,20201229,5.23,10.255710838583564,,
122350,20201230,5.18,7.196955528269511,,
122350,20210113,3.35,-46.080764190633836,,
122350,20260113,0.8,0.9798461598941266,,
122350,20260114,1.07,35.02758232110801,,
122450,20200619,0.87,13.216606600641345,,
122450,20200709,1.28,2.585468503812116,,
122450,20200806,1.34,-9.612979340565763,,
122450,20200828,1.85,42.88350877431504,,
122450,20200831,1.88,43.181764900917315,,
122450,20200901,1.88,27.939043389502704,,
122450,20200903,1.82,-0.7911577609662102,,
122450,20200904,1.37,-25.218195961263522,,
122450,20201014,1.4,39.66637508214414,,
122450,20201015,1.45,30.482627463049326,,
122450,20201016,2.48,102.96314115222498,,
122450,20201103,2.77,83.53031979961554,,
122450,20201106,2.74,4.172288531395951,,
122450,20201112,1.8,-41.25865322302605,,
122450,20201113,1.79,-34.20103680896811,,
122640,20210120,2.11,1.6870331133458372,,
122640,20210121,2.08,-6.488455845782326,,
122640,20230602,2.67,-2.713277162396943,,
122640,20230605,2.49,-10.046815975976697,,
122640,20230619,2.36,1.731315290270219,,
122640,20230712,2.05,-8.308847053033098,,
122640,20230713,2.04,-9.033452690439992,,
122640,20230717,2.08,-6.217675673263345,,
122640,20230724,2.46,18.166268347362635,,
122640,20230727,2.44,1.088913989176632,,
122640,20230731,2.3,-5.01755147425672,,
122640,20230801,2.24,-8.685345682221746,,
122640,20230829,2.29,-3.168777131698952,,
122640,20230830,2.31,-2.547431396921229,,
122640,20230901,2.32,0.4501802126931631,,
122640,20240327,1.57,5.251907117109567,,
122640,20260130,2.65,2.9046070833137483,,
122640,20260209,3.26,30.53245789622221,,
122640,20260313,3.69,5.712693940207703,,
122640,20260320,4.31,16.464328593996846,,
122690,20210319,0.38,-1.6058394160583966,,
122690,20210322,0.38,-2.7720287680447098,,
122690,20251223,0.01,666.0504201680673,,
122690,20260105,0.03,2156.2162162162163,,
122870,20200629,2.32,-2.0773691889995005,,
122870,20200805,3.43,16.46889093957551,,
122870,20200806,3.49,17.221733637332683,,
122870,20200813,3.16,-9.3715392702169,,
122870,20200827,3.27,4.707483562233472,,
122870,20200907,3.41,2.0029731632892567,,
122870,20200908,3.51,8.658270197133033,,
122870,20210812,2.68,9.031318760952335,,
122870,20211005,3.06,3.6358913951667793,,
122870,20211026,3.6,-6.038356179833892,,
122870,20230512,3.02,10.645506907486979,,
122870,20230516,3.3,25.625859361651937,,
122870,20230517,3.22,14.414446860173523,,
122870,20250204,2.51,-1.284607282575989,,
122870,20250206,2.59,7.900890757310264,,
122870,20250220,2.54,-1.4701673020521722,,
122870,20250228,3.01,12.025049450177704,,
122870,20250304,2.88,6.3024598610772475,,
122870,20250325,2.3,-11.595886069478812,,
122870,20250509,2.02,-9.728261384412807,,
122870,20250523,2.28,1.952911463716811,,
122870,20250526,2.2,-7.341062732677173,,
122870,20250602,2.28,3.4281694430946974,,
122870,20250610,2.35,5.978081967961524,,
122870,20250620,2.06,-1.8452344747886373,,
122870,20250811,2.22,11.197728322048771,,
122870,20250821,1.66,-16.96137861661857,,
122990,20200908,3.95,-0.18505321510936534,,
122990,20231214,1.03,-8.808362847308826,,
122990,20240425,0.79,-2.707280190105854,,
122990,20240502,0.85,9.009755529477115,,
122990,20260224,0.6,-4.278118466493119,,
122990,20260225,0.62,-2.4930683515755336,,
122990,20260226,0.75,22.69635500356404,,
123010,20190704,0.32,2.4089129780186624,,
123010,20190716,0.5,11.869002022636321,,
123010,20190718,0.55,15.094264099587718,,
123010,20190719,0.54,14.03857868020304,,
123010,20190816,1.99,51.596293979899066,,
123010,20190819,1.82,42.399330363815736,,
123010,20221116,0.89,-79.82533559455935,,
123010,20230324,1.12,39.21430681447162,,
123010,20260513,0.0,,,
123040,20190816,3.87,-15.687891899235717,,
123040,20201127,6.28,28.510152048705706,,
123040,20201130,5.96,19.29129832746128,,
123040,20230418,1.5,-10.39424183321228,,
123330,20210302,0.12,-15.144302290984824,,
123330,20210303,0.12,-6.242430914895958,,
123330,20210305,0.12,-2.2239348232962697,,
123330,20210430,0.27,42.502891844997116,,
123330,20210503,0.28,0.2002904211106049,,
123330,20210504,1.0,199.034206943499,,
123330,20210506,1.4,495.84949103247703,,
123330,20210531,1.54,-1.8288812723283088,,
123330,20240826,0.13,-5.187618882932732,,
123330,20240827,0.13,-7.584695769425254,,
123330,20240829,0.16,17.873426956045968,,
123330,20240902,0.27,103.28287433886558,,
123330,20240904,0.27,97.49224876892212,,
123330,20240905,0.27,67.54603125483523,,
123330,20240911,0.09,-64.9535946807037,,
123330,20240926,0.09,0.0,,
123330,20241014,0.09,0.0,,
123330,20241021,0.09,0.0,,
123330,20250109,0.27,-17.253842641911433,,
123330,20250110,0.27,-4.726651480637811,,
123330,20250526,0.24,-31.99085293013414,,
123330,20250528,0.23,-10.130252680996,,
123330,20250529,0.23,-10.130252680996,,
123330,20250530,0.23,-3.517840116424953,,
123330,20250602,0.2,-13.048278630934462,,
123330,20250611,0.5,134.82050098118435,,
123330,20250613,0.54,33.27739809616792,,
123330,20250616,0.53,42.080940120155795,,
123330,20250619,0.49,-7.91297831483303,,
123410,20201013,4.63,36.36395290314207,,
123410,20210208,5.04,-1.6352607115385775,,
123410,20210531,3.83,2.6284614956310737,,
123410,20210602,3.79,0.757688591516481,,
123410,20240214,8.19,-2.9060227876859246,,
123410,20240405,9.1,0.559181015858079,,
123410,20251128,3.6,-17.4513153399385,,
123410,20251201,3.68,-15.48418675627985,,
123410,20251202,3.44,-20.84672056674085,,
123410,20251203,3.53,-18.34190641798379,,
123410,20260121,3.05,8.961735091453061,,
123420,20200602,5.99,20.81452724384265,,
123420,20200603,6.07,19.92033431576692,,
123420,20200623,7.03,3.054079988246472,,
123420,20211116,3.6,3.2462808333807436,,
123420,20211217,7.1,15.470068061849718,,
123420,20211220,7.96,29.107826148819306,,
123420,20250623,2.63,-4.081374138629911,,
123420,20250624,2.61,-2.9803284734106095,,
123570,20200805,2.56,3.9014951946659826,,
123570,20200812,2.62,2.7193327563144187,,
123570,20210524,3.23,-4.548931330080885,,
123750,20200601,0.0,,,
123750,20200609,0.0,,,
123750,20210222,0.0,,,
123750,20210308,0.0,,,
123750,20210312,0.0,,,
123750,20210407,0.09,-52.83651852689509,,
123750,20260119,0.0,,,
123750,20260204,0.0,,,
123750,20260209,0.0,,,
123840,20201006,0.24,-32.1885092064995,,
123840,20201007,0.24,-25.554061247933657,,
123860,20240125,2.72,-0.9105536130012304,,
123860,20240621,3.13,11.708279813957855,,
123860,20240624,3.54,15.777863756293886,,
124500,20191126,4.04,2.550725091125261,,
124500,20191127,4.02,3.0914946312282865,,
124500,20191128,4.03,1.006976844785279,,
124500,20210610,9.38,3.345231765164969,,
124500,20231204,6.11,29.13660743751947,,
124500,20231208,7.87,31.2359778650221,,
124500,20231215,8.43,7.125466444171802,,
124500,20231219,8.14,0.7218002466933937,,
124500,20240122,5.18,113.15356903636923,,
124500,20240125,5.11,48.14962368238083,,
124500,20250512,1.68,-4.666200330984593,,
124500,20250513,1.67,-6.150285613616779,,
124500,20250515,1.9,13.367820550031716,,
124500,20250516,1.9,16.40379710221147,,
124500,20250521,2.25,36.22475327432157,,
124500,20250526,2.95,47.97125450359749,,
124500,20250529,3.27,35.83884481491613,,
124500,20250605,3.57,17.422523658326195,,
124500,20250609,3.41,4.576500304713926,,
124500,20250611,3.23,-4.401236835115341,,
124500,20250612,3.2,-9.395282907621482,,
124500,20250616,3.02,-11.567429999823787,,
124500,20250619,2.77,-13.544496906610636,,
124500,20251224,4.42,-15.846324211455398,,
124500,20260113,3.47,-9.960861884058614,,
124500,20260123,2.91,-8.259883546073542,,
124500,20260126,2.88,-6.112468068726596,,
124500,20260127,2.72,-8.092828739490443,,
124500,20260128,2.64,-10.30457869220729,,
124500,20260130,2.59,-10.898348435266458,,
124500,20260226,3.14,22.194402575876705,,
124500,20260310,3.28,3.012257161483811,,
124500,20260311,3.29,2.910719547092855,,
124560,20210326,7.04,-10.331988810096938,,
125210,20211026,2.75,5.949067129904173,,
125210,20230411,3.45,2.843751294702135,,
125210,20230419,5.96,71.48495416292522,,
125210,20260219,2.48,-17.481804685155076,,
125210,20260406,2.59,8.856178463568764,,
125210,20260413,2.53,-2.299231102800947,,
125210,20260423,2.9,9.698918632097042,,
126340,20230403,3.02,2.2299186931639348,,
126340,20230411,3.54,7.922654386062256,,
126340,20230412,3.58,8.712859230394553,,
126340,20230421,3.82,1.0335084990658938,,
126340,20250828,1.01,3.8223405620428696,,
126340,20250829,1.13,18.757919360603005,,
126340,20250910,1.5,7.241059143333373,,
126340,20250918,1.49,5.9369821267698075,,
126340,20250923,1.43,-20.422965403907867,,
126340,20251202,1.61,-16.205824144755443,,
126340,20251203,1.6,-23.13470946541043,,
126340,20260105,1.07,16.39184637732054,,
126340,20260128,1.12,-4.538549421852833,,
126340,20260203,1.16,9.419787652815126,,
126340,20260311,1.11,4.553572664719163,,
126340,20260429,0.88,8.263432134620308,,
126340,20260504,0.85,-2.7679418273790724,,
126340,20260506,0.74,-14.841732043445477,,
126600,20210108,4.99,10.505912687827855,,
126600,20210121,5.02,-6.453510315951361,,
126600,20210203,4.5,-11.204244546470433,,
126600,20210809,3.88,-1.7698163648287246,,
126600,20210902,4.37,5.840285509827536,,
126600,20210908,5.95,43.79193940612887,,
126600,20211105,8.51,1.3324887387387463,,
126600,20211116,8.54,21.759080335107896,,
126600,20230413,3.61,-36.34019115927044,,
126600,20251219,1.16,0.04504792636637056,,
126600,20260330,1.16,-2.5935410141369686,,
126640,20201224,5.79,8.155035866284454,,
126640,20210107,2.16,-69.64999823052696,,
126640,20210622,8.14,-5.62927362291854,,
126640,20250117,2.08,35.20116395638713,,
126700,20191126,4.25,-11.127076734700726,,
126700,20200114,4.71,-9.72862885079573,,
126700,20200116,4.79,-7.372801801557516,,
126700,20210209,8.29,5.122543121417844,,
126700,20210217,10.09,22.16874182138553,,
126700,20210625,7.27,-8.26282084797132,,
126700,20210713,7.89,-6.218874843207455,,
126700,20211213,5.9,-1.4351924236671088,,
126700,20211216,6.79,13.004551559717425,,
126700,20240131,6.53,21.517121447336997,,
126700,20240201,6.76,24.854877687906885,,
126700,20240213,8.49,-1.8300518166762814,,
126730,20260223,3.68,20.190286196577922,,
126870,20210113,,,,
126870,20210114,,,,
126870,20210122,,,,
126870,20210204,,,,
126870,20210217,,,,
126880,20200623,8.06,17.730482585644314,,
126880,20200629,8.32,5.027085614765792,,
126880,20200907,11.17,-0.6757626414251705,,
126880,20250723,3.91,-5.297791727104483,,
127120,20200409,0.63,32.432573607507884,,
127120,20200410,0.6,41.893692916781,,
127120,20200710,0.24,1.8707431512032802,,
127120,20200713,0.23,-1.2978723404255321,,
127120,20200722,0.28,12.981142939398293,,
127120,20200723,0.31,18.552970115072533,,
127120,20200724,0.34,22.072024220534338,,
127120,20200730,0.28,-8.003625002981085,,
127120,20200803,0.26,-18.013045659809336,,
127120,20200804,0.22,-12.728721358316387,,
127120,20200810,0.19,-21.940024479804165,,
127120,20200811,0.19,-12.00692586179758,,
127120,20200818,0.12,-33.19910195645201,,
127120,20201012,0.16,7.687608665006351,,
127120,20241127,0.05,-7.067212651793275,,
127120,20241218,0.0,,,
127120,20241219,0.0,,,
127120,20241220,0.0,,,
127120,20241223,0.0,,,
127120,20241226,0.0,,,
127120,20241227,0.0,,,
127120,20250106,0.0,,,
127120,20250325,0.0,,,
127120,20250326,0.0,,,
127120,20250409,0.0,,,
127120,20250411,0.0,,,
127120,20250416,0.0,,,
127120,20250502,0.0,,,
127120,20250703,0.0,,,
127120,20250704,0.0,,,
127120,20250707,0.0,,,
127120,20250709,0.0,,,
127120,20250811,0.0,,,
127120,20250827,0.0,,,
127120,20250919,0.0,,,
127120,20250923,0.0,,,
127120,20260203,0.03,131.11008539118393,,
127120,20260204,0.03,131.11008539118393,,
127120,20260220,0.03,0.0,,
127120,20260223,0.03,0.0,,
127120,20260227,0.02,0.0,,
127120,20260313,0.02,-1.997203914519674,,
127120,20260414,0.02,0.0,,
127120,20260415,0.02,0.0,,
127710,20210407,1.19,-14.630282376394199,,
127710,20210413,1.48,5.771881844156135,,
127710,20210414,1.37,15.22638844950901,,
127710,20210428,3.82,26.327965167448774,,
127710,20210511,3.12,-40.118868276822404,,
127710,20260327,0.0,,,
128540,20210930,3.46,-8.59830262855571,,
128540,20211001,2.67,-28.675618741889963,,
128540,20211012,1.1,-58.65746324189782,,
128540,20260113,1.16,-13.686308424944983,,
128540,20260114,1.11,-16.124965406967807,,
128660,20210426,1.85,-2.334208520369274,,
128660,20210428,1.67,-9.850206925272643,,
128660,20210511,3.09,14.051336489293398,,
128660,20210902,2.28,-24.03075756987344,,
128660,20210908,3.88,54.57323479825922,,
128660,20210909,4.13,81.02627380815977,,
128660,20230619,3.38,-1.554826237678153,,
128660,20260331,2.76,-1.4430817091615422,,
128660,20260413,2.71,-5.2800867821238935,,
129920,20260220,0.72,-11.103685486170512,,
129920,20260223,0.73,-7.455026888324734,,
129920,20260312,0.42,-14.499863723085305,,
129920,20260316,0.4,-16.707867020240606,,
129920,20260325,0.25,-21.52080344332855,,
129920,20260327,0.19,-26.872154482181177,,
130500,20200820,10.18,50.75101726869071,,
130500,20200826,8.21,10.672846161659798,,
130500,20200827,7.45,-26.788734354260924,,
130500,20201126,2.79,-67.47728046595928,,
130500,20240814,1.63,19.764158527272002,,
130500,20240816,1.49,12.034814541276884,,
130500,20240819,1.45,9.170384043480496,,
130580,20200521,0.51,85.84877636359482,,
130580,20200619,0.53,0.5220594513496657,,
130580,20200702,0.58,3.187948056669576,,
130580,20200806,0.5,0.5814551816404334,,
130740,20210107,0.17,13.609605408871017,,
130740,20210108,0.38,172.92254424211336,,
130740,20210114,1.02,479.2017237841166,,
130740,20210408,2.55,6.2585805197816535,,
130740,20260121,0.0,-19.633943427620636,,
130740,20260122,0.0,-19.633943427620636,,
131030,20240325,2.17,8.870214752567684,,
131030,20240326,2.27,15.655171548484637,,
131030,20240709,10.56,23.309769593103248,,
131030,20260223,4.74,-11.081191437010485,,
131030,20260226,4.82,-9.822229651950165,,
131030,20260323,5.38,-2.150950189009182,,
131030,20260325,5.31,-2.8057252086344353,,
131030,20260326,5.38,-1.8332183705390026,,
131090,20200526,3.72,53.79084259846294,,
131090,20260416,0.0,-0.497512437810943,,
131100,20211103,0.03,0.0,,
131180,20210702,3.36,-0.4561667092959354,,
131180,20210714,4.18,5.144273516245779,,
131180,20210715,4.51,11.476282696219297,,
131220,20200110,3.16,4.979358216052154,,
131220,20200128,6.79,2.7367234341955538,,
131220,20201021,10.65,-3.526513804125997,,
131220,20201022,9.8,-9.943988119812431,,
131220,20201110,12.02,29.911935506305642,,
131220,20201111,12.62,42.05457681911411,,
131220,20201208,6.69,12.688145375839843,,
131290,20191209,1.34,3.201546907910635,,
131290,20191211,1.32,13.319144685788054,,
131290,20191212,1.27,2.8814816970261337,,
131290,20200106,1.29,-9.539540044381678,,
131290,20200109,2.01,50.42475318396067,,
131290,20200122,2.97,27.937757387331796,,
131290,20200518,0.56,17.72510794433222,,
131290,20200522,2.36,308.226372875035,,
131290,20200525,2.81,391.3675859463543,,
131290,20200623,1.93,15.290348118193297,,
131290,20200624,2.15,19.066860407253337,,
131290,20200625,2.03,12.525256556726848,,
131290,20200630,1.73,-10.391912143384074,,
131290,20200707,1.77,1.884174282237816,,
131290,20200708,1.8,0.5537403784477313,,
131290,20200709,1.83,-2.361627505845376,,
131290,20200730,1.65,-8.85142780239554,,
131290,20200731,1.66,-10.926407009866058,,
131290,20201117,1.69,14.77216767486398,,
131290,20201118,1.72,10.175361885255342,,
131290,20201119,1.64,3.469158624131019,,
131290,20201202,2.18,4.49254970805526,,
131290,20201229,2.04,4.07884006689796,,
131290,20201230,2.05,3.8163952886475228,,
131290,20210118,2.39,2.8533607883512335,,
131290,20210120,2.42,-2.888778069281528,,
131290,20210121,2.46,-0.05747210589509555,,
131290,20210125,2.17,-9.316459316459314,,
131290,20210727,1.79,-4.3076271471957135,,
131290,20210729,1.74,-2.867354643845965,,
131290,20210809,1.67,-0.07223174531302279,,
131290,20220426,1.22,-11.318836707697722,,
131290,20240222,2.25,15.23404137447082,,
131290,20240404,2.22,-1.36659296997661,,
131290,20240426,2.59,25.005629752810556,,
131290,20240430,3.6,79.72011898323419,,
131290,20251113,2.17,-4.882783983963446,,
131290,20251201,2.03,-9.258063869454524,,
131290,20251203,2.08,-5.544798235708958,,
131290,20260102,1.96,11.881249419558548,,
131290,20260105,2.03,18.24858638081901,,
131290,20260121,1.88,1.2966435538499521,,
131290,20260127,1.56,-19.557014477589142,,
131290,20260128,1.51,-19.091626605438762,,
131290,20260203,1.68,8.135920989018587,,
131290,20260306,1.24,-14.34057541847199,,
131290,20260312,1.24,-9.549981240990736,,
131290,20260316,1.26,2.552932014869458,,
131290,20260317,1.24,-7.109049221651631,,
131290,20260318,1.23,-1.230459849104104,,
131290,20260319,1.14,-7.592164054199591,,
131290,20260414,0.76,-8.61323757096164,,
131290,20260415,0.75,-8.37367469161875,,
131290,20260416,0.78,-1.9121621621621676,,
131290,20260417,0.84,5.695551410321631,,
131290,20260513,0.8,-0.4489213724167662,,
131370,20200331,6.04,28.05932794094388,,
131370,20200618,5.19,80.65519788449494,,
131370,20200709,5.21,-5.27657862252866,,
131370,20200818,5.28,-10.089569696818945,,
131370,20200827,6.39,-7.058124513376995,,
131370,20200828,6.75,3.805721286992503,,
131370,20240119,2.9,-4.193114250473884,,
131370,20240125,3.48,21.020716481602374,,
131390,20200211,,,,
131390,20200212,,,,
131390,20200525,,,,
131390,20200526,,,,
131390,20200625,,,,
131390,20200626,,,,
131390,20200806,,,,
131390,20200810,,,,
131390,20210809,,,,
131390,20210812,,,,
131390,20210831,,,,
131400,20190702,1.76,-0.7867225684802581,,
131400,20190712,1.75,-13.852382153045928,,
131400,20200508,3.21,4.9410313487180835,,
131400,20200511,3.64,19.041307916932993,,
131400,20200518,4.61,26.734827089754365,,
131400,20200520,4.94,9.978294130019538,,
131400,20200521,5.17,13.318732821125522,,
131400,20200605,5.8,-1.7497514027696948,,
131400,20230403,3.27,73.11869628081253,,
131400,20230404,4.06,97.71170643133156,,
131400,20230405,3.4,45.15481853728773,,
131400,20230410,1.41,-56.750828213544644,,
131400,20230417,0.93,-33.4291801504712,,
131400,20230418,0.92,-31.330219133340933,,
131760,20210805,1.99,-3.697992961520602,,
131760,20210806,1.98,3.6376323533873434,,
131760,20230417,1.05,-5.925129159260423,,
131760,20250102,0.06,3.74125481686558,,
131760,20260420,0.1,-38.047882624010164,,
131970,20200120,4.33,-5.229986273754205,,
131970,20200122,4.3,-3.8058157530341252,,
131970,20200128,4.09,-8.732246186217784,,
131970,20200213,4.0,-3.8951955291632534,,
131970,20200727,3.39,-11.183176722456,,
131970,20200730,4.02,8.649263687487952,,
131970,20230626,3.24,0.7941639550750557,,
131970,20230712,3.16,-0.8931574660729247,,
131970,20230901,3.25,0.6685914630194523,,
131970,20231117,2.98,10.24394756514977,,
131970,20231130,4.39,9.283613561955505,,
131970,20250922,4.38,-3.9976004907470886,,
131970,20251002,4.03,-6.684519481016538,,
131970,20251010,3.87,-11.860711020667791,,
131970,20251013,3.89,-10.165168638467648,,
131970,20251015,4.03,-0.6079987366260031,,
131970,20260126,4.0,0.3207126027120921,,
131970,20260127,4.09,4.2843307133303865,,
131970,20260128,4.01,2.3822262047517917,,
131970,20260317,3.51,2.3830952846801035,,
131970,20260319,3.39,-5.018742401484932,,
131970,20260320,3.76,1.2414578587699232,,
131970,20260422,4.46,17.184356179417513,,
131970,20260423,4.23,8.144032306905014,,
131970,20260428,3.65,-22.48823979870911,,
131970,20260506,3.43,-7.611014209374412,,
131970,20260511,3.33,-4.9737384374848315,,
131970,20260513,3.21,-6.435316151646974,,
133750,20191025,9.24,19.00302416041808,,
133750,20200221,9.95,8.669692895663083,,
134060,20200910,2.06,-33.30737033173943,,
134060,20200911,2.33,-25.445920049315873,,
134060,20200915,2.73,42.2848503306648,,
134060,20200916,3.04,91.54313999104815,,
134060,20200918,3.76,61.66304171984254,,
134060,20200921,3.66,63.2030878527676,,
134060,20200923,3.53,15.986254295532643,,
134580,20210215,2.44,-8.467716582335871,,
134580,20211110,3.03,-1.621366596856233,,
134580,20211111,2.92,-5.080322382940516,,
134580,20211112,3.04,-1.2107603955265778,,
134580,20211115,2.95,-3.731513674895015,,
134580,20220113,2.38,-0.8661364995680376,,
134580,20220408,3.97,13.271169759999646,,
136410,20250710,1.67,119.78261128090475,,
136410,20250716,1.23,24.61333138323156,,
136410,20250717,1.17,-29.134314144567753,,
136480,20190918,2.47,-4.282693692216666,,
136480,20210609,1.79,6.957441477617632,,
136480,20210610,1.78,-9.452918188035186,,
136480,20231219,2.26,0.21443197204047415,,
136480,20231220,2.21,-2.2130748498590314,,
136480,20231221,3.39,51.29205593158732,,
136480,20250519,0.88,19.383121217234933,,
136510,20210602,,,,
136510,20210603,,,,
136510,20210608,,,,
136510,20211111,,,,
136540,20200908,2.55,-5.434391376228498,,
136540,20200911,2.61,-6.841790379437973,,
136540,20240625,0.26,-4.217621826126338,,
136540,20241105,0.19,-1.8748668418436143,,
137080,20260130,0.09,-6.071557643657388,,
137080,20260330,0.08,0.0,,
137400,20200525,6.61,8.994227624563367,,
137400,20200526,6.95,12.038654237888924,,
137400,20200702,5.55,3.192929788539889,,
137400,20200709,6.06,9.236269475546699,,
137400,20200803,5.35,-10.40754475722978,,
137400,20200805,5.39,-4.373187843544024,,
137400,20200810,5.6,4.35469137973179,,
137400,20200819,5.12,-2.271948662546841,,
137400,20200824,5.26,-2.683679643401471,,
137400,20200826,5.34,4.172027316226479,,
137400,20200827,5.42,1.8069254839455207,,
137400,20200831,5.63,7.079602681784269,,
137400,20200914,4.74,-9.917158045167762,,
137400,20210107,4.56,3.1361976555136506,,
137400,20210812,5.79,7.886954443986194,,
137400,20210908,5.91,2.9732186860044862,,
137400,20211013,5.27,5.2073750097568094,,
137400,20211018,5.48,4.980866424778818,,
137400,20211019,5.45,6.141660048744413,,
137400,20211109,5.56,0.13443797326442297,,
137400,20211110,5.59,2.674102432020864,,
137400,20211111,5.38,-0.6657839188821679,,
137400,20211112,5.42,-0.9222321001601474,,
137400,20211115,5.02,-8.91395775838868,,
137400,20211117,4.88,-12.616053068982925,,
137400,20211119,4.76,-12.179166362981142,,
137400,20220524,4.15,-2.1565985702761137,,
137400,20220525,4.12,-3.7617897988829085,,
137400,20220530,3.78,-10.288419386137504,,
137400,20230718,3.8,-11.253170729708351,,
137400,20230720,3.85,1.7337157984577134,,
137400,20260128,4.45,0.0760490843330297,,
137400,20260129,4.32,-2.069570986542213,,
137940,20210531,5.28,30.361873536868742,,
137940,20210604,4.72,-1.1523924914685013,,
137940,20231108,0.1,55.10754634994206,,
137940,20231212,0.4,-18.94048536991193,,
137940,20250512,0.0,,,
137950,20190923,7.07,93.18096731316695,,
137950,20201109,7.79,16.31381782292587,,
137950,20210528,6.83,-13.26749178596005,,
137950,20210531,6.99,-8.580566515669341,,
137950,20210602,7.73,9.326723922266833,,
137950,20210617,8.13,12.687163180915695,,
137950,20220425,6.57,5.645083901709058,,
137950,20220426,6.65,-0.8873251488791589,,
137950,20260309,2.57,-2.899566830428646,,
137950,20260326,3.66,-2.22501998592608,,
138070,20210111,0.41,11.102097229733786,,
138070,20210614,1.87,-4.682785419803848,,
138070,20210615,2.27,16.054544211797417,,
138070,20240416,2.08,5.624493538926489,,
138070,20240417,2.13,4.139544966898101,,
138080,20190712,8.17,12.137486002636466,,
138080,20251029,0.06,-6.871463217461605,,
138080,20260105,0.01,79.12355447352404,,
138080,20260219,0.01,1.7051509769094197,,
138080,20260220,0.01,-0.7678883071553178,,
138080,20260303,0.01,-3.021032504780119,,
138080,20260310,0.02,54.25867507886435,,
138080,20260311,0.02,15.67120047309285,,
138080,20260325,0.0,-92.24257738471258,,
138080,20260422,0.0,0.0,,
138080,20260507,0.01,28814.285714285717,,
138360,20230127,0.33,-21.64123671997983,,
138360,20250421,0.07,-6.002843452161555,,
138360,20260105,1.16,-0.11149446214078207,,
138360,20260106,0.94,-18.224943923366766,,
138360,20260120,0.0,0.0,,
138360,20260121,0.0,0.0,,
138580,20201218,,,,
138580,20210106,,,,
138580,20210318,,,,
138580,20210330,,,,
138580,20230502,,,,
138580,20230503,,,,
138580,20230901,,,,
138580,20231017,,,,
138580,20231025,,,,
138580,20231107,,,,
138610,20200121,0.48,-25.403176166440964,,
138610,20200122,0.48,-25.636212910390565,,
138610,20200724,0.94,11.665056130179075,,
138610,20200729,0.46,-48.02819283901889,,
138610,20200806,1.15,122.22632202435281,,
138610,20200903,1.31,28.88734491315137,,
138610,20200904,1.35,39.349473945820556,,
138610,20201202,1.78,9.364016632839967,,
138610,20201203,1.71,19.18194541637508,,
138610,20201207,1.6,-13.369328449061813,,
138610,20210701,2.37,33.035386587314576,,
138610,20250530,2.53,-2.0893716850978405,,
138610,20251010,4.69,12.627275254020077,,
138610,20251016,4.98,11.260003869281455,,
138610,20251210,5.88,5.909015375119675,,
138610,20251211,5.66,-0.9082667486170815,,
139050,20201102,,,,
139050,20230628,,,,
139670,20201203,3.24,38.244555399437985,,
139670,20201204,3.03,29.632522455561293,,
139670,20210106,1.72,5.341715312079032,,
139670,20210223,1.81,-8.593535458492596,,
139670,20210225,1.95,1.1070138843870314,,
139670,20210226,1.99,2.543280654773139,,
140070,20200806,3.58,5.086318783610322,,
140070,20200807,3.61,3.223755330125644,,
140070,20200810,3.84,16.18030130635639,,
140070,20210121,2.21,-2.576501941890297,,
140070,20210126,3.37,39.40007967187648,,
140070,20210413,5.29,8.253521562150512,,
140410,20191007,2.58,0.5086506270088664,,
140410,20191008,2.53,3.3540768211424377,,
140410,20191023,2.58,-5.4377864724210685,,
140410,20191105,2.44,-4.826811057688019,,
140410,20191111,2.39,-1.6497282634290622,,
140410,20211229,0.34,5.0248555689909935,,
140410,20220103,0.34,-0.003273001014625354,,
140410,20230503,1.13,5.69389598568566,,
140410,20230508,1.01,-5.726908825452625,,
140410,20230619,1.08,9.143747489922504,,
140410,20230620,1.03,3.811573070999441,,
140410,20230623,1.01,-10.812196667341645,,
140410,20230628,0.81,-14.718534192108256,,
140410,20230703,0.81,-17.711001999272312,,
140410,20230704,0.83,2.2037790763773657,,
140410,20230705,0.83,1.1019621742963448,,
140410,20230707,0.83,3.999628976903802,,
140410,20230831,0.69,-4.016572624341396,,
140410,20230904,0.65,-10.750928690261851,,
140410,20230905,0.64,-4.976773408397195,,
140410,20230906,0.66,-2.41218144248746,,
140410,20250902,0.72,2.8148721487587958,,
140410,20250904,0.69,-2.1775295309436005,,
140410,20250908,0.68,-4.364615828603624,,
140410,20250915,0.78,13.958222567094403,,
140410,20250922,0.8,1.8981648831090325,,
140410,20251013,0.85,4.541983054032772,,
140410,20251014,0.85,2.59281690754134,,
140410,20251128,1.02,1.1532739301099104,,
140410,20251201,1.03,3.6712064364284425,,
140410,20251204,1.03,3.027162258756255,,
140410,20251216,1.04,0.050846453069963715,,
140410,20260126,0.68,-13.136681246332538,,
140410,20260127,0.66,-12.946480274869277,,
140410,20260128,0.67,-9.947509866321658,,
140410,20260129,0.62,-14.671392414104034,,
140670,20210122,4.92,4.227156475238325,,
140670,20210125,4.8,2.9825082088462462,,
140670,20210623,6.41,1.38717268764057,,
140670,20210625,6.56,1.216458142265875,,
140670,20210701,7.23,22.082222222222224,,
140670,20211104,4.48,-0.5381491469763522,,
140670,20220103,4.22,-11.768066586756587,,
140670,20220104,5.04,3.736916486331321,,
140670,20220107,5.15,18.776085103228436,,
140670,20220325,6.64,8.389160628442482,,
140670,20220328,6.8,15.455667266069195,,
140670,20240320,6.56,4.764516632185889,,
140670,20240321,7.27,16.516316116260388,,
140860,20200102,3.87,2.5979639830424395,,
140860,20200130,3.78,-0.13155919373573077,,
140860,20200131,3.76,-0.2885968563556718,,
140860,20200518,1.06,7.463067499399467,,
140860,20200709,1.31,6.836530896326343,,
140860,20200710,1.27,3.2220234065190034,,
140860,20200715,1.64,33.10488133863147,,
140860,20200730,1.48,-4.348790769913469,,
140860,20200911,1.22,-1.7650025214321685,,
140860,20200914,1.32,7.823547307575307,,
140860,20201216,1.48,1.7775223473147195,,
140860,20201229,1.41,-0.24220724515585657,,
140860,20201230,1.42,-0.31938211042689124,,
140860,20210202,0.96,-16.677945326166068,,
140860,20210215,1.21,7.277451186227157,,
140860,20210225,0.97,-12.626520256664964,,
140860,20210317,1.1,5.412936167805271,,
140860,20210318,1.1,3.5626604173641274,,
140860,20210322,1.11,1.2623136136082236,,
140860,20210323,1.12,1.0602409638554189,,
140860,20210324,1.04,-5.63546586517819,,
140860,20210426,1.28,5.697499321138522,,
140860,20230208,0.6,5.202926491670379,,
140860,20230213,0.58,-6.436509920680011,,
140860,20230330,0.93,6.525783289817233,,
140860,20230331,0.95,6.356689711908103,,
140860,20230405,0.94,1.5591165006496377,,
140860,20230530,1.05,-0.7580474862603936,,
140860,20230613,1.14,8.607588053777038,,
140860,20230615,1.01,-8.185846440879995,,
140860,20230629,0.93,1.5961481894323004,,
140860,20230704,0.83,-9.914052494329317,,
140860,20230727,0.83,-1.5869543266803565,,
140860,20241015,0.63,27.555974411697505,,
140860,20241016,0.64,31.115892306797697,,
140860,20250102,0.23,-44.756263352107204,,
140860,20250107,0.21,-25.16354784725392,,
140860,20250108,0.23,-11.314449395289628,,
140860,20250109,0.24,2.226519013300532,,
140860,20250602,0.55,-7.595830293903094,,
140860,20250605,0.46,-16.462413139608334,,
140860,20250611,0.45,-17.85887086505895,,
140860,20250618,0.45,-1.2617807539682557,,
140860,20250620,0.4,-2.861394845430565,,
140860,20250709,0.36,-1.1547080943518084,,
141000,20210108,3.83,-3.959525220346405,,
141000,20210126,4.31,7.569547235300544,,
141000,20210215,4.76,14.010165489758641,,
141000,20210216,4.76,10.68941851280989,,
141000,20260204,1.67,6.4260820568471155,,
141000,20260414,2.96,0.854834914908631,,
141070,20191127,,,,
141070,20191129,,,,
141070,20200916,,,,
141070,20200917,,,,
141070,20200929,,,,
141070,20201005,,,,
141070,20201006,,,,
141070,20201007,,,,
141080,20231121,1.3,15.702852288865587,,
141080,20231201,1.18,-10.553357783741134,,
141080,20231222,1.22,-2.358370622809758,,
141080,20231226,1.27,5.374786846783652,,
141080,20240306,3.35,25.683688149405405,,
141080,20240308,3.99,37.94089913073972,,
141080,20240709,1.66,12.401296665611872,,
141080,20240730,1.74,-1.269197441525327,,
141080,20240812,1.79,-2.7299955448448876,,
141080,20240826,1.77,-6.025508843017513,,
141080,20240920,1.35,-4.711041258566528,,
141080,20241004,1.48,0.16067623738167391,,
141080,20241007,1.48,-1.9092467898808363,,
141080,20241008,1.48,0.23404702317986192,,
141080,20241010,1.51,-0.2158561007137183,,
141080,20241015,1.25,-15.898619613710807,,
141080,20241021,1.13,-13.320398963870039,,
141080,20241111,0.91,1.101232389045692,,
141080,20250718,2.18,7.890256099490278,,
141080,20250923,2.28,-3.8389005998747394,,
141080,20251112,1.81,-8.156440265559805,,
141080,20251114,1.7,-10.571308108852273,,
141080,20251126,1.8,2.4057300452347663,,
141080,20251128,1.73,-2.907834045223834,,
141080,20251201,1.77,0.8940391205908949,,
141080,20260129,1.57,-19.309057530104912,,
142210,20230906,4.55,6.957733013660783,,
142210,20230914,3.19,-28.778682247496956,,
142210,20240109,3.02,7.658384028631393,,
142210,20240119,4.93,-6.663197836235202,,
142210,20240122,4.76,7.791899554570669,,
142280,20200901,2.57,-4.208254035384506,,
142280,20200908,1.25,-51.04865902990991,,
142280,20240816,1.33,88.86350922990864,,
142760,20210707,0.03,-21.930240433457506,,
142760,20210831,0.05,-9.014481748657587,,
142760,20210901,0.04,-20.945531582761888,,
142760,20210903,0.2,344.3925597322749,,
142760,20210923,0.03,-2.3735977889773996,,
142760,20210924,0.03,-13.785339004253194,,
142760,20210928,0.04,42.768431748899175,,
143160,20191025,5.4,-1.9829688223934938,,
143160,20200721,4.12,11.63594208742329,,
143160,20230919,3.43,19.505563225858857,,
143160,20260205,0.69,10.993045398919499,,
143240,20190813,1.37,-2.9020541612024053,,
143240,20191016,1.4,-0.4770361929238631,,
143240,20191112,1.28,2.9642527770513016,,
143240,20191115,1.14,-9.57387074733289,,
143240,20210216,0.17,-7.3331375592566195,,
143240,20210217,0.19,-9.212379764156642,,
143240,20210218,0.28,31.308978425153676,,
143240,20210331,0.3,-8.395488682994811,,
143240,20210526,0.36,-11.127487103905676,,
143240,20210629,0.29,-4.722450095706865,,
143240,20210701,0.29,-5.370586796401488,,
143240,20210702,0.27,-5.069151429910923,,
143240,20210804,0.25,4.592516658124035,,
143240,20210805,0.26,11.087262491203376,,
143540,20191213,0.8,22.447132313446193,,
143540,20191217,1.01,54.77436922860501,,
143540,20191220,1.12,38.699116985239755,,
143540,20191227,1.1,-10.639423166365901,,
143540,20191230,1.07,-4.700421693803447,,
143540,20210121,3.49,26.210466178777313,,
143540,20210423,3.52,-5.0111885516896155,,
143540,20210426,3.78,4.132194607824746,,
143540,20251223,0.01,0.0,,
144510,20200407,1.08,-46.66577501879379,,
144510,20200408,1.0,-54.36315773754923,,
144510,20201126,5.09,-2.312414684441344,,
144510,20201204,6.02,6.9370789497098295,,
144510,20201207,5.89,6.778184263018239,,
144510,20201230,5.51,1.600407338368104,,
144510,20210104,5.43,-4.516774596758111,,
144510,20251211,2.42,4.372490574768961,,
144960,20210917,5.39,9.79052768226465,,
144960,20230523,0.95,33.614145028488984,,
144960,20230524,0.97,33.87138864172998,,
144960,20230525,1.08,54.24839963603978,,
144960,20230605,2.0,57.33147646273311,,
144960,20230614,2.04,3.4459954560327466,,
144960,20230704,2.13,4.191419875141622,,
144960,20251010,2.79,2.8671908891425346,,
144960,20260506,4.45,-0.6506139697251223,,
144960,20260512,4.83,9.017738834405264,,
144960,20260513,4.73,6.353691915061499,,
145020,20200122,0.15,-8.661313676451233,,
145020,20230203,0.43,-1.8370692420084822,,
145020,20230208,0.4,-10.773437635208804,,
145020,20230209,0.37,-18.54645782038521,,
145020,20240215,0.5,26.074622263336412,,
145020,20240220,0.45,2.2144262538515758,,
145020,20240304,0.49,2.4610817714266098,,
145020,20240429,0.46,-19.040034749873303,,
145020,20240611,0.72,7.030732628584047,,
145020,20240816,0.93,33.03649438806371,,
145020,20240819,0.97,7.329004254439608,,
145020,20241106,1.77,3.6715633186156005,,
145020,20250227,0.88,-11.864553155741886,,
145020,20250401,0.67,-2.805261847080398,,
145020,20250429,0.73,3.0637853684537752,,
145020,20250502,0.68,-6.2164531787952,,
145020,20250630,0.56,-3.9682758240850435,,
146060,20251230,0.06,0.1260744985673412,,
146060,20260202,0.41,24.985745961355722,,
146320,20240104,2.89,-3.668578552965507,,
146320,20251027,1.03,-21.02680256700642,,
147760,20200703,4.33,8.123200298310262,,
147760,20210319,3.45,-0.029943801900367273,,
147760,20210630,2.73,-13.969419137700923,,
147760,20230717,1.92,-7.284827053105758,,
147760,20240109,1.19,2.004596829609273,,
147760,20240202,2.43,5.177145410015238,,
147760,20240215,2.36,-18.975687954227205,,
147830,20201217,2.34,7.49476609710833,,
147830,20210405,2.67,-9.481497992252697,,
147830,20210406,2.62,-8.825499512374579,,
147830,20210621,4.14,7.417812684320002,,
147830,20230417,1.18,16.098829902280777,,
147830,20240429,3.53,-0.08432297674209055,,
147830,20240507,2.8,-17.291644255692884,,
147830,20240508,2.6,-26.447119591295266,,
147830,20240621,3.61,-40.79120071830871,,
147830,20240624,3.22,-52.034569626101344,,
147830,20260508,5.31,16.53079997809779,,
148150,20210901,5.87,7.805645615299084,,
148150,20210902,6.03,4.0779332482999475,,
148250,20200520,7.51,52.20472599411767,,
148250,20200521,8.15,60.1679458289641,,
148250,20200522,7.73,54.77745937524876,,
148250,20200526,6.9,-7.5932046197031084,,
148250,20200710,8.6,2.132175330909969,,
148250,20250221,0.02,0.0,,
148250,20250304,0.02,-18.64175022789426,,
148250,20250310,0.02,0.0,,
148250,20250325,0.01,0.0,,
148780,20250618,0.09,-78.29516074273329,,
148780,20250619,0.09,-77.87054277534186,,
149950,20190701,0.47,-20.239894523587488,,
149950,20210115,0.42,2.55279398477819,,
149950,20210118,0.44,2.8578492684487644,,
149950,20210125,1.01,124.71897402542314,,
149950,20210202,0.65,-32.8463511972634,,
149950,20210205,0.75,-8.822184504018537,,
149950,20210215,0.53,-33.48083515113742,,
149950,20211006,1.03,-0.2952120298902128,,
149950,20240627,0.87,30.053070075325273,,
149980,20211222,4.28,-4.2085212302391595,,
149980,20220114,4.81,-16.224431310435783,,
149980,20220401,8.28,0.030874624223331537,,
149980,20220404,8.73,9.107292076559514,,
149980,20230720,7.36,2.0944647258038573,,
149980,20230817,5.56,-12.499181609120146,,
149980,20230821,5.64,-4.726326024215122,,
150840,20191115,,,,
150840,20210723,,,,
150840,20211020,,,,
150840,20211021,,,,
150840,20211025,,,,
150840,20211026,,,,
150840,20211027,,,,
150840,20211102,,,,
150840,20211103,,,,
150840,20211202,,,,
150900,20200709,1.86,37.11167086481948,,
150900,20200826,1.63,21.45489844029398,,
150900,20200827,1.68,18.66923326364884,,
150900,20210107,1.28,30.46335345015634,,
150900,20211110,0.58,53.955971588503694,,
150900,20211117,0.63,9.205762385615412,,
150900,20211216,1.38,63.15656592221672,,
151860,20200511,6.56,-8.358026890548032,,
151860,20201217,5.9,12.150332539249131,,
151860,20210512,6.23,-4.338281079187379,,
151860,20210518,6.42,6.810229310878113,,
151860,20210520,6.17,-0.8127310337883498,,
151860,20210528,4.63,-17.668456574215476,,
151860,20210601,5.85,9.764542972325586,,
151860,20210614,6.32,-1.7583763978266775,,
151860,20210617,6.3,-2.253855431844498,,
151860,20210618,6.22,-6.654989349404827,,
151860,20210622,5.88,-9.743601741508867,,
151860,20210623,5.88,-4.799843771745127,,
151860,20230419,9.63,4.561597134324913,,
151860,20230420,9.55,6.4573478591874345,,
151910,20210215,,,,
151910,20210219,,,,
151910,20210302,,,,
151910,20210329,,,,
151910,20210426,,,,
151910,20210428,,,,
151910,20210430,,,,
153460,20190923,2.13,38.098010004242425,,
153460,20210806,0.23,-3.1185284443903005,,
153460,20210809,0.23,-0.7105666156202117,,
153460,20260409,0.04,0.0,,
153460,20260413,0.03,-32.36065573770491,,
153490,20191223,0.18,7.48465169884085,,
153490,20200113,0.67,14.927089515998482,,
153490,20200115,0.99,70.66301997721955,,
153490,20210412,1.89,-0.5718420486899412,,
153710,20200529,3.41,4.297850968558148,,
153710,20200605,4.32,26.617130735846306,,
153710,20200609,4.5,9.310344246180623,,
153710,20200617,3.22,-27.465773348722422,,
153710,20200618,3.17,-25.40519987467036,,
154030,20201113,2.22,-7.383745692492349,,
154030,20201116,2.41,5.674495477473163,,
154030,20201118,2.07,5.426859240511628,,
154030,20201120,2.4,8.392326272761053,,
154030,20201126,1.64,-20.36826290517405,,
154040,20201123,1.96,-0.5116596741145507,,
154040,20201124,1.95,-1.1146225465136106,,
154040,20210113,3.68,-11.807607311305546,,
154040,20210203,3.69,-11.495981619716355,,
155650,20200213,5.8,-9.336322414594422,,
155650,20200214,5.61,-11.525287887656365,,
155650,20200217,5.61,-9.676158709813343,,
155650,20200218,5.57,-9.134935232653696,,
155650,20200520,2.95,19.361593318756377,,
155650,20200604,4.16,7.9098493034647,,
155650,20200914,6.19,-2.993677029465147,,
155650,20230712,3.24,-2.943588362728422,,
156100,20200504,0.39,-11.418634980437615,,
156100,20200602,0.08,165.40540540540542,,
156100,20200604,0.07,187.40619902120716,,
156100,20200605,0.06,307.1186440677966,,
156100,20200608,0.06,433.16546762589934,,
156100,20200804,0.09,12.967531826704825,,
156100,20200827,0.22,50.34140616664888,,
156100,20200831,0.27,32.00628400643728,,
156100,20201106,0.33,12.323824850105126,,
156100,20201109,0.29,49.557660080283725,,
156100,20201117,0.2,-30.931191095009325,,
156100,20201119,0.29,-2.3765677881743996,,
156100,20201120,0.27,-6.392227721475896,,
156100,20201202,0.43,54.90909090909091,,
156100,20201217,0.67,18.903403815725817,,
156100,20201218,0.69,13.964321110009914,,
156100,20201221,0.53,-14.080801528093122,,
156100,20201229,0.2,-61.61493288590605,,
156100,20201230,0.19,-39.134919543391554,,
156100,20210105,0.18,-20.35099990461959,,
156100,20210106,0.18,-11.659927876734788,,
156100,20210108,0.18,-8.665687492938655,,
156100,20250908,0.37,50.22839926134708,,
156100,20251202,2.13,5.305944995816025,,
156100,20251203,2.17,14.372441865975594,,
156100,20251204,2.16,15.936012188154635,,
158430,20210811,6.52,13.624617993887899,,
158430,20210903,5.28,-3.790975897268689,,
158430,20211111,6.1,1.1923709530990534,,
158430,20211117,7.07,17.08587943534452,,
158430,20211126,6.99,1.2203464123475838,,
158430,20241119,4.93,62.667927932917735,,
158430,20250103,8.34,-11.255489538766861,,
158430,20250106,9.13,-0.22064164748264448,,
158430,20250618,13.94,63.71059127343304,,
158430,20250620,13.05,16.671721060832102,,
158430,20250623,11.86,-10.01808674299215,,
159010,20260219,1.08,3.2844070590241303,,
159010,20260507,2.15,-17.278262395131392,,
159010,20260511,1.86,-21.296778243601754,,
159580,20190626,0.57,47.045101088646966,,
159580,20210414,2.83,1.3689523531152048,,
160190,20251013,1.98,4.740262179318644,,
160190,20251015,1.86,-6.446549294518467,,
160190,20260121,1.7,-17.788057911419518,,
160190,20260128,1.55,-8.825853095698665,,
160550,20200701,0.78,-27.38912081667778,,
160550,20200702,0.82,-12.365048573060012,,
160550,20201229,1.08,8.240366651306186,,
160550,20201230,1.17,19.535229934097064,,
160550,20210112,0.55,-51.13447133885081,,
160550,20210120,0.77,6.040154567448708,,
160550,20210304,0.88,19.836983962876587,,
160550,20210305,0.88,5.384131517655266,,
160550,20210324,1.16,-8.303710798426211,,
160550,20211020,1.47,18.98784347534268,,
160550,20211117,1.16,-16.20273556701829,,
160550,20250731,0.91,17.5107229482512,,
160550,20250801,0.86,12.75233391330377,,
160980,20200116,4.25,8.253783804548242,,
160980,20200709,3.82,-2.5802633387778107,,
160980,20201117,3.42,-7.614435644490614,,
160980,20201208,3.69,-6.552447988471899,,
160980,20201216,3.76,13.057182192153483,,
160980,20201217,3.6,-1.8425610702980322,,
160980,20201218,3.56,-8.227159470394563,,
160980,20210120,4.54,-5.716552681081433,,
160980,20210121,4.76,-2.4178543484690285,,
160980,20210405,3.87,6.943148636585983,,
160980,20210413,4.13,10.173172307054855,,
160980,20210421,3.82,-7.174741860377532,,
160980,20240305,1.52,-5.702053732084133,,
160980,20240312,1.82,19.53127803897643,,
160980,20240425,2.28,-20.21664095182045,,
160980,20250915,1.98,18.442594010896187,,
160980,20250917,2.05,20.151195274347987,,
160980,20250918,2.2,31.596014867943456,,
160980,20250919,2.18,10.580056685469508,,
160980,20250922,2.19,10.180505746283043,,
160980,20251002,1.96,-5.174134185754909,,
160980,20251010,1.93,-5.31190605787506,,
160980,20260212,3.61,-7.011401551401031,,
160980,20260227,5.06,12.21896620906846,,
160980,20260318,4.25,-14.831267280684092,,
160980,20260325,4.26,0.2317621664387648,,
160980,20260326,3.89,-5.8949120808273525,,
160980,20260401,4.17,-2.0306299736170375,,
160980,20260417,3.78,0.9396503184573746,,
160980,20260423,3.61,-4.199977671312006,,
160980,20260429,3.75,3.71484369071049,,
161570,20200929,,,,
161570,20230519,,,,
161570,20230524,,,,
161570,20230613,,,,
161570,20230614,,,,
161570,20230615,,,,
161570,20230713,,,,
161570,20230717,,,,
161580,20191118,1.43,-10.028409090909097,,
161580,20200110,1.4,-4.961449442012,,
161580,20200214,2.12,31.628377306614496,,
161580,20200708,1.34,-3.1840762086644103,,
161580,20200811,1.73,6.248242015111405,,
161580,20230217,1.38,40.31334780872287,,
161580,20230630,1.94,-12.115221166993084,,
161580,20230704,2.07,5.66189930292329,,
161580,20230705,2.37,16.890953562757026,,
161580,20230710,3.1,57.47841581881934,,
161580,20230711,3.17,53.11870435142105,,
161580,20230712,3.45,45.61646565567141,,
161580,20230713,3.62,49.34513228066506,,
161580,20240403,6.69,-3.6949009062211324,,
161580,20240404,5.93,-14.162001065209695,,
161580,20240405,6.63,1.6665979906524075,,
161580,20250206,7.31,-7.7855916381774914,,
161580,20250207,7.48,-2.792505343353757,,
161580,20250210,7.63,-0.37626102802068573,,
161580,20250219,4.58,-36.819149782827324,,
161580,20251104,6.16,0.9779969894883722,,
161580,20260506,2.79,4.310756807648897,,
163730,20260422,7.63,6.829856301167081,,
163730,20260423,7.77,8.049199802256336,,
163730,20260508,6.57,-13.447990489113316,,
163730,20260511,6.53,-12.598028686326701,,
163730,20260512,6.46,-10.347074973974536,,
164060,20230609,,,,
164060,20230612,,,,
164060,20230628,,,,
166090,20200624,3.03,8.390073797450626,,
166090,20200707,2.73,-0.7204057750591519,,
166090,20200708,2.85,9.278792055538032,,
166090,20200722,3.79,10.181553695159495,,
166090,20200803,3.84,-3.6527517864847536,,
166090,20200804,3.37,-12.416640622012288,,
166090,20201230,2.47,0.6505399460880801,,
166090,20210104,2.6,5.601710169163399,,
166090,20210216,2.48,-7.789789303994022,,
166090,20210217,2.6,-1.9219515377339125,,
166090,20210219,2.69,2.876447052340314,,
166090,20210405,1.72,-5.816880696341875,,
166090,20210406,1.75,-2.899798456527014,,
166090,20210419,1.88,-0.7201511382128989,,
166090,20210722,1.7,-3.4053763686652805,,
166090,20210727,1.65,-1.838640832573979,,
166090,20211119,1.04,-7.6260467840928765,,
166090,20211122,1.04,-8.881685431623577,,
166090,20240102,1.15,0.2780392757843142,,
166090,20240103,1.18,4.335059148666653,,
166090,20240626,1.13,-3.1135107340275137,,
166090,20250922,2.99,51.108766672272935,,
166090,20250924,3.07,30.297629351336,,
166090,20251017,2.66,-0.9430259829759535,,
166090,20260107,2.2,-5.027448525864209,,
166090,20260126,3.68,9.737172782748061,,
166090,20260127,3.68,2.6909193457416825,,
166090,20260128,3.73,4.276605875508199,,
166090,20260416,2.03,-5.333195476089214,,
166090,20260428,2.0,-2.7553247110284174,,
166480,20200305,3.28,-1.4745438266664856,,
166480,20200515,2.3,2.3719258963985634,,
166480,20200519,2.72,12.466851833914916,,
166480,20200724,3.43,0.9123906730073461,,
166480,20200806,5.3,12.405232014110013,,
166480,20200826,5.2,-6.018200155870357,,
166480,20240220,0.52,-2.586573882244758,,
166480,20240312,0.47,-3.2622233183303484,,
166480,20240401,0.48,-1.844183126478971,,
166480,20240607,0.28,-7.9714535784016665,,
166480,20241015,0.86,1.7458043751215735,,
166480,20241017,0.88,1.8124678469813693,,
168330,20210906,0.0,,,
168330,20210907,0.0,,,
168330,20210908,0.0,,,
168330,20250602,0.0,,,
168330,20250605,0.0,,,
168330,20250609,0.0,,,
168330,20250611,0.0,,,
168330,20250612,0.0,,,
168360,20250910,5.56,-8.660096730902268,,
168360,20250915,5.01,-13.664790039165098,,
168360,20250916,4.95,-11.588027411006784,,
168360,20250918,4.69,-12.695104081707498,,
168360,20250922,4.55,-9.006803663568764,,
168360,20260226,5.05,5.022425632858951,,
170030,20200122,4.72,151.94890510948906,,
170030,20200206,3.19,176.8487530123542,,
170030,20200914,6.48,0.8512159214941306,,
170030,20200915,6.5,1.807541321998296,,
170790,20191113,0.39,-1.7680237182731928,,
170790,20200409,0.74,96.81463525490493,,
170790,20200416,0.79,-4.092053721320655,,
170790,20200506,0.93,26.045241809672383,,
170790,20200922,2.62,13.234582487540925,,
170790,20210831,4.52,7.124296978385525,,
170790,20211115,4.76,14.06226017553407,,
170790,20230717,2.18,5.291461584844281,,
170790,20250929,2.32,-4.281354897772349,,
170790,20250930,2.36,-2.6030089828609215,,
170920,20210119,5.36,26.27969630173892,,
170920,20230310,2.92,0.7928777703730239,,
170920,20231220,9.11,25.56165584237724,,
170920,20231221,9.08,24.656423162347153,,
170920,20240125,6.27,-12.896936772937595,,
170920,20250911,4.21,-5.198816514995297,,
170920,20250915,4.86,4.925365198782439,,
170920,20250917,5.75,34.52936332051988,,
170920,20250918,6.04,39.11208523073868,,
170920,20251029,8.66,0.5970054316590145,,
170920,20260106,7.96,-1.6725471253424384,,
170920,20260127,7.85,-1.8126938243510748,,
170920,20260129,7.63,-3.188437087681417,,
170920,20260318,8.79,1.705413805439071,,
170920,20260319,8.69,0.3529484950577366,,
170920,20260421,8.7,1.9544872753868958,,
170920,20260422,8.52,0.7257448860860993,,
170920,20260423,7.81,-10.612186153416625,,
171010,20190702,0.38,0.06808124361739054,,
171010,20190703,0.44,18.463473190808276,,
171010,20190715,0.55,34.03037456391402,,
171010,20190729,1.19,19.834774684937152,,
171010,20211122,3.83,-2.396253608617749,,
171010,20211210,8.74,0.23887315046047242,,
171090,20210112,3.2,15.184727098627505,,
171090,20210115,4.08,29.80573823703745,,
171090,20210120,5.03,56.91915664566809,,
171090,20210215,4.91,8.32253243332639,,
171090,20210216,4.81,11.082665108543278,,
171090,20210303,5.41,1.2031888857343631,,
171090,20210304,5.79,5.502186934957631,,
171090,20210524,6.26,30.03190188561289,,
171090,20210712,5.89,-2.4615080534321154,,
171090,20230228,3.79,-17.326354711626777,,
171090,20230328,4.65,1.511197270034681,,
171090,20230329,4.51,-6.718342808773836,,
171090,20240314,2.87,-19.677304032074595,,
171090,20240426,2.94,-1.9534250707673784,,
171090,20240430,3.56,33.29360208962739,,
171090,20240508,3.91,29.950349855448955,,
171090,20240510,4.56,17.26426114608346,,
171090,20251029,2.1,4.451698142535165,,
171090,20251104,2.13,6.023403329118393,,
171090,20251204,1.78,-17.790137046882435,,
171090,20260122,1.29,-11.69364062678715,,
171090,20260123,1.14,-22.705011028349553,,
171090,20260126,0.96,-36.291075942411254,,
171090,20260204,1.33,56.554412033371904,,
171090,20260205,1.2,32.721622021607224,,
171090,20260206,1.7,43.335633850804165,,
171090,20260209,1.82,49.158916674466305,,
171090,20260219,1.3,-28.044175194806677,,
171090,20260220,1.19,-30.852109300095876,,
171120,20210409,1.86,-2.8190573203758063,,
171120,20210412,1.67,-12.184350081180973,,
171120,20210429,1.52,-6.466535209254431,,
171120,20210507,1.83,20.631067118173128,,
171120,20220906,3.89,16.5853018248181,,
171120,20220908,4.08,16.490492309036497,,
172670,20260206,2.69,-5.6436516231689655,,
173130,20200814,0.15,2.972269036310715,,
173130,20220421,3.78,254.15925581981017,,
173130,20221110,4.29,17.59273560526249,,
173130,20221128,4.39,-9.538558436345014,,
173130,20221201,4.31,7.845381424524489,,
173130,20221202,4.62,7.2155978337209215,,
173130,20221205,4.29,-2.566172279371537,,
173130,20230413,6.91,6.223791886052066,,
173130,20230414,6.86,5.380021497837939,,
173130,20230821,6.61,0.42409732240604736,,
173130,20230823,5.87,-13.564026279905795,,
173940,20211012,0.13,-0.05315190815350368,,
173940,20211013,0.13,4.411608376740728,,
173940,20211014,0.09,-25.07175507600723,,
173940,20211018,0.29,126.12416285744659,,
173940,20211026,0.19,-25.768749500812017,,
173940,20211101,0.12,-31.68398855249285,,
173940,20230619,0.18,388.65495040890903,,
174880,20210428,,,,
174880,20210720,,,,
174900,20220902,2.07,33.405079638398625,,
174900,20250930,0.0,-57.310924369747895,,
174900,20251001,0.0,-93.48314606741573,,
174900,20251029,0.0,,,
174900,20251110,0.0,,,
174900,20251111,0.0,,,
174900,20251113,0.0,,,
174900,20251117,0.0,,,
174900,20251118,0.0,,,
174900,20251120,0.0,,,
174900,20251125,0.0,,,
174900,20251126,0.0,,,
174900,20251201,0.0,,,
174900,20251202,0.0,,,
174900,20260102,0.0,,,
174900,20260105,0.0,,,
174900,20260106,0.0,,,
174900,20260108,0.0,,,
174900,20260123,0.0,,,
174900,20260126,0.0,,,
174900,20260310,0.0,,,
174900,20260312,0.0,,,
174900,20260313,0.0,,,
175140,20190904,0.74,17.052794763586256,,
175140,20230616,0.0,,,
175140,20230703,0.0,,,
175140,20230804,0.04,-11.759560109972512,,
175140,20230811,0.05,27.2341028182977,,
175140,20230814,0.05,4.904250350303596,,
175250,20200623,4.7,-15.437823935154515,,
175250,20200624,4.69,-9.335614160702466,,
175250,20201204,7.01,30.366706145091825,,
177350,20210120,0.34,-17.922751809850613,,
177350,20210122,0.48,15.067777847400631,,
177350,20210125,0.56,77.4469741194785,,
177350,20210126,0.65,90.89346638278224,,
177350,20210127,1.91,449.02875497093913,,
177350,20210202,1.88,184.51677058697052,,
177350,20210204,2.02,8.548340079423866,,
177350,20220426,0.63,255.69886443291742,,
177350,20220427,0.52,33.18738685639708,,
177350,20220502,1.47,190.11810235537467,,
177350,20250122,0.0,,,
178320,20200702,5.4,20.124011731701085,,
178320,20200703,5.58,22.31439206764778,,
178320,20200708,4.87,-14.091520312153872,,
178320,20200805,4.83,4.586387959746396,,
178320,20200807,5.17,5.261880687563192,,
178320,20200904,4.83,-4.3994283228733,,
178320,20230620,3.11,6.066622725287729,,
178320,20240213,2.03,-5.019623839109388,,
178320,20240214,2.04,-0.5301623203489036,,
178320,20240523,2.07,-12.419083481725968,,
178320,20240524,1.95,-16.974062548115544,,
178320,20240527,2.0,-5.698483007462107,,
178320,20260122,2.56,-4.572582403996517,,
178320,20260126,2.65,-7.063012462074669,,
178320,20260127,2.64,-1.6285482368436632,,
178320,20260129,2.53,-1.259017668900031,,
178320,20260227,2.56,-4.7247553384343615,,
178320,20260423,2.56,18.407055891986325,,
178320,20260430,2.31,-9.29585603812636,,
178320,20260504,2.2,-9.08990816539923,,
178320,20260507,2.31,-1.9941132194333244,,
178780,20200131,0.0,,,
178780,20200713,0.0,,,
178780,20200811,0.0,,,
178780,20200812,0.0,,,
178780,20200914,0.0,,,
178780,20200915,0.0,,,
178780,20200921,0.0,,,
178780,20200922,0.0,,,
178780,20250115,0.0,,,
178920,20200120,1.67,5.60380466481647,,
178920,20210119,1.61,-12.12797192052294,,
178920,20210120,1.57,-13.473945825500655,,
178920,20210216,1.55,-6.3656684527135905,,
178920,20210426,1.44,5.1029291716094605,,
178920,20210427,1.44,3.158129510704466,,
178920,20210621,1.27,-8.516607177181346,,
178920,20210623,1.28,1.4867027908186392,,
179290,20220128,5.04,-1.2801208130507225,,
179290,20220204,5.44,4.120787003317461,,
179290,20220324,4.74,-8.93522225782557,,
179290,20220408,4.37,4.680111053482627,,
179290,20220818,4.98,5.302909995780691,,
179290,20230404,3.51,2.252779297506269,,
179900,20190711,3.16,-3.6653170975889937,,
179900,20190712,3.16,-3.8795822929531987,,
179900,20220721,2.3,6.994409714901151,,
179900,20220722,2.32,8.916865763458715,,
179900,20220727,2.47,17.596413129387688,,
179900,20220728,2.5,8.53550067374318,,
179900,20220824,2.66,-5.320503162781154,,
179900,20220826,2.66,-5.3720868039475285,,
179900,20220913,2.62,-1.1498240914863067,,
179900,20220916,2.5,-5.587463021594696,,
179900,20230915,1.02,10.248455422228698,,
179900,20231107,0.94,-8.081747507988746,,
179900,20231227,1.52,5.18805104603921,,
179900,20231228,1.54,4.109351520055493,,
179900,20240102,1.47,0.8124885123732106,,
179900,20240110,1.26,-16.10152638606488,,
179900,20240111,1.25,-7.929659205737439,,
180400,20230328,0.05,-61.482124173833164,,
180400,20230512,0.45,-25.334261760230014,,
180400,20260102,0.0,,,
180400,20260129,0.0,,,
180400,20260210,0.0,,,
180400,20260212,0.0,,,
181340,20201202,,,,
181340,20201217,,,,
181340,20210106,,,,
181340,20210208,,,,
181340,20210209,,,,
181340,20210210,,,,
181340,20210222,,,,
181340,20210315,,,,
181340,20210510,,,,
181340,20210511,,,,
181340,20210512,,,,
181340,20210513,,,,
181340,20210514,,,,
181340,20210517,,,,
182360,20230403,5.89,-3.4851036576687644,,
182360,20250327,5.33,0.11087319831053488,,
182400,20200602,0.35,20.57895069133153,,
182400,20201216,0.82,77.91761654451707,,
182400,20210105,0.93,-2.013523299122788,,
182400,20210910,0.97,-24.580831539594428,,
182690,20191015,,,,
182690,20191016,,,,
182690,20200526,,,,
182690,20200527,,,,
182690,20200603,,,,
182690,20200604,,,,
182690,20200623,,,,
182690,20200624,,,,
183300,20200217,1.57,-5.104971923336721,,
183300,20200519,0.99,43.86379566089096,,
183300,20200525,1.09,19.359793865517073,,
183300,20200727,1.37,-5.8929249265998855,,
183300,20201230,0.77,-6.727475977547326,,
183300,20210121,0.8,2.4938002935371184,,
183300,20210122,0.81,4.621854109947976,,
183300,20210324,0.6,-2.981582483598133,,
183300,20210419,0.67,25.247707097867323,,
183300,20210818,0.76,-12.845572598524956,,
183300,20210819,0.62,-42.44873834962492,,
183300,20240102,1.34,14.239545428643542,,
183300,20240320,1.26,8.711582184274658,,
183300,20240321,1.5,39.98068950855684,,
183300,20240411,1.31,-15.568047373550996,,
183300,20240415,1.67,13.111545988258321,,
183300,20240418,1.97,51.08071413531978,,
183300,20240502,2.86,1.2457271019955973,,
183300,20240514,3.31,4.769934301417145,,
183300,20250826,2.58,-11.160515201594922,,
183300,20250909,2.37,-4.449944361306168,,
183300,20250910,2.39,-1.261930261127031,,
183300,20250912,2.35,-2.5521227605349472,,
183300,20250919,2.01,-14.17751326069453,,
183300,20251010,2.42,19.122019964768057,,
183300,20251013,2.35,13.13290486900993,,
183300,20251020,2.37,1.0147063587185423,,
183300,20260410,2.27,3.2352406745636886,,
183300,20260416,2.08,-9.028965781335197,,
183490,20200611,3.29,10.94638347338821,,
183490,20200727,3.38,4.509723106897967,,
183490,20200728,3.28,-1.1578305911029818,,
183490,20200731,3.95,14.108184321285243,,
183490,20240509,0.73,5.507437221031108,,
183490,20251219,0.55,-42.13574166088899,,
183490,20251222,0.54,-43.760813822521506,,
184230,20210604,0.13,15.307127323458204,,
185490,20200805,0.3,34.66518541219736,,
185490,20210317,0.24,42.937463010455716,,
185490,20210408,0.28,-2.38501328114078,,
185490,20210412,0.29,-3.6654537671232834,,
185490,20210415,0.26,-9.89058203483043,,
185490,20210514,0.17,-6.251868300807106,,
185490,20210517,0.16,-15.627260306999924,,
185490,20210830,0.08,8.800320219579149,,
186230,20200824,3.42,-12.259202746519172,,
186230,20240516,2.39,-8.36035921458903,,
186230,20240520,2.63,1.0476826291676788,,
187220,20210215,1.74,16.44984345040168,,
187220,20231226,1.85,58.023830281894796,,
187270,20210126,0.11,24.17745701549565,,
187270,20210701,0.4,-13.880797438281167,,
187270,20210702,0.41,-3.1674105625665527,,
187270,20210907,4.04,-10.627434764630351,,
187270,20210908,4.16,-9.273678343266301,,
187270,20220608,7.24,82.45413128909335,,
187420,20200805,3.99,6.472128921907938,,
187420,20200826,4.21,7.081156181098791,,
187420,20200828,4.06,0.6695024464550947,,
187660,20240311,4.01,-7.8828299694163935,,
187660,20240322,4.29,6.697866802570029,,
187660,20241022,5.06,-3.580304665633516,,
187660,20260210,0.0,,,
187660,20260211,0.0,,,
187660,20260212,0.0,,,
187660,20260213,0.0,,,
187660,20260219,0.0,,,
187660,20260223,0.0,,,
187660,20260226,0.0,,,
187790,20210413,3.12,23.06142924115562,,
187790,20210727,4.03,53.90871546280631,,
187790,20230821,1.59,-12.622888675108989,,
187790,20250521,0.0,,,
187790,20250626,0.0,,,
187790,20250716,0.0,,,
187790,20250717,0.0,,,
187790,20250723,0.0,,,
187790,20250730,0.0,,,
187790,20250819,0.0,,,
187790,20251105,0.0,,,
187790,20251106,0.02,,,
187790,20251111,0.38,,,
187790,20251203,0.3,-2.997556285554037,,
187790,20251204,0.32,2.7802845178102498,,
187790,20251205,0.34,3.803234108677711,,
187790,20251208,0.41,24.71934348435676,,
187790,20260209,0.27,-2.00228371068385,,
187790,20260306,0.28,16.752672806181867,,
187790,20260422,0.58,156.89034837235866,,
187790,20260424,0.69,141.00894764957266,,
187870,20200121,3.87,-6.4710838105597634,,
187870,20200211,7.33,30.67538126361655,,
187870,20200701,6.29,32.23591428562911,,
187870,20200707,7.22,32.915790436134216,,
187870,20200730,6.32,-7.213492942528587,,
187870,20200803,6.78,1.0923831334014311,,
187870,20200813,6.68,-2.8868191148105793,,
187870,20200814,6.75,-2.3983912329575863,,
187870,20201120,8.09,16.20184216163285,,
187870,20201130,8.71,7.337256569495709,,
187870,20201201,8.76,-4.120636735302519,,
187870,20201202,8.76,-8.635876293545152,,
187870,20201204,9.24,4.251488757836208,,
187870,20201211,9.36,1.2762525157860694,,
187870,20201214,9.26,-1.609557236072412,,
187870,20201216,9.15,-1.9168667841500842,,
187870,20260205,0.9,-9.56686618273408,,
187870,20260206,0.91,-12.16262014179782,,
187870,20260209,0.99,-8.85007090369988,,
187870,20260210,1.18,12.869946657279785,,
187870,20260211,0.99,-2.924097030600059,,
189300,20190906,4.91,9.762880345546797,,
189300,20191010,5.85,5.524885655333023,,
189300,20191011,5.69,3.9810951823206597,,
189300,20201215,4.61,1.9805906779265525,,
189300,20201216,4.65,1.5231246653501396,,
189300,20201218,5.23,12.636795550892632,,
189300,20201228,5.67,8.34216823675522,,
189300,20201229,5.62,6.747463897240791,,
189300,20201230,5.94,10.114724250670527,,
189300,20210118,5.52,-6.576445112862606,,
189300,20210120,5.42,1.3773859572375091,,
189300,20210121,5.28,-6.706602452532562,,
189300,20210204,4.56,15.479039010498074,,
189300,20210222,5.62,18.309100700053847,,
189300,20230328,2.67,8.472937717683514,,
189300,20251222,2.0,3.3399263434654936,,
189300,20260102,2.61,36.605290141365245,,
189300,20260105,2.79,26.25099685204617,,
189300,20260126,2.8,3.8862298130229567,,
189300,20260128,2.69,-1.576713365249871,,
189300,20260129,2.66,-7.426619392232103,,
189300,20260209,1.63,-39.23997335661753,,
189300,20260211,2.28,8.375765430955816,,
189300,20260506,1.85,-6.796242908955641,,
189300,20260508,2.04,3.7734694549955927,,
189300,20260511,2.04,9.773085706041273,,
189330,20230208,1.43,-32.84505736470042,,
189690,20200608,2.11,17.263508996615286,,
189690,20200915,3.09,25.353734297528764,,
189690,20210609,1.99,-9.052857111302536,,
189690,20250624,1.71,1.1287681413023387,,
189860,20210412,1.57,-20.23939744351033,,
189860,20210414,1.32,-21.554359604569363,,
189860,20210608,1.92,0.8098783562708878,,
189860,20210706,4.98,6.758322647002357,,
189860,20210707,5.13,17.791635750102785,,
189860,20210709,4.98,2.324799553435497,,
189860,20210902,3.67,-3.138103134303649,,
189860,20210907,4.21,9.126867780093706,,
189860,20240528,0.82,-2.1755665286312786,,
189860,20260320,0.02,-0.38804811796663286,,
189860,20260323,0.02,-0.38804811796663286,,
189860,20260504,0.01,,,
189860,20260506,0.0,-83.54430379746836,,
189980,20190814,1.57,5.779364890906269,,
189980,20210217,5.41,10.669459297004646,,
189980,20210312,6.53,17.659010613139504,,
189980,20210315,5.96,-1.9115482735756806,,
189980,20260130,1.09,0.7782629300230548,,
190510,20221125,5.75,12.986417744725909,,
190510,20221201,6.74,17.060821607604293,,
190510,20240126,4.99,1.601110643205872,,
190510,20250807,2.78,-2.0924277235305433,,
190510,20250808,2.78,-3.630203633502105,,
190510,20250813,2.98,6.305737720774562,,
190510,20250814,2.95,6.311461584905298,,
190510,20250827,3.03,-0.15105604962695196,,
190510,20250829,3.02,5.929355199581088,,
190510,20250919,2.61,1.716266692707702,,
190510,20251219,3.31,-6.640502293145689,,
190510,20260105,3.1,-1.2594241496733827,,
190510,20260106,3.08,-1.072630085399917,,
190510,20260112,5.66,77.98368681548477,,
190650,20210325,1.21,-4.692771451190547,,
190650,20210329,1.76,29.976295137050933,,
190650,20210331,2.58,89.09985130961913,,
190650,20210407,2.62,1.6530575213209886,,
190650,20210422,3.59,1.4275700007494896,,
190650,20210423,3.53,-0.06759055145938442,,
190650,20210707,4.52,-18.922840320380775,,
190650,20210720,7.69,-4.412356229706016,,
190650,20260213,0.82,-16.82507143744565,,
190650,20260219,0.85,-14.057094108911672,,
191410,20200603,1.38,21.669104136198293,,
191410,20200916,0.91,-22.43353561624043,,
191410,20210719,1.41,-1.4848691830249727,,
191410,20230418,1.04,-2.222997041029795,,
191410,20260128,0.02,-55.195253208224095,,
191410,20260202,0.02,0.0,,
191420,20200903,4.01,-6.073509572190816,,
191420,20240318,2.23,-7.642659771338756,,
191420,20240319,2.22,-6.373430479911701,,
191420,20240320,2.38,2.244685516811362,,
191420,20240403,2.55,5.319995741164174,,
191420,20240404,2.56,8.55043906395412,,
192250,20200917,7.12,43.28002957033408,,
192250,20210226,6.4,-17.37231150954908,,
192250,20210524,9.15,1.9180727690897292,,
192250,20210527,9.32,3.574299786830193,,
192250,20250611,1.93,1.2447397563676743,,
192250,20260416,2.97,-1.1238166651045045,,
192390,20210521,2.06,14.348429195608926,,
192390,20210712,3.75,-3.097710587326119,,
192390,20210713,3.71,-3.592687951815998,,
192390,20230621,1.96,-3.7886692293611524,,
192390,20230629,2.1,6.870442674358479,,
192390,20230703,2.08,-0.9660930767789733,,
192390,20241118,3.29,6.509596591295508,,
192390,20241119,3.28,2.6396046452468624,,
192410,20200818,0.06,0.0,,
192410,20220509,0.33,662.8687286316292,,
192410,20220613,0.64,-0.9729186593625316,,
192410,20240220,0.79,-59.363359689448295,,
192410,20240520,0.36,-83.65818315407066,,
192410,20240701,0.08,0.0,,
192410,20240702,0.08,0.0,,
192410,20240703,0.08,0.0,,
192410,20240710,0.02,-59.33551708001872,,
192410,20240711,0.02,-58.50047755491882,,
192410,20260320,0.0,-50.0587544065805,,
192410,20260323,0.0,-50.0587544065805,,
192410,20260324,0.0,-50.0587544065805,,
192410,20260401,0.0,0.0,,
192410,20260410,0.0,,,
192440,20200914,3.29,-6.3864150667931945,,
193250,20210203,2.66,5.424489855325598,,
193250,20210716,3.97,0.4091630643198618,,
193250,20250411,0.02,0.0,,
194480,20201130,0.1,-0.8393486654356241,,
194480,20201204,0.24,134.0104960216692,,
194480,20201209,0.1,-40.50900258725382,,
194480,20201210,0.05,-79.88254875482838,,
194480,20201215,0.07,-53.80028975816338,,
194480,20210122,0.06,0.8324813787059959,,
194480,20210125,0.06,6.309194229928594,,
194480,20210126,0.11,192.3905569562228,,
194480,20210127,0.08,49.24744130042142,,
194480,20210218,0.0,-99.66777408637874,,
194480,20210219,0.0,0.0,,
194480,20210222,0.0,0.0,,
194480,20210317,0.04,551400.0,,
194480,20210318,0.03,402900.0,,
194480,20210319,0.04,116.69873028087724,,
194480,20210322,0.05,248.57142857142858,,
194480,20210325,0.08,162.58064516129033,,
194480,20210923,0.71,35.78907634740367,,
194480,20240626,1.67,-7.739795406221772,,
194480,20250912,1.0,-3.3730920140656484,,
194480,20250922,1.36,25.568186104049893,,
194700,20200424,1.22,-6.181540937777963,,
194700,20200506,1.26,3.005923357532425,,
194700,20200513,1.21,-3.8044478729279296,,
194700,20200514,1.19,-26.14694296968659,,
194700,20200625,2.62,4.020038725143693,,
194700,20200707,2.15,-0.7814168200351856,,
194700,20200708,2.11,4.301563012351073,,
194700,20200710,2.11,3.4064143035829275,,
194700,20200713,2.0,-0.7678331016516937,,
194700,20200807,1.8,-1.6679169489884793,,
194700,20200810,1.76,-4.814949613073749,,
194700,20210421,1.43,2.57854649317677,,
194700,20210716,1.23,5.827227807122171,,
194700,20231030,3.06,-7.691888766264032,,
194700,20250512,2.19,35.98630258652167,,
194700,20250514,2.26,42.52920948378145,,
194700,20250602,4.23,-0.7733647104623875,,
194700,20250616,3.93,-11.463699701339536,,
194700,20250630,3.41,-4.689129199859387,,
194700,20250708,3.8,8.239256646648418,,
194700,20250715,4.47,17.300202697980005,,
195500,20230823,5.13,4.037365743070498,,
195940,20231108,1.76,-0.7413804662021239,,
195940,20240103,1.65,-17.655513587592342,,
195940,20240830,1.88,-6.961168309905497,,
195940,20260107,3.05,-0.45457783783660055,,
195940,20260129,2.93,-15.735541716534474,,
195990,20190806,2.2,-4.795318576158014,,
195990,20190820,2.22,29.17555411295558,,
195990,20190822,2.75,60.24985956127635,,
195990,20201112,2.04,52.87217961378907,,
195990,20201117,1.65,24.70000500101337,,
195990,20201118,1.58,12.862684973681592,,
195990,20201123,0.83,-54.87839473506241,,
195990,20230926,0.14,-1.216606872133863,,
195990,20260312,0.0,,,
195990,20260313,0.0,,,
195990,20260316,0.0,,,
195990,20260317,0.0,,,
196170,20191202,4.28,-2.4848171851813095,,
196170,20191203,4.2,-2.346902152592878,,
196170,20200205,4.46,-10.52126652770835,,
196170,20200206,4.52,-4.824796132180731,,
196170,20200207,4.5,-3.41526432302105,,
196170,20200220,5.12,1.5745116493643074,,
196170,20200504,3.5,-1.356794913223336,,
196170,20200506,3.38,-4.489150063112635,,
196170,20200508,3.63,3.8220026535740637,,
196170,20200511,3.72,8.935487036236744,,
196170,20200513,3.95,16.569497841629577,,
196170,20200519,3.12,-14.292152091195154,,
196170,20200527,2.93,-3.9391352147928105,,
196170,20230915,2.8,10.84619283236712,,
196170,20230918,2.41,-5.666055228175448,,
196170,20230919,2.15,-16.157614755360004,,
196170,20230925,1.89,-21.387969526460083,,
196170,20231221,2.78,7.896101214456763,,
196170,20231226,2.75,6.363105101195399,,
196170,20231227,2.79,7.456178419848625,,
196170,20240222,2.98,6.363338841556332,,
196170,20240223,2.96,3.778257849457556,,
196170,20240226,3.5,21.119551955247616,,
196170,20240305,2.94,-15.921167426491579,,
196170,20240306,2.89,-16.3011252601848,,
196170,20240313,2.54,-12.030268668548983,,
196170,20240604,1.99,-9.226197084468435,,
196170,20240607,2.1,-2.3115083253846924,,
196170,20240611,2.11,0.38334704764826366,,
196170,20240724,1.93,-7.824010503618705,,
196170,20240730,2.03,5.5318887657631155,,
196170,20240919,1.73,-2.0387111015832127,,
196170,20240920,1.72,-2.021000278670637,,
196170,20241008,1.56,-5.200578979145609,,
196170,20241011,1.54,-3.8971283212172803,,
196170,20241021,1.49,-2.6476438629152166,,
196170,20241108,1.6,0.1610561179182568,,
196170,20241111,1.6,-0.12041247082670292,,
196170,20250715,2.14,-2.4154642609793275,,
196170,20250716,2.15,1.9507868671836182,,
196170,20251104,3.01,-3.6789015265033087,,
196300,20200807,0.57,3.1851642129105295,,
196300,20200810,0.73,30.519871182361904,,
196300,20210813,0.67,9.363560464966936,,
196300,20210817,0.86,34.74757492174667,,
196300,20210819,0.45,-33.44281186977817,,
196300,20230428,0.02,8.47457627118644,,
196300,20230503,0.02,3.934624697336564,,
196300,20230504,0.02,4.567600487210721,,
196300,20230623,0.15,24.685067232837945,,
196300,20230626,0.15,32.50150330727601,,
196300,20230825,0.37,-8.27565190892865,,
196450,20210524,0.0,-100.0,,
196450,20210712,0.02,,,
196450,20210714,0.16,,,
196450,20210716,0.16,1607.775,,
196450,20210719,0.16,596.6245156026923,,
196450,20210727,0.15,-5.855572308998546,,
196450,20260219,0.0,-70.36916040509638,,
196450,20260223,0.21,918.2673420862194,,
196450,20260313,0.0,150000.0,,
196490,20201030,3.49,-74.56207915844703,,
196490,20210107,3.52,3.1674989069655046,,
196490,20210120,3.34,-5.185647939045223,,
196700,20210520,0.68,22.66220631709974,,
196700,20210602,1.1,1.854219088499276,,
196700,20210603,1.1,13.704389271502325,,
196700,20210604,1.92,122.67393833133839,,
196700,20210607,2.18,130.17028278421918,,
196700,20210611,0.63,-66.80698194702593,,
196700,20251217,0.0,,,
196700,20260206,0.1,172.61319314905882,,
196700,20260209,0.05,46.29472613193148,,
197140,20200826,3.95,-3.7163371098584697,,
197140,20210402,6.9,3.4248029323106,,
197140,20210405,6.95,6.470111034734738,,
197140,20211021,5.34,12.334573851503873,,
197140,20211027,7.16,35.67882903857811,,
197140,20230208,1.85,-20.689363256831474,,
197140,20230310,1.99,-13.855915781124661,,
197140,20230915,3.22,-0.11968514097683292,,
198080,20260325,2.06,-1.5878840665571659,,
198440,20210615,9.34,-11.922987193399814,,
198940,20260113,0.0,0.0,,
199430,20251010,2.87,2.486126453535875,,
199430,20251013,2.97,7.37465176450347,,
199430,20251015,2.73,9.594976844784654,,
199430,20251020,2.44,-17.593297321948565,,
199430,20251103,1.6,-9.628732016707065,,
199430,20251105,1.51,-9.488137094613435,,
199430,20260121,0.4,2.9042261810444447,,
199800,20231127,0.55,-19.518137520303192,,
199800,20231128,0.55,-10.184698702663376,,
199800,20231129,0.55,-1.7409794670742218,,
199800,20240319,0.49,25.062300873789468,,
199800,20251010,0.45,69.36051502145924,,
199800,20251106,0.54,14.740301189153415,,
199800,20260416,0.18,-19.685268832871927,,
199800,20260417,0.17,-20.12001411930815,,
199800,20260420,0.16,-17.550731733855606,,
199800,20260421,0.15,-22.444570778851624,,
199800,20260507,0.08,-16.909924937447872,,
199800,20260508,0.08,-8.950142763013403,,
199800,20260511,0.09,1.0595714622086083,,
199820,20230629,1.69,2.392696434752506,,
200130,20200507,0.26,-6.006754005700188,,
200130,20200508,0.3,21.015255128879538,,
200130,20200526,0.53,21.20394706506201,,
200130,20200527,0.69,48.46474629039859,,
200130,20200601,1.86,251.9865803368895,,
200130,20200604,1.99,18.309235821851978,,
200130,20200703,1.44,-11.440260986057593,,
200130,20200706,1.46,-8.046030483988298,,
200130,20200707,1.67,7.823822020289062,,
200130,20200713,2.09,42.59337616763328,,
200130,20200715,2.46,40.31645166949751,,
200130,20200716,2.86,46.609407718007475,,
200130,20200819,3.34,-10.464746997217766,,
200130,20250820,1.44,5.728143265762964,,
200350,20241219,5.48,31.097027867622828,,
200350,20241223,4.91,3.364766124895957,,
200470,20200717,5.14,5.858715480319132,,
200470,20240315,5.39,-1.5318014170713545,,
200470,20240604,6.49,1.1864546216456606,,
200470,20250919,0.98,-6.388244668301823,,
200470,20250922,0.95,-8.189007682559623,,
200470,20251001,0.82,-6.1675670902537565,,
200470,20251015,0.9,10.52346405676088,,
200470,20251016,0.91,8.807426473035495,,
200470,20251208,0.85,10.545910999262698,,
200470,20251222,0.71,-4.329592140329552,,
200470,20251226,0.65,-10.332830801345239,,
200470,20260106,0.56,-13.46137265045697,,
200470,20260107,0.55,-20.01397595730243,,
200470,20260115,0.57,20.66277467511284,,
200470,20260128,0.56,10.782007299770235,,
200670,20210416,2.67,10.790298767439154,,
200670,20210420,3.29,21.39443009238957,,
200670,20221222,1.22,-14.431749431506036,,
200670,20230104,1.23,-5.927016879826619,,
200670,20230120,1.11,-6.64493647670813,,
200670,20230519,1.08,-8.320464261911342,,
200670,20230524,0.84,-23.425762453698894,,
200670,20230615,1.05,4.081294831708671,,
200670,20230629,1.26,22.151481104988147,,
200670,20230710,1.19,-1.8107964467390492,,
200670,20230804,1.52,6.321616525840668,,
200670,20230809,1.48,1.0771836317899908,,
200670,20230810,1.54,0.8663469931959877,,
200670,20241218,2.41,35.015622675197136,,
200670,20241219,2.92,58.46921861146448,,
200670,20241223,2.75,34.01366438638067,,
200670,20250521,2.12,1.1022277091674804,,
200670,20250526,1.85,-12.748747375553116,,
200670,20250617,1.55,-5.7723647430847125,,
200670,20250618,1.52,-6.556840675969699,,
200670,20250722,2.08,8.141425774501897,,
200670,20250723,2.13,8.409491525423718,,
200710,20200114,9.24,-27.258271151300796,,
200710,20200115,8.89,-24.411652834615715,,
200710,20200116,7.97,-31.089059994779824,,
200710,20200122,6.31,-28.994031899388638,,
200710,20200123,6.9,-13.544962522776494,,
200710,20200128,7.83,-0.8470939402305366,,
200710,20200305,8.2,1.8815244141096255,,
200710,20230222,4.16,6.5779925596463285,,
200710,20230720,7.54,20.731997751802854,,
200710,20231127,5.47,1.2762015660721993,,
200710,20231226,6.23,5.485962320144,,
200710,20240223,6.04,-2.3730857320607424,,
200710,20240306,7.32,8.84746347712384,,
200710,20240307,7.72,7.426885688606144,,
200710,20240308,8.21,17.86465121247729,,
200710,20250730,6.35,16.243479631448853,,
200710,20250918,6.88,2.620372023199069,,
200710,20251201,6.36,-0.6480095606065883,,
200710,20251226,4.63,-0.4418551213067001,,
200710,20260127,5.63,-3.2206967356855465,,
200710,20260128,5.75,-3.754332424254858,,
200710,20260219,5.23,-0.7821964820153959,,
200710,20260223,4.83,-7.51775974741693,,
200710,20260224,4.72,-10.530843374172495,,
200710,20260324,4.98,0.8836271994878464,,
200780,20200330,9.56,73.74224672639559,,
200780,20200331,4.78,-29.69954438657132,,
201490,20200728,7.67,2.873151682982411,,
201490,20200814,8.09,-0.6708668355200342,,
201490,20211109,9.1,29.66508506191847,,
201490,20211110,9.53,25.53415021489758,,
201490,20250612,4.69,6.738686737328048,,
201490,20250613,5.99,35.39569327879233,,
201490,20250616,5.53,25.650293546163017,,
201490,20250619,3.63,-22.658258037307288,,
203400,20240604,0.04,0.0,,
203400,20240605,0.05,18.92337536372455,,
203400,20250627,0.0,-15.834609494640118,,
203450,20200812,3.48,16.973855073524025,,
203450,20200813,3.47,19.01053478759458,,
203450,20200814,3.71,28.35410720918532,,
203650,20210406,8.2,-0.43495111770316397,,
203690,20230512,0.29,-8.125171561899535,,
203690,20230623,0.29,-9.72924724784291,,
203690,20230628,0.22,-29.558763448181946,,
203690,20230904,0.24,9.11575716888846,,
203690,20230905,0.18,-25.46658639373871,,
203690,20240321,0.0,0.0,,
203690,20240322,0.0,0.0,,
203690,20240325,0.0,0.0,,
203690,20240326,0.0,0.0,,
204020,20210528,3.61,-19.232772742285498,,
204020,20250611,3.13,44.385396463205936,,
204020,20250620,5.19,52.56391480341283,,
204270,20230209,0.85,-4.098564463179155,,
204270,20230308,0.92,2.008541547053855,,
204270,20230417,0.89,9.555231213445502,,
204270,20230418,0.89,13.563364708489111,,
204270,20230713,1.04,7.309712613989583,,
204270,20230721,1.04,-2.0596211230232364,,
204270,20230728,0.98,-5.164873698278482,,
204270,20230904,1.02,-2.4104465315538004,,
204270,20230905,1.04,2.71515952827055,,
204270,20230906,1.03,0.43001367920174616,,
204270,20230907,1.01,0.18804791089732653,,
204270,20231103,1.5,10.15229066973571,,
204270,20231115,1.6,3.069289448054291,,
204270,20231116,1.67,8.995936992475295,,
204270,20231120,1.76,12.38180017385,,
204270,20231123,1.67,-0.06094197107576749,,
204270,20240405,2.55,3.6266217548264645,,
204270,20240408,2.59,1.0803894133127878,,
204270,20240618,4.71,-0.631931826328469,,
204270,20240619,4.24,-6.6259698767686,,
204270,20240704,1.72,-23.3280848088114,,
204610,20241202,2.39,-3.8232643377116515,,
204610,20250108,2.5,0.8105051520482576,,
204610,20250110,2.29,-7.175590315517544,,
204610,20250307,1.7,4.801346782066962,,
204610,20250521,1.41,-8.345826245839493,,
204610,20250527,1.2,-16.291631086945024,,
204610,20250604,1.27,5.755193598202246,,
204610,20250808,1.67,-2.9603503390953523,,
204610,20260309,1.95,-24.524355315889967,,
204610,20260311,1.97,-10.878818629724352,,
204610,20260312,2.11,-11.096945116415668,,
204610,20260324,2.28,-0.5488861120858113,,
204610,20260325,2.21,-9.434426235597659,,
204610,20260420,2.04,6.4216102969939515,,
204610,20260421,2.09,8.994665541436685,,
204610,20260422,2.05,6.695968219085446,,
204610,20260423,2.09,7.209533931371737,,
204610,20260427,2.13,4.187861774760604,,
204620,20210531,3.34,-2.560741655569787,,
204620,20210602,3.57,4.153500110703501,,
204620,20210609,3.39,-4.986405920085724,,
204620,20230329,3.23,19.689757567102205,,
204620,20230330,3.41,20.908699883084992,,
204620,20230403,3.58,19.257875458319518,,
204620,20230414,3.02,-8.318931045326995,,
204620,20230417,3.1,-3.197287974172258,,
204620,20230810,1.63,7.3006343655449335,,
204620,20230814,2.3,51.57763693979176,,
204620,20230816,2.24,39.62782046535986,,
204620,20230817,2.12,32.53524572339808,,
204620,20230830,2.79,42.45187257736176,,
204620,20230831,3.15,61.52738543445786,,
204620,20230901,3.28,70.38320549112282,,
204620,20250526,2.78,5.221682124952198,,
204620,20250616,2.5,-12.910845011168604,,
204620,20250618,2.09,-19.50950750053981,,
204620,20250708,2.5,10.616013672195823,,
204620,20250722,2.45,-1.5206520095736087,,
204630,20200512,,,,
204630,20200519,,,,
204630,20211005,,,,
204630,20211018,,,,
204630,20211019,,,,
204630,20220104,,,,
204630,20220404,,,,
204840,20201215,0.25,89.6639336596315,,
204840,20201216,0.21,-13.922402204597395,,
204840,20201217,0.18,-28.892408195585475,,
204840,20231026,0.01,7.302631578947372,,
204840,20231103,0.03,202.73451870018394,,
204840,20231114,0.05,25.650895856662935,,
204840,20231115,0.05,23.21383329110718,,
204840,20231117,0.07,47.336584747909804,,
204840,20231120,0.07,47.82890053711253,,
204840,20231121,0.14,151.39252492619616,,
204840,20250423,0.05,0.0,,
204840,20250424,0.05,-0.19095182138660904,,
205100,20200511,2.75,2.64398055224937,,
205100,20200714,6.12,91.9818449891153,,
205100,20230822,6.3,25.22193727111397,,
205100,20250912,4.35,-2.090088584059646,,
205470,20200326,0.97,2135.6016533986526,,
205470,20200327,1.25,2769.3810326336757,,
205470,20200617,1.76,-6.394270920971989,,
205470,20200618,1.54,-17.25287433457613,,
205470,20200619,1.32,-25.66515117701581,,
205470,20200624,0.79,-54.48412004710057,,
205470,20200803,0.18,-4.701243554746737,,
205470,20210423,1.61,-43.980648384725065,,
205470,20210429,1.25,-32.99948507094664,,
205470,20220128,6.96,8.930571466679815,,
205470,20220203,7.36,14.092236112731026,,
205470,20260511,2.07,-78.53851783840192,,
205500,20210312,0.0,,,
205500,20210319,0.0,,,
205500,20210504,0.0,-96.8469471029008,,
205500,20210506,0.0,-97.63663220088627,,
205500,20210521,0.0,83.74052232518956,,
205500,20210524,0.0,1.6170212765957537,,
205500,20210526,0.0,75.94501718213058,,
205500,20210527,0.0,-11.243352747531022,,
205500,20210528,0.01,360.7977991746905,,
205500,20210608,0.0,-11.397345823575334,,
205500,20211103,0.14,1326.257898432015,,
205500,20250102,0.0,,,
205500,20250103,0.0,,,
205500,20250108,0.0,,,
205500,20250624,0.21,-26.800634466735175,,
206400,20200521,1.3,145.08906242255196,,
206400,20200522,1.14,128.19737047532988,,
206400,20200727,2.26,5.32354462115312,,
206400,20200728,2.45,15.998804623255403,,
206400,20200805,2.48,-14.425271633890413,,
206400,20200807,2.82,1.8508514771791607,,
206400,20200810,2.55,-2.009830653497924,,
206400,20200811,2.49,-1.782034414625977,,
206400,20200813,2.35,-5.513527103575266,,
206400,20201028,5.02,-72.0167740395168,,
206400,20230419,2.52,-6.672650494113908,,
206400,20230420,2.47,-9.644214346306157,,
206400,20230421,2.43,-12.433705880227686,,
206560,20191112,5.85,-0.013145186509444517,,
206560,20200213,9.5,-3.266824936194501,,
206560,20210705,9.31,-5.023345838860038,,
206560,20210720,7.54,-10.428556716473803,,
206560,20210721,7.7,-1.5533248271146327,,
206560,20210805,6.24,1.6202065894901363,,
206560,20211001,9.36,3.191792805680427,,
206560,20211007,8.04,-13.350731983225284,,
206560,20211027,7.21,49.31913827941394,,
206560,20211101,7.23,7.335010259369512,,
206560,20211109,7.33,4.346340061286136,,
206560,20211110,7.2,-2.3480843182294486,,
206560,20211111,6.77,-9.7419457438919,,
206560,20211112,6.7,-8.589595723663345,,
206560,20211117,5.36,-25.42920705041195,,
206640,20200128,2.17,-6.941318423353615,,
206640,20200331,5.89,21.27312124288021,,
206640,20200827,7.93,0.30379286331634336,,
206640,20200907,8.38,3.535515716702564,,
206640,20230809,4.35,-4.442298586592197,,
206640,20230908,4.41,6.925262023704581,,
206640,20230911,4.34,8.006460008365469,,
206640,20231220,4.53,5.661405866565183,,
206650,20200722,5.98,-3.501897008282806,,
206650,20200723,6.18,-1.1907071463091778,,
206650,20200724,6.22,-1.2674672183617175,,
206650,20200730,3.64,-40.969110024589064,,
206650,20200803,3.33,-48.19890431325652,,
206650,20210506,4.71,-1.990987266364197,,
206650,20210510,4.53,-2.992626843745849,,
206650,20210512,4.41,-7.103272353969736,,
206650,20241029,1.52,1.816789376927086,,
206650,20241104,2.13,36.19749359773885,,
206650,20241105,2.14,40.014223635475666,,
206650,20260224,3.34,-3.424649453228046,,
207760,20190628,3.37,7.824814891594722,,
207760,20190704,4.29,26.65095360638785,,
207760,20190710,4.39,12.132562019968884,,
207760,20190711,4.44,3.5816423029156663,,
207760,20190712,3.73,-11.167230007844807,,
207760,20200612,4.7,10.865816792617222,,
207760,20200615,5.11,13.576839875817992,,
208140,20210618,7.84,5.019780693828779,,
208140,20231116,3.26,-7.66960069627689,,
208140,20231120,3.23,-7.885800375075236,,
208140,20231121,3.25,-4.798891024587526,,
208140,20240425,2.8,-1.4085035534213919,,
208350,20210401,2.84,-5.310333231917241,,
208370,20220104,0.69,65.66332096879772,,
208370,20230222,0.47,86.25188336435346,,
208370,20230223,0.74,239.96219988369197,,
208370,20230224,0.92,333.6003092052994,,
208370,20230302,0.48,0.982164950415898,,
208370,20230321,0.15,-28.38938053097345,,
208370,20230322,0.15,-28.387972231508975,,
208370,20251211,7.09,5.97973682957782,,
208370,20251224,6.74,-15.514122058947166,,
208640,20200908,0.01,59.5,,
208640,20200928,0.0,0.0,,
208640,20200929,0.0,0.0,,
208640,20201007,0.0,41.50943396226414,,
208640,20210215,0.0,-1.8192154633314361,,
208640,20210325,0.0,-72.06516530905607,,
208640,20210326,0.0,-45.76744186046512,,
208640,20210329,0.0,-45.76744186046512,,
208640,20210401,0.0,-100.0,,
208710,20210326,5.46,22.90393408570357,,
208710,20210330,5.78,11.13171377237052,,
208710,20210331,6.27,17.365410963048646,,
208710,20210517,5.52,8.117251016679816,,
208710,20210520,5.37,1.6570140030828462,,
208710,20210524,5.8,6.2026835811888725,,
208710,20210628,5.86,-3.402560649794517,,
208710,20210819,4.7,9.199313513316776,,
208710,20250107,0.21,-46.53190904222213,,
208710,20250108,0.15,-58.78733746319922,,
208710,20250520,3.91,0.0,,
208860,20210122,0.0,-92.70433351618212,,
208860,20250707,0.0,,,
210120,20241008,1.57,-44.504009420736836,,
210120,20241010,1.55,16.601073345259397,,
210120,20241111,1.05,110.43796541713999,,
211050,20240123,1.37,11.409195329955635,,
211050,20240308,1.37,-7.146097854461053,,
211050,20250429,1.03,7.1872775409324685,,
211050,20250507,0.96,-5.40853412814879,,
211050,20250523,1.09,6.4815058526258795,,
211050,20250526,1.06,4.990101349227061,,
211050,20250528,1.09,5.305892010147506,,
211050,20250604,1.3,23.53370645328754,,
211050,20250623,1.3,-6.989285792939414,,
211050,20250624,1.24,-8.977817490710006,,
211050,20250625,1.24,-9.531511950194183,,
211050,20250626,1.22,-9.546976369817074,,
211050,20260129,0.46,-5.564610955682603,,
211270,20210121,2.32,30.57455617097189,,
211270,20210204,4.91,50.283698912826694,,
211270,20210215,2.22,-54.62303793251476,,
211270,20210218,2.37,-18.445962781192637,,
211270,20230227,6.47,35.509057923236334,,
211270,20230328,8.17,-5.6287865975586655,,
211270,20240516,5.77,1.1315929328818752,,
211270,20260120,5.05,-0.450589719405492,,
212560,20201221,2.45,2.191175309811344,,
212560,20210316,2.85,-7.426072230123559,,
212560,20210317,3.08,-1.157192021551079,,
212560,20210325,7.25,54.56660865053025,,
212560,20210625,5.26,-4.276003283557306,,
212560,20210628,5.14,-7.334307156687259,,
212560,20230511,4.34,-1.835998969986552,,
212560,20231220,3.3,3.051438190791944,,
212560,20260102,4.04,17.29765093024338,,
212560,20260105,4.26,30.9118385819934,,
213090,20210526,,,,
213090,20210608,,,,
213420,20190905,1.82,16.23730633816789,,
213420,20190906,1.77,19.393993509664355,,
213420,20191226,1.54,-8.28678642793258,,
213420,20191227,1.46,-14.10379053483155,,
213420,20191230,1.55,-5.661028998404238,,
213420,20200116,1.63,-2.81713750431396,,
213420,20200117,1.64,-3.949707992089879,,
213420,20200122,1.33,-21.233733918690533,,
213420,20200220,1.79,0.32903661140983864,,
213420,20200221,1.77,-1.667110494853119,,
213420,20200805,1.2,-5.844745011373876,,
213420,20210204,2.1,8.976898400327249,,
213420,20210216,2.01,-8.277067371302271,,
213420,20210225,2.08,-8.834713691013363,,
213420,20210322,1.75,-5.263819857292695,,
213420,20210323,1.74,-5.057211279599716,,
213420,20210617,1.59,4.5497405598674545,,
213420,20210618,1.59,-5.381057691834091,,
213420,20210621,1.48,-12.20231890172262,,
213420,20210708,1.24,-7.778386969592432,,
213420,20210806,1.28,12.302042938538538,,
213420,20210811,1.24,-3.494008109422453,,
213420,20230324,1.12,3.503795964583367,,
213420,20230328,1.37,33.19852267276109,,
213420,20250716,1.9,4.8338149016015075,,
213420,20250721,2.36,20.577254098360665,,
213420,20250813,1.68,-0.7153400167676294,,
213420,20250827,1.69,-11.888152783231277,,
213420,20260325,1.54,-10.045274410511318,,
213420,20260416,1.51,-13.422521809907028,,
214150,20190730,1.16,0.9487745812498671,,
214150,20191118,1.04,-0.45364988744642787,,
214150,20210126,0.76,-0.5778304214786312,,
214150,20210615,1.47,2.335089219701847,,
214150,20210618,1.55,10.295856179598672,,
214150,20210723,1.64,-3.8897401848662194,,
214150,20210802,1.49,-9.84394594489071,,
214150,20210819,1.4,-11.027109919466305,,
214150,20230428,0.7,-10.608624454148474,,
214150,20230502,0.68,-8.137339231588436,,
214150,20230517,0.44,-1.5795994563239102,,
214150,20230601,0.51,1.938839658111391,,
214150,20230602,0.53,1.4665418054014001,,
214150,20230612,0.54,1.0271806937884875,,
214150,20230613,0.56,3.181173817767813,,
214150,20230614,0.53,2.752673662281091,,
214150,20230821,0.55,7.486327383771729,,
214150,20240509,0.49,2.5441761495050397,,
214150,20240612,0.44,-14.503983090265715,,
214150,20241007,0.32,6.295799776229982,,
214150,20241015,0.29,-8.781470769522548,,
214150,20260129,0.76,-6.208968177074182,,
214180,20210114,2.34,8.583154556477934,,
214180,20210705,2.91,4.321237296850722,,
214180,20250609,1.16,-13.168360583296511,,
214180,20250616,2.16,86.21778560709859,,
214180,20250617,2.14,85.30028711144905,,
214180,20250618,2.11,20.510197033276345,,
214180,20250910,1.71,-8.422193518944843,,
214180,20260126,1.78,-10.483780620187977,,
214180,20260127,1.83,-4.619748966698278,,
214180,20260209,3.76,9.852857254752756,,
214260,20210727,7.66,2.1132449971700273,,
214260,20210803,8.13,6.076113911190828,,
214260,20210804,8.32,5.728975774701173,,
214260,20210805,8.57,11.284427502129546,,
214260,20210806,8.6,5.027551436210009,,
214260,20210812,8.6,0.31051854425432346,,
214260,20210820,8.45,-1.6749648230327985,,
214260,20210825,8.92,6.101666793410265,,
214260,20210827,9.01,6.651897514929694,,
214270,20211108,4.28,-66.63456851624315,,
214270,20211109,2.5,-80.4366440907027,,
214270,20211111,1.88,-85.05434963187963,,
214270,20211115,2.47,-41.9585165394493,,
214270,20211116,2.81,12.124382632851006,,
214270,20211119,2.77,32.634434134580246,,
214270,20211129,3.28,2.8292563121309344,,
214270,20211201,4.8,65.10749473574752,,
214270,20250624,0.65,-21.102966275753143,,
214270,20250625,0.67,-18.47351356367707,,
214270,20250630,0.86,17.793140368327663,,
214310,20200131,,,,
214310,20200203,,,,
214310,20200210,,,,
214310,20211214,,,,
214370,20200427,0.09,-5.97938144329897,,
214370,20200528,0.01,411.2068965517241,,
214370,20200601,0.02,198.53372434017595,,
214370,20200602,0.02,110.59798697454113,,
214370,20220329,0.76,71.79631014709548,,
214370,20220408,1.07,-15.26179171544284,,
214370,20220413,0.98,-12.937312112449927,,
214370,20220727,1.69,14.026107307793389,,
214370,20220728,1.89,27.10884332524499,,
214370,20220913,2.45,7.380028837757147,,
214370,20220914,2.53,12.164422617379977,,
214370,20230201,1.96,-4.636494162053806,,
214370,20230203,2.19,11.904356463743436,,
214370,20230209,2.07,5.600724805232193,,
214370,20230403,2.26,3.639775177870974,,
214370,20230404,2.27,2.321649243512236,,
214370,20230412,2.31,1.289831226378202,,
214370,20230413,2.32,2.9437040752969823,,
214370,20230629,1.98,0.8511865095681692,,
214370,20230630,1.96,-0.9094542804072292,,
214370,20250103,0.82,-3.746501096953392,,
214370,20250106,0.85,-7.839592687845986,,
214370,20250206,0.98,6.255172399973552,,
214370,20250526,1.07,5.562819381339956,,
214370,20250710,1.27,10.12302651655077,,
214370,20250714,1.25,0.6910208788504901,,
214370,20250715,1.28,1.4773004628621411,,
214370,20250722,1.58,22.925155077780126,,
214370,20250723,1.58,10.380533730940478,,
214370,20250915,1.79,-2.263635397639008,,
214370,20251121,1.25,-0.8271837945243221,,
214370,20251124,1.26,-0.013228835333334299,,
214370,20251125,1.28,2.6594587555254234,,
214370,20251128,1.28,2.1024215747549757,,
214370,20260126,1.24,-8.749310497370333,,
214370,20260128,1.25,-3.6268040823232206,,
214370,20260129,1.21,-4.986116298799259,,
214370,20260130,1.2,-7.1031447767788025,,
214370,20260219,0.9,-8.801150555224968,,
214370,20260220,0.9,-8.185942670635704,,
214430,20200508,4.9,-8.385455539320297,,
214430,20200511,4.74,-14.144680721035463,,
214430,20200512,4.46,-18.18533286252233,,
214430,20230517,2.09,-10.136426467936776,,
214430,20230530,2.15,-2.958684803809808,,
214430,20230601,2.11,-8.070688053205533,,
214430,20230605,2.16,-2.8479637153926096,,
214430,20230608,2.1,-1.9195851240317197,,
214430,20230613,2.11,-2.578716671853931,,
214430,20230621,2.58,12.414358422237438,,
214430,20230623,2.51,-3.4541461030766163,,
214430,20230629,2.54,0.2522068095838659,,
214430,20230703,2.51,-0.011744178243067172,,
214430,20230704,2.49,-0.006759992113347657,,
214430,20230705,2.55,-0.15262984517404599,,
214430,20230719,2.73,-0.9214975477503273,,
214430,20240319,2.37,-0.751306875454183,,
214430,20240322,3.73,53.67625404927849,,
214430,20250212,2.13,10.270282046068502,,
214430,20250514,2.63,0.8362301839275998,,
214430,20250516,2.52,-4.109304185550522,,
214430,20250529,2.39,-4.842996247989994,,
214430,20250602,2.34,-2.037875548422241,,
214430,20250605,2.46,2.9141293795781564,,
214430,20250616,2.58,5.240164710444972,,
214430,20250625,2.52,-1.292373347411957,,
214430,20250627,2.29,-13.25142629693512,,
214430,20250715,2.14,4.077047204689821,,
214430,20260129,3.13,-7.6962013112225165,,
214430,20260130,3.11,-6.568989177684825,,
214450,20200520,2.8,16.486741567223028,,
214450,20200601,2.92,-2.018129489409415,,
214450,20200602,2.9,-1.355847289893064,,
214450,20200610,3.62,15.568050721116489,,
214450,20200729,3.0,-2.942041482016211,,
214450,20200814,3.36,5.99535122447179,,
214450,20200818,3.32,5.544026773126731,,
214450,20200819,3.65,12.920703150060952,,
214450,20210518,3.87,5.228440959830105,,
214450,20210524,3.98,3.8366113664791257,,
214450,20210525,3.91,2.715120811609517,,
214450,20210610,3.64,0.49021341421944253,,
214450,20210611,3.72,0.7165082431805025,,
214450,20210812,2.98,1.6137645213618157,,
214450,20230418,1.99,0.8943429693182958,,
214450,20230516,2.15,2.9206043853423402,,
214450,20230517,2.14,5.649622071415461,,
214450,20230518,2.36,15.473972812120863,,
214450,20230609,2.59,6.518256819961055,,
214450,20230612,2.6,6.456954966919204,,
214450,20230810,3.76,11.263626047385976,,
214450,20240807,3.66,-0.6167033320118254,,
214450,20240808,3.74,0.38776665360451545,,
214450,20240814,4.48,22.27625064204013,,
214450,20240816,4.12,10.130499674707561,,
214450,20241007,4.54,-0.024152813802813533,,
214450,20241015,4.51,-0.6006050165959453,,
214450,20241213,3.91,-4.208294785191935,,
214450,20241216,3.91,-6.873249505676238,,
214450,20250211,3.19,-8.624474639898805,,
214450,20250218,2.75,-13.492963700614169,,
214450,20250227,2.29,-9.885595095126732,,
214450,20250304,2.32,3.0902119411789553,,
214450,20250305,2.33,4.530120686941386,,
214450,20250312,2.64,13.379863258993986,,
214450,20250314,2.57,-5.815315017945933,,
214450,20250401,2.34,-4.893659602965061,,
214450,20250411,2.34,3.114119035407059,,
214450,20250424,2.55,0.9444034449560101,,
214450,20250429,2.59,2.140432721781127,,
214450,20250520,2.05,-12.982938777480147,,
214450,20250523,1.98,-6.0700671465622635,,
214450,20250602,1.99,0.870294491170065,,
214450,20250604,1.93,0.785894455709979,,
214450,20250609,1.94,-2.342097742212057,,
214450,20250610,1.98,-0.2443124723183976,,
214450,20250708,2.92,10.182930139142709,,
214450,20250807,2.25,6.23059726483659,,
214450,20250808,2.37,9.05765730744086,,
214450,20250811,2.36,12.532599977082626,,
214450,20250822,1.95,-7.996466351054432,,
214450,20250826,1.99,-0.5851702639725564,,
214610,20250516,0.01,0.0,,
214610,20250521,0.0,-50.167785234899334,,
214610,20250522,0.0,-50.167785234899334,,
214680,20230302,3.44,-0.7871730512836295,,
214680,20230303,3.55,2.1993878767935016,,
214680,20230517,7.06,5.632167897107299,,
214680,20230518,6.37,-8.208357651400567,,
214680,20230823,8.15,-0.9682223762174091,,
214680,20230907,4.63,-15.69653838362055,,
214680,20230908,4.5,-12.875108397789258,,
214870,20200514,,,,
214870,20200515,,,,
214870,20220818,,,,
215000,20210322,2.16,20.410656891651403,,
215000,20210324,2.22,6.785244242926813,,
215000,20210514,2.68,7.087324373078574,,
215000,20210518,2.6,-5.233973804165948,,
215000,20210520,2.48,-5.036369386464267,,
215000,20210622,3.15,20.429781163687146,,
215000,20210623,3.31,19.460162191881246,,
215000,20210624,3.52,24.3430136617236,,
215000,20210628,3.57,14.812047773536241,,
215000,20210701,3.55,0.8364480075113256,,
215000,20210705,3.73,4.48905369749697,,
215000,20210706,3.79,6.458122206993844,,
215000,20211102,3.91,-8.377498006067519,,
215000,20211118,5.1,-1.2323482154697363,,
215000,20211119,5.16,2.0836872738713152,,
215090,20210713,0.89,29.745746269286254,,
215090,20210716,1.19,93.11387102262307,,
215090,20210719,1.21,101.94881725002998,,
215090,20210723,1.53,28.694325961996125,,
215090,20210726,1.55,27.213155887317832,,
215090,20210803,1.25,-17.628324574621878,,
215090,20210804,1.14,-15.688556181440848,,
215090,20210806,1.04,-15.435700384047202,,
215090,20250509,0.04,-7.506531678641415,,
215090,20250926,0.0,,,
215100,20220103,3.25,-19.760784014846056,,
215100,20220104,2.96,-41.05771706814617,,
215100,20220225,2.79,77.78895194310753,,
215100,20220228,2.75,49.27434917360864,,
215100,20250625,2.14,-7.774627833896397,,
215100,20250912,2.72,0.9002686989372011,,
215100,20250915,4.82,81.41865673705264,,
215100,20251020,6.03,10.089184577663701,,
215100,20260121,5.93,1.5009243758887791,,
215100,20260122,5.89,0.8306587365818352,,
215200,20200116,0.64,2.0910192720056564,,
215200,20200220,0.91,5.420593572557508,,
215200,20210216,1.22,21.88953634821744,,
215200,20210217,1.24,21.613012370334307,,
215200,20210304,1.0,-15.396021776431457,,
215200,20210316,0.86,-13.250670861478675,,
215200,20210317,0.85,-6.996775595971306,,
215200,20210318,0.92,4.982334840253766,,
215200,20210324,0.86,1.1501416982363288,,
215200,20210325,0.85,-7.588340661130111,,
215200,20210706,0.44,-1.6696968572594728,,
215200,20210722,0.47,3.411745231833141,,
215200,20210723,0.47,6.8214667842997345,,
215200,20210726,0.53,16.45583463964129,,
215200,20210727,0.5,7.596513075965139,,
215200,20211026,0.44,4.1818920016240435,,
215200,20211228,0.79,-7.241870077205026,,
215200,20220303,0.89,5.0700559066841455,,
215200,20220310,1.21,39.90385077640497,,
215200,20220316,1.25,3.037804089827678,,
215200,20220317,1.21,-0.7552901234992082,,
215200,20220331,1.26,-7.248034221848576,,
215360,20210119,6.2,44.800083846938435,,
215360,20210120,6.37,33.201122005527736,,
215360,20210121,7.59,45.31876138433515,,
215360,20230623,2.74,-2.6512695263204877,,
215360,20230628,2.53,-14.242428737789181,,
215360,20230703,2.4,-10.489012576236567,,
215360,20230704,2.44,-3.666275172838074,,
215360,20230705,2.35,-6.88779812744611,,
215380,20190806,1.03,-77.73200300396952,,
215380,20191118,1.96,84.18863085909673,,
215380,20200221,3.32,20.77793161098196,,
215380,20200821,5.71,-5.414201270568697,,
215380,20260303,0.03,-21.80229124837605,,
215380,20260310,0.08,105.72421084428333,,
215380,20260311,0.07,91.07385591300408,,
215480,20210218,9.31,2.3464656292476738,,
215480,20210414,10.8,9.181176025395764,,
215480,20220524,4.94,-74.2927804133415,,
215480,20220525,3.84,-80.02999058748648,,
215600,20221013,0.0,-0.27548209366391463,,
215600,20221014,0.0,-0.27548209366391463,,
215600,20221017,0.0,1030.5785123966941,,
215600,20260129,0.03,15.352806285477993,,
215790,20230619,1.27,1.3189634056728572,,
215790,20260326,0.0,,,
215790,20260327,0.0,,,
215790,20260406,0.0,,,
215790,20260409,0.0,,,
215790,20260410,0.0,,,
215790,20260415,0.0,,,
216050,20200601,3.12,93.74687996805086,,
216050,20200629,2.29,-17.452593313512963,,
216050,20200724,2.88,16.360118097669975,,
216050,20200727,2.54,3.1287635487755816,,
216050,20200805,3.99,7.994955779221424,,
216050,20200825,3.79,5.978859816323001,,
216050,20200826,3.82,6.043472884406653,,
216050,20200828,3.3,-6.162967339015946,,
216050,20210329,2.06,8.703287807171023,,
216050,20250617,2.06,36.33834994723848,,
216050,20250618,2.16,-1.9392650094039898,,
216050,20250620,2.2,3.0339946629539316,,
216050,20250624,2.48,20.0772476395511,,
216080,20230217,0.85,49.68610654775873,,
216080,20230302,0.93,-3.9128749886021663,,
216080,20230717,1.23,4.99561871380676,,
216080,20230718,1.23,3.6119618933087905,,
216080,20230719,1.22,1.1585694106387878,,
216080,20260120,0.76,-2.7780861071413754,,
216080,20260129,0.83,-9.862445848616307,,
217190,20200207,1.31,-17.79676720451565,,
217190,20200210,1.31,-14.891796604168817,,
217190,20200213,1.72,10.657503931046541,,
217190,20200218,1.5,0.8599256403822864,,
217190,20200804,0.36,19.168186793141185,,
217190,20210203,2.29,-1.0152533710736322,,
217190,20210204,2.18,-11.211199645042614,,
217190,20210416,3.23,1.3477723081090964,,
217190,20210419,3.22,-0.18637457413938074,,
217190,20210422,3.32,5.230788099154471,,
217190,20210426,3.48,8.154023183249315,,
217190,20210521,3.33,-3.000218558967871,,
217190,20210524,3.43,1.5646928640829172,,
217190,20210826,3.28,-6.465167854433207,,
217190,20210830,2.91,-16.426562795644205,,
217190,20230417,3.3,20.921660523375095,,
217190,20230511,4.12,4.546256372884994,,
217190,20230512,4.11,5.434389509787918,,
217190,20230519,4.65,13.020013554445997,,
217190,20230522,4.58,15.73762939287926,,
217190,20230523,4.9,34.13699619333974,,
217190,20230525,5.04,8.846301510110056,,
217190,20230704,4.38,-7.129712367474095,,
217270,20200721,0.31,-6.347872967314039,,
217270,20200810,0.23,7.275532948505448,,
217270,20200831,0.3,-31.47280659417615,,
217270,20200908,0.43,47.5307487592606,,
217270,20201130,0.56,-6.571376188192824,,
217270,20201201,0.51,-15.354904737203668,,
217270,20201202,0.63,4.412086477177279,,
217270,20201203,0.62,4.734484056262822,,
217270,20250417,1.75,1.708235416154702,,
217270,20250623,0.93,-13.971117168331537,,
217270,20250703,0.88,1.953435101370693,,
217330,20200828,0.6,35.846534848067925,,
217330,20200831,0.66,48.50819607688981,,
217330,20200901,0.51,8.364879267889291,,
217330,20200910,1.32,-18.690539760033996,,
217330,20200917,0.57,-56.09687449739988,,
217330,20201208,1.65,26.300855301382263,,
217330,20210104,1.38,55.881536692701104,,
217330,20210108,1.46,9.776514149695847,,
217330,20210111,1.46,5.257134137036479,,
217330,20210412,1.2,3.962353084279835,,
217330,20251219,0.02,119.26257753273606,,
217330,20251222,0.0,-29.530723360124444,,
217500,20201014,6.73,17.991389580523798,,
217500,20210122,8.03,-0.19770792973001772,,
217500,20210125,8.91,10.763787552224692,,
217500,20210126,8.05,0.6463332654428333,,
217500,20250902,2.08,12.12928793653787,,
217500,20260112,2.31,1.744315333096691,,
217500,20260119,1.23,-46.175054775887205,,
217500,20260120,0.92,-53.91011844036926,,
217600,20200804,,,,
217600,20200824,,,,
217600,20200825,,,,
217600,20201118,,,,
217620,20201109,,,,
217730,20240607,1.01,23.94435959879473,,
217730,20240610,0.92,16.11627416364101,,
217730,20260311,1.1,-14.235740503979876,,
217730,20260312,1.12,-10.971524006949052,,
217730,20260327,1.31,4.079413022469591,,
217730,20260413,1.36,-4.815449699998298,,
217730,20260414,1.46,-0.646299441082876,,
217730,20260415,1.44,-0.06994273530577244,,
217820,20200819,7.62,33.84363607715062,,
217820,20200820,7.79,38.04431084069198,,
217820,20230802,4.64,-0.8802686126697656,,
217820,20251024,0.02,-55.12580383342698,,
217820,20251027,0.03,-50.25127071188582,,
217820,20251028,0.02,-68.1350295608108,,
218150,20210215,6.01,6.526570373367924,,
218150,20210216,5.98,6.344999224641734,,
218150,20220223,6.98,6.220821718974001,,
218150,20220303,5.73,-17.866080038849795,,
218150,20220322,4.86,111.6954049771647,,
218410,20190902,2.87,11.772171694308398,,
218410,20190903,3.05,13.249447298085059,,
218410,20190904,3.27,5.629972875844724,,
218410,20210108,4.05,8.808052871664085,,
218410,20250218,2.21,-1.56302755329496,,
218410,20250602,2.17,-5.093698720052508,,
218410,20250604,2.22,-2.7239171771269888,,
218410,20250605,2.27,0.8674049994918276,,
218410,20250613,2.19,-4.0281671063303275,,
218410,20250626,2.26,4.993380583277163,,
218410,20250627,2.24,4.307705250464888,,
218410,20250728,2.16,-2.0414449924605282,,
218410,20250912,2.01,-2.1670315419837327,,
218410,20250916,2.03,2.874604195574615,,
218410,20251029,2.2,6.4516363319437,,
218410,20251030,2.2,6.364074097627892,,
218410,20251103,2.63,25.719854029849664,,
218410,20251104,2.67,24.948535456084752,,
218410,20260106,2.75,2.0523398149191907,,
218410,20260127,3.28,7.5220545885754,,
218410,20260128,3.17,2.192314070293966,,
218410,20260129,3.19,3.3227045791403453,,
218410,20260203,3.05,-6.822165125828727,,
218410,20260219,2.86,-5.641805635850705,,
218410,20260220,2.85,-1.8166342852855677,,
218410,20260306,2.36,-23.3310437552977,,
218410,20260310,2.55,-16.027297316315302,,
218410,20260311,2.44,-21.21337829208352,,
218410,20260401,3.25,-8.27192693336103,,
218410,20260420,3.46,-7.826672891721042,,
218410,20260422,3.07,-11.298482110510689,,
218410,20260512,2.67,1.4461370574935906,,
219130,20200624,0.98,-30.241156485244158,,
219130,20200629,1.82,70.03442290152697,,
219130,20200708,3.08,51.09037411982082,,
219130,20200810,3.67,22.690851085182473,,
219130,20200909,3.12,6.89447759010291,,
219130,20211224,4.04,4.452672746719788,,
219130,20211227,3.97,-0.1303128302516443,,
219130,20230626,2.5,-1.2922279405350845,,
219130,20230705,2.52,-2.1381477980085717,,
219130,20230719,3.2,9.031747143403557,,
219130,20240318,3.86,2.886769533400857,,
219130,20250918,4.32,5.6299252178889425,,
219130,20250919,4.1,-2.420567493195791,,
219130,20250922,3.97,-8.03130992285961,,
219130,20251002,3.27,-11.214801243140037,,
219130,20260121,3.23,-8.633722356257001,,
219130,20260127,2.96,-9.57545004228585,,
219130,20260203,2.86,-3.062353362442616,,
219130,20260429,2.8,-5.990834738885531,,
219130,20260504,2.72,-8.822439602786424,,
219130,20260507,2.52,-12.766305771413599,,
219130,20260508,2.53,-9.700242040588346,,
219420,20210730,2.78,-13.530362377883232,,
219550,20200710,2.73,-0.024611369307903086,,
219550,20200713,2.79,1.7335534711284462,,
219550,20201204,4.95,15.948122968581702,,
219550,20251208,0.0,,,
219550,20260120,0.0,,,
219550,20260121,0.0,,,
219750,20210106,2.93,2.435432687444572,,
219750,20210107,2.85,-1.3965780473430445,,
219750,20210108,2.63,-7.641317359625233,,
219750,20210115,1.3,-50.50224908595005,,
219750,20250519,0.0,,,
220100,20201216,0.03,56.43564356435644,,
220100,20201221,0.03,109.47888589398022,,
220100,20201224,0.04,-14.867811392750063,,
220100,20210104,0.11,131.66693457643467,,
220100,20240528,1.54,5.581339373329786,,
220100,20240530,1.48,4.846018386719786,,
220100,20240702,0.97,-12.218801321911199,,
220100,20240709,1.12,14.944700333728655,,
220100,20240712,1.17,10.8091286307054,,
220100,20240715,1.31,28.9588502390157,,
220100,20240920,1.04,7.563992617312021,,
220100,20240930,1.33,24.921489457155666,,
220100,20241011,1.49,10.491711454596375,,
220100,20241015,1.53,8.257432766243134,,
220100,20251114,1.71,5.1688429633075295,,
220100,20251117,1.64,0.8274910295335447,,
220180,20210428,0.0,-71.33683596030356,,
220180,20220722,1.96,37.43290548424738,,
220260,20190730,8.24,19.467917812573752,,
220260,20200804,11.13,2.4295039949017383,,
220260,20200806,11.32,4.100756563687047,,
220260,20210809,9.64,58.13201666409504,,
220260,20210907,10.54,2.7681016090645327,,
220260,20210908,10.89,4.79893867049217,,
220260,20210929,9.54,-2.9620409226870925,,
220260,20251230,5.36,2.26754605190973,,
220260,20260102,5.24,2.416566628414585,,
220260,20260105,5.29,1.0006534879921647,,
220630,20201221,,,,
220630,20210628,,,,
220630,20220120,,,,
220630,20220124,,,,
220630,20220221,,,,
221610,20200122,,,,
221610,20210521,,,,
221800,20251105,1.78,-2.692124838525334,,
221800,20251106,1.84,0.738225661397296,,
221800,20251118,2.52,92.97840342510297,,
221800,20260211,2.89,-3.332501849876013,,
221800,20260212,3.77,32.7602889025538,,
221800,20260213,3.0,5.592131355596108,,
221800,20260223,1.72,-40.23085213190187,,
221840,20200131,0.51,-8.91374630797478,,
221840,20250725,0.0,,,
221980,20201221,0.59,-6.13562970936491,,
221980,20210412,0.98,-1.0186298814462091,,
221980,20211215,5.51,5.2699514423099725,,
222040,20210602,3.53,-0.6006687998999061,,
222040,20210608,3.53,-0.7899977991462914,,
222040,20230828,2.37,22.813359587548288,,
222040,20230831,1.9,-3.763852626891162,,
222040,20240109,0.84,-1.8973040361539684,,
222040,20250527,0.12,163.20108018280015,,
222040,20250602,0.08,-24.831680012748492,,
222040,20250604,0.08,-26.530129039895822,,
222040,20260508,0.58,-3.4604385128694015,,
222040,20260511,0.59,-3.1835576930695386,,
222080,20200123,2.4,7.657133722377596,,
222080,20200129,2.42,-1.2821952566818617,,
222080,20200210,2.69,8.374211973878598,,
222080,20200211,2.82,9.356375481094048,,
222080,20200212,3.0,8.149212521535109,,
222080,20200526,2.66,-4.007058351509485,,
222080,20200527,2.78,1.9661217113694285,,
222080,20200810,2.46,3.7392972846448824,,
222080,20201222,2.71,-2.029091951010009,,
222080,20210107,3.35,-2.4349524460807404,,
222080,20210112,3.46,-0.4612223714039132,,
222080,20210114,3.55,5.961965416710635,,
222080,20210118,3.37,-3.8405926905327625,,
222080,20210930,2.29,-45.06910188110099,,
222080,20260122,2.71,-0.3356626343434588,,
222080,20260129,3.41,26.17160048249525,,
222080,20260130,3.16,14.495083260281593,,
222080,20260421,4.65,4.519610130067164,,
222080,20260422,4.74,5.83577504922379,,
222080,20260428,4.9,5.386803469469448,,
222110,20200810,0.34,13.114529446024182,,
222110,20200811,0.29,-1.513043478260867,,
222110,20210208,0.25,-26.41707382872216,,
222110,20241111,0.01,,,
222160,20230615,3.38,-41.240531814592764,,
222420,20200629,3.46,30.1419773071429,,
222420,20220531,0.41,-24.463000210544237,,
222420,20260126,0.23,-11.772313625283159,,
222420,20260129,0.16,-37.978986890469955,,
222420,20260202,0.11,-52.711442786069654,,
222800,20191025,3.27,15.480951916421626,,
222800,20191119,4.56,8.044412324804329,,
222800,20191213,3.94,2.265952052318143,,
222800,20191227,4.11,-4.784057211741432,,
222800,20200206,3.41,-16.781698257991117,,
222800,20200730,2.64,-7.20569711385215,,
222800,20201230,3.29,-5.321784404808594,,
222800,20210104,3.36,2.3185582817701,,
222800,20210216,2.79,2.915038065134823,,
222800,20210419,2.9,2.1883433998821644,,
222800,20210805,4.44,14.627285285848778,,
222800,20210806,4.65,24.591036287608304,,
222800,20210826,4.9,-0.7288065705047808,,
222800,20211105,5.57,5.707173304915414,,
222800,20211108,5.87,9.749365649557262,,
222800,20211111,4.93,-5.541499603981004,,
222800,20211223,3.87,-2.4382708508530415,,
222800,20220223,4.43,-0.902738109106116,,
222800,20220225,4.34,-6.24555015633671,,
222800,20220322,3.99,-2.0962161041195415,,
222800,20220324,3.95,-2.8701317682171656,,
222800,20240102,4.26,0.31803417429805414,,
222800,20250910,3.25,6.285628398602094,,
222800,20250915,3.12,0.8374946090889512,,
222800,20250916,3.33,7.125388113071507,,
222800,20250922,4.47,43.0684831680699,,
222800,20250924,4.65,11.57212258730782,,
222800,20250930,4.98,13.532983395880827,,
222800,20251001,5.22,14.049509203533717,,
222800,20251002,5.33,15.138052737919573,,
222800,20251010,5.39,12.717084358471208,,
222800,20251023,4.39,-5.425305246377999,,
222800,20251105,4.6,-0.9819010455929256,,
222800,20260408,3.27,-1.635949754808419,,
222800,20260409,3.15,-7.04663596388192,,
222800,20260416,3.02,-4.020374533868088,,
222800,20260420,3.12,2.3813614742788314,,
222800,20260422,3.03,-0.49463509145089013,,
222800,20260424,3.03,-5.329882578161027,,
222800,20260506,2.51,-14.58542630189842,,
222800,20260507,2.43,-17.51707422150057,,
222800,20260508,2.6,-7.8826164577522455,,
222810,20220304,,,,
222810,20220518,,,,
222810,20220519,,,,
222810,20220610,,,,
222980,20210317,2.76,1.5516103255393876,,
222980,20210318,3.43,27.74993405433923,,
222980,20210531,6.16,-0.04101092703127085,,
223250,20251211,4.09,11.215664473324471,,
223250,20251218,3.6,-12.010017823120888,,
223250,20251219,3.6,-9.372740552743796,,
223310,20230620,0.0,,,
223310,20240520,0.0,,,
223310,20240523,0.0,,,
223310,20250624,0.0,,,
223310,20250625,0.0,,,
224060,20220811,0.08,-80.0003194709561,,
224060,20221111,0.0,-95.1048951048951,,
224060,20260203,0.0,,,
224060,20260320,0.0,,,
224110,20200708,4.3,17.248029387005424,,
224110,20200709,4.4,16.867894379022697,,
224110,20200714,7.51,71.95817531229243,,
224110,20200813,7.59,17.14222242738277,,
224110,20200814,7.94,19.057524691686822,,
224110,20210331,9.56,-14.634549553310517,,
224110,20210401,11.46,7.202581575475042,,
224110,20210408,10.36,-9.603292240185969,,
224110,20241205,3.89,1.1426767676767646,,
224110,20241206,3.89,1.1375186627955003,,
224110,20241209,5.07,30.063347373173176,,
225190,20210914,0.8,-34.77715755092914,,
225190,20220418,1.24,5.312180058099369,,
225220,20240819,2.92,0.39427770787037186,,
225330,20210722,,,,
225430,20200128,8.45,59.87392208600675,,
225530,20200730,2.14,5.135701071377752,,
225530,20200731,2.11,1.2995938521399797,,
225530,20210907,4.22,28.37451204954644,,
225530,20210908,4.15,9.055528969505477,,
225570,20210104,0.13,-1.4654725778994848,,
225570,20210105,0.24,70.38501161982798,,
225570,20210204,0.19,-0.7369094777629814,,
225570,20210205,0.19,-1.7220789560220884,,
225570,20211217,4.17,14.013947117573622,,
225570,20220325,4.01,9.619489726014429,,
225570,20230622,2.65,-12.86133077964009,,
225570,20240729,3.42,-7.224936859728115,,
225570,20240801,3.38,-3.4915027464515136,,
225590,20210421,2.32,9.27295202893632,,
225590,20210914,1.12,2.547542527276825,,
226330,20230627,1.92,49.045888751771095,,
226330,20230628,1.95,50.7226064901241,,
226340,20190712,5.71,-6.8615499211278745,,
226340,20190722,5.83,4.525366497437777,,
226340,20190723,5.46,-4.613853565519365,,
226340,20210528,5.88,-2.072128867470191,,
226340,20230711,2.42,2.4927070318339517,,
226340,20230816,3.12,-14.954140381916147,,
226340,20240502,4.61,-1.8752981628666787,,
226340,20240513,6.63,58.192106716398854,,
226400,20230330,1.58,22.18885610137129,,
226400,20230407,1.91,28.216305153012033,,
226400,20230612,2.23,-22.543715443720025,,
226400,20230614,4.1,61.49212430001272,,
226400,20230616,4.98,115.44163794542577,,
226400,20230619,4.31,93.18199738914832,,
226400,20230622,3.32,-31.94983980776932,,
226400,20241002,4.53,14.078585332699479,,
226400,20250110,6.6,-4.985740409320205,,
226400,20250114,5.9,-11.604623165718875,,
226440,20200130,,,,
226440,20200131,,,,
226440,20201130,,,,
226440,20201201,,,,
226950,20200914,3.41,2.3656169032587604,,
226950,20200916,3.34,0.521631700565095,,
226950,20200929,3.33,-7.726128277015809,,
226950,20201005,3.2,-8.324539805369913,,
226950,20201006,3.59,1.3257486517628925,,
226950,20241008,0.89,18.842106084365074,,
226950,20241011,0.83,-5.630414800618,,
226950,20241015,0.95,6.089234780139652,,
226950,20241017,0.8,-6.677235342736743,,
226950,20250211,0.37,2.464896325936694,,
226950,20250212,0.37,1.355991133904122,,
226950,20250217,0.33,-17.567231238783876,,
226950,20250226,0.28,-8.890857301653465,,
226950,20250228,0.27,-8.617768967381512,,
226950,20250902,0.29,17.022797527047917,,
226950,20250903,0.3,14.64037503876252,,
226950,20250905,0.44,56.625224502606855,,
226950,20250919,0.76,13.118509468540008,,
226950,20251031,2.39,11.419664579151355,,
226950,20251104,2.34,0.862570451421818,,
226950,20251110,2.65,7.461432717275085,,
226950,20251112,2.57,0.7251080783085673,,
226950,20260107,1.91,36.355860011523134,,
226950,20260225,1.67,-5.765358342789762,,
226950,20260227,1.64,-3.3606749744305886,,
226950,20260303,1.68,0.38028499384272774,,
227100,20200709,1.31,-26.001597355077177,,
227100,20200723,2.09,17.884447547565017,,
227100,20200824,0.94,-2.7060270602705994,,
227100,20210722,1.57,9.282983933584177,,
227610,20220824,0.07,-31.752127098863035,,
227610,20220826,0.15,220.65146579804562,,
227610,20221108,0.83,5.038433725259117,,
227610,20221109,0.66,-21.281864530225782,,
227610,20221214,0.32,-59.38263753475489,,
227610,20221216,0.57,35.09499890805854,,
227610,20230102,0.26,-32.04976562842248,,
227610,20230109,0.26,0.0,,
227610,20230110,0.23,-10.489330152794796,,
227950,20190919,0.5,32.744679124861406,,
227950,20200615,2.27,7.660456223675638,,
227950,20200925,1.35,-3.9116511854773717,,
227950,20201005,1.6,19.343212825920595,,
227950,20201006,1.62,26.56672888474101,,
227950,20201007,1.65,21.75886587433835,,
227950,20201008,1.76,15.928246995917906,,
227950,20201113,3.86,121.19533731934781,,
227950,20250811,0.02,-19.192028760924817,,
228340,20210119,1.35,-11.296757533408176,,
228340,20210325,1.42,-17.736126297543098,,
228340,20210329,1.57,-0.497501472037587,,
228340,20260226,0.01,8.888888888888879,,
228670,20210106,4.5,43.27617156170034,,
228670,20230217,2.25,-2.7507591826768985,,
228670,20230306,2.47,-6.565403230540179,,
228670,20230317,3.1,13.196263986930123,,
228670,20230331,4.08,0.14509720997319953,,
228670,20230405,4.37,9.48430202614401,,
228670,20230412,4.62,5.671239627634894,,
228670,20230413,4.9,11.325196025522999,,
228760,20230412,1.7,3.9139877125303535,,
228760,20230629,2.59,7.347918007169785,,
228760,20230807,2.95,6.683123213854647,,
228760,20230809,3.23,6.4721994908165215,,
228760,20230811,3.54,19.662083840556633,,
228760,20230814,3.71,26.023821654377244,,
228760,20251104,1.79,-0.03309096843212567,,
228760,20251105,1.86,4.2653920043911775,,
228760,20251222,1.85,-5.9252287125400755,,
228760,20260105,1.79,-3.440764241149541,,
228850,20210608,1.5,1.0690295725896526,,
228850,20210810,1.7,0.6184520238150082,,
228850,20210811,1.64,-5.808012445985722,,
229000,20230918,0.0,-95.64625850340136,,
229000,20260224,0.0,,,
229000,20260225,0.0,,,
229000,20260226,0.0,,,
229000,20260227,0.0,,,
229000,20260303,0.0,,,
230240,20190904,6.6,-6.407356726058378,,
230240,20190906,6.56,2.6017043494111602,,
230240,20191230,8.69,2.9171211814587483,,
230240,20200102,9.18,11.228325525215933,,
230240,20200212,8.54,-1.1478215592592766,,
230240,20200213,8.23,-4.8880971797289,,
230240,20200214,7.85,-8.709313091065962,,
230240,20200217,7.43,-14.84742956504449,,
230240,20200218,7.5,-13.761216429775548,,
230240,20211124,3.93,11.101999469380864,,
230240,20220331,4.84,1.619773631796284,,
230240,20220401,4.91,2.422346599795766,,
230240,20250122,2.89,-7.560649584710233,,
230240,20250123,2.81,-7.1013090734550754,,
230240,20250205,2.75,-1.9356711596183018,,
230240,20250206,2.79,0.6621818486495457,,
230240,20250210,2.6,-6.2449513716113625,,
230240,20260312,3.3,-3.238310374151532,,
230240,20260313,3.14,-5.248840538089827,,
230240,20260325,2.29,-32.07544240918969,,
230240,20260327,2.13,-27.071254430353807,,
230240,20260401,1.98,-13.83190934348464,,
230360,20240320,1.79,-5.8433842218588605,,
230360,20240412,1.64,-2.010629039127454,,
230360,20250811,0.69,-15.782820567657573,,
230360,20250812,0.7,-10.75178312137991,,
230360,20260105,1.14,0.36092805217746715,,
230360,20260115,0.12,-63.98664664266198,,
230980,20191125,,,,
230980,20200102,,,,
230980,20200103,,,,
230980,20200520,,,,
230980,20210402,,,,
232140,20200114,1.88,11.825016826775991,,
232140,20200123,2.48,7.5518229827094885,,
232140,20200730,2.71,21.688584641072616,,
232140,20210205,3.17,-1.419121799997769,,
232140,20240102,1.89,-12.142082322545022,,
232140,20240103,2.09,-4.318445317363883,,
232140,20240108,2.62,23.044562479596586,,
232140,20240109,3.03,59.97789794443187,,
232140,20240418,4.72,-3.2536676560007027,,
232140,20240419,4.74,0.43762599680261527,,
232140,20240422,3.44,-26.942880940636925,,
232140,20240424,4.42,-6.318648847708397,,
232140,20240425,3.39,-28.127739698604515,,
232140,20240426,2.37,-49.89203827127885,,
232140,20240507,2.38,0.15813917782980802,,
232140,20240514,2.08,-12.532031383730224,,
232140,20240531,2.13,-23.10627647588708,,
232140,20240613,1.94,-19.50840519171121,,
232140,20251002,2.56,-1.3180020927498926,,
232140,20260106,2.66,0.6412659920669084,,
232140,20260128,2.79,-1.4366679790639103,,
232140,20260209,2.66,4.459305126744018,,
232680,20250218,3.72,-3.510183866773975,,
232680,20251229,2.87,-7.674518551869514,,
232680,20251230,2.7,-13.407241088969968,,
232680,20260121,4.87,0.14291825305381423,,
232680,20260129,4.88,3.710838106919634,,
232680,20260202,4.95,1.009268440693556,,
232830,20260504,0.25,-10.783068562743347,,
232830,20260506,0.25,0.0,,
232830,20260511,0.23,-8.030338389731618,,
234100,20200625,7.0,29.165704831498296,,
234100,20200701,9.61,48.2980776514216,,
234100,20200702,9.79,39.80974316058623,,
234100,20200717,4.75,-16.94684377361583,,
234100,20200720,4.69,-17.276020121160474,,
234100,20200723,4.31,-16.40789390559775,,
234100,20200804,3.72,-9.685565603468305,,
234300,20210324,0.91,-13.66916539924813,,
234300,20210325,1.16,24.58312653817225,,
234300,20230621,3.75,20.58059632459117,,
234300,20240913,2.74,-13.144210643547593,,
234300,20240919,2.96,0.24376007254065524,,
234340,20231214,1.67,95.7193509467412,,
234340,20231220,1.98,47.74393838173459,,
234340,20231221,1.66,-0.6869004560465464,,
234340,20250624,1.8,-18.91623096158218,,
234340,20260306,7.25,-9.267228473959433,,
234340,20260310,6.48,-10.536100878296073,,
234690,20240119,2.39,1.522043594980893,,
234690,20240223,2.39,1.3137159359661421,,
234690,20240226,2.36,-2.4268218616416037,,
234690,20240920,4.42,8.587693965815046,,
234690,20260323,4.48,14.980007396107808,,
234690,20260325,5.22,32.394882421480034,,
234920,20221124,0.65,18.552501535913677,,
234920,20230321,0.83,-21.088449560671783,,
234920,20230323,0.7,-42.022899130126476,,
234920,20230324,0.63,-36.846425228598164,,
234920,20230331,0.48,-25.07239437262011,,
234920,20230403,0.48,-19.894203110526053,,
235980,20251111,0.87,-2.295804872942342,,
236200,20200116,5.72,-11.210467090244446,,
236200,20200130,5.71,2.7379143241428983,,
236200,20221103,1.6,7.129164004111921,,
236200,20221104,1.59,7.284706669516483,,
236200,20221107,2.07,27.095424083503495,,
236200,20240122,2.73,-1.9171157185576604,,
236200,20250424,1.53,18.309693051579767,,
236200,20250429,1.88,26.818186041757652,,
236200,20250508,2.22,17.120323943456086,,
236200,20250514,2.65,19.402723978508064,,
236200,20250523,2.61,-2.9667503520911187,,
236200,20250526,2.58,-4.30132633534509,,
236200,20251223,1.35,-5.0193013024769195,,
236200,20251230,1.43,4.627982918864615,,
236200,20260102,1.4,3.8970252875893063,,
236200,20260105,1.44,4.684283115792831,,
236200,20260123,1.41,-8.198992778917635,,
236200,20260128,2.43,70.59798263952446,,
236200,20260220,2.53,-12.781592465348822,,
236200,20260422,1.88,11.931005110732528,,
236200,20260423,1.96,15.629963944429036,,
236200,20260424,1.79,7.7081598131563345,,
236810,20230719,6.74,18.70896623107776,,
237690,20191129,2.33,0.7380209627400713,,
237690,20191202,2.36,3.3176118608824634,,
237690,20191226,2.33,-3.715106007067137,,
237690,20200226,2.71,-4.1120176838261635,,
237690,20200305,2.74,5.139333215908115,,
237690,20200306,2.8,2.3117226244141476,,
237690,20200406,1.88,13.3847952467129,,
237690,20200407,1.97,25.123990412084286,,
237690,20200706,2.94,-10.912494999506029,,
237690,20200722,4.47,2.890905202400229,,
237690,20200812,5.26,1.1217523485114844,,
237690,20200825,4.9,-8.427732347351103,,
237690,20200916,4.71,-0.6410712852733313,,
237690,20201204,4.06,2.672706926657331,,
237690,20201207,4.08,3.115876208395507,,
237690,20240318,1.95,7.681615333967362,,
237690,20240507,2.86,11.014684341734293,,
237690,20240607,2.65,-1.6322430666500853,,
237690,20240826,4.12,42.99103017697219,,
237690,20251128,3.11,-2.1245110870700024,,
237690,20251208,2.97,1.7529740904216107,,
237690,20251215,3.27,10.250247259038158,,
237690,20260123,3.05,2.2712691083806247,,
237690,20260126,3.02,1.3292598644904174,,
237690,20260129,3.25,6.350730175544794,,
237690,20260130,3.15,3.53856583236809,,
237750,20210607,3.22,-1.9577397599827906,,
237750,20210712,4.81,17.542554111089803,,
237750,20260130,0.02,-16.622289844047167,,
237750,20260202,0.01,-39.56215793588741,,
237880,20210526,1.29,-11.337160388027346,,
237880,20210531,1.29,-7.163986291619873,,
237880,20230406,0.32,6.38255374782104,,
237880,20230905,0.91,4.414018339404602,,
237880,20230918,0.88,-8.840600266659104,,
237880,20231108,0.4,19.439151888221208,,
237880,20240110,0.36,34.977587570736056,,
237880,20240430,0.4,-10.384657560951837,,
237880,20240523,0.48,-20.417670539913413,,
237880,20240524,0.47,-21.62233198894277,,
237880,20240612,0.41,-33.63308252278706,,
238090,20200908,7.95,-3.2634249318603814,,
238090,20200915,4.78,-39.74182360947551,,
238090,20210715,6.74,-57.15962611749319,,
238090,20260304,0.89,-32.85968648535419,,
238090,20260320,0.7,-8.717736852419765,,
238090,20260403,0.92,19.551217011459876,,
238090,20260406,1.11,44.637695150140246,,
238120,20200305,1.56,-6.921001546408712,,
238120,20260225,1.33,7.694452810405017,,
239340,20201005,0.84,-75.24521591485214,,
239340,20210623,5.9,-2.516764359357393,,
239890,20230517,1.71,-20.68715569730356,,
240810,20191008,0.54,-8.738069561887096,,
240810,20191015,0.52,-9.498229807043723,,
240810,20191022,0.54,3.0654566518632853,,
240810,20191023,0.52,-2.925853498335551,,
240810,20191025,0.5,-6.585151237396881,,
240810,20191028,0.52,-3.867901607238833,,
240810,20191217,0.45,-16.043052165670225,,
240810,20191227,0.71,51.89543213961865,,
240810,20200116,0.7,-10.12678404381523,,
240810,20201204,1.27,-4.832353432690706,,
240810,20210120,1.28,15.365886550931073,,
240810,20210402,1.16,-1.7000551054704993,,
240810,20230728,1.07,-8.926050602671298,,
240810,20230731,1.02,-8.433461145839715,,
240810,20240329,1.23,10.369525464848905,,
240810,20250813,0.89,-2.4645063496399944,,
240810,20250910,1.01,9.186993821650624,,
240810,20250922,1.1,-0.29783996949764857,,
240810,20251001,1.68,40.61171696677657,,
240810,20251002,1.7,26.036093990813036,,
240810,20251024,1.55,6.417464064821288,,
240810,20251029,1.31,-9.091930565757888,,
240810,20251106,1.2,-6.501024654969578,,
240810,20260102,1.63,9.881973811239675,,
240810,20260126,1.3,-4.353677891558549,,
240810,20260127,1.3,-8.339108963730935,,
240810,20260128,1.25,-10.99137838237384,,
240810,20260129,1.21,-11.72904722884497,,
240810,20260212,0.51,-19.990875941314556,,
241520,20200831,4.42,5.9832639828989675,,
241520,20200901,4.34,0.08034610630407446,,
241520,20201203,5.52,-6.8224735302409245,,
241520,20201204,5.41,1.333530149221307,,
241520,20201209,6.15,15.003001624770263,,
241520,20201210,6.63,19.870982845658535,,
241520,20250228,6.04,4.95196331916401,,
241520,20250409,5.23,0.6459770516425323,,
241520,20250414,6.21,19.106813483196163,,
241520,20260210,5.01,-6.262990095009313,,
241520,20260211,5.04,-4.33251315387666,,
241520,20260219,5.73,15.437066396480436,,
241520,20260223,5.54,10.00536407857824,,
241690,20251111,2.15,-3.87503124583769,,
241710,20210324,4.12,-2.0628029617003163,,
241710,20210325,4.21,0.03018365421960656,,
241710,20210405,3.2,-5.294099745752634,,
241710,20210511,2.95,-4.567275757539157,,
241710,20210603,2.88,15.987062796524532,,
241710,20230515,3.51,85.48672304105584,,
241710,20230620,3.63,-14.81839515866229,,
241710,20230621,3.66,-14.51170975270557,,
241710,20230627,3.82,4.863470055844399,,
241710,20230629,3.41,-2.918040026283375,,
241710,20230703,3.26,-17.14226168343821,,
241710,20230704,3.17,-16.804148700960052,,
241710,20230807,3.12,12.442509248877043,,
241710,20231013,2.71,1.9499661744138308,,
241710,20231023,2.71,-4.644052227544126,,
241710,20231025,2.6,-9.832946065074012,,
241710,20231108,2.07,-9.941901657928298,,
241710,20240110,1.51,7.218661273641147,,
241710,20240510,0.88,-13.505241203716245,,
241710,20240523,0.95,40.18931231075589,,
241710,20240530,1.59,66.27490660024907,,
241710,20240531,1.74,69.65275061180303,,
241710,20240612,3.39,38.706948362918084,,
241710,20240613,3.29,26.409697386273724,,
241710,20240619,3.31,-2.1772368493679917,,
241710,20240626,3.13,-5.323443861069654,,
241710,20240627,3.07,-10.138940120496741,,
241710,20240724,1.86,-6.314422683370891,,
241710,20240923,1.01,-19.7972698013392,,
241710,20260128,1.01,-14.23969831480536,,
241710,20260129,0.98,-22.378820294522008,,
241710,20260130,0.85,-29.709885795588566,,
241710,20260202,0.92,-13.961539455214044,,
241710,20260203,1.01,-4.784183120556129,,
241770,20210127,3.13,6.8584869684360505,,
241770,20250707,0.67,-5.041693569436623,,
241770,20250915,0.84,9.402011828337464,,
241770,20250916,0.75,-2.8410876588683465,,
241770,20250918,0.78,1.7350878975713746,,
241770,20250922,0.83,-1.2798595388809342,,
241770,20250925,0.77,-0.43199240891952373,,
241770,20250929,0.91,9.56894130862118,,
241770,20251016,0.91,5.917879839545681,,
241770,20251029,0.83,-3.1741697668862368,,
241770,20260226,1.16,23.029885718983813,,
241770,20260303,1.26,43.01374707156433,,
241770,20260316,1.03,10.464378245080997,,
241770,20260318,1.14,18.60049728522859,,
241770,20260401,1.01,-2.420006388215623,,
241770,20260422,1.49,33.61164744559828,,
241790,20200525,6.88,69.98966572696308,,
241790,20200601,5.36,-22.057026949383218,,
241790,20200619,9.94,7.2317313100273894,,
241790,20200706,11.02,-1.9026147840689567,,
241790,20200708,11.42,0.8413974606377606,,
241790,20230613,2.78,-2.2624942928388347,,
241790,20250918,2.49,6.370939544086163,,
241790,20250919,2.27,-3.487074105081567,,
241790,20251001,2.16,-9.675047725668263,,
241790,20251002,2.19,-8.730181781969515,,
241790,20251010,2.23,-4.963486314789522,,
241820,20200129,0.27,13.009791400595994,,
241820,20200326,0.42,-6.307057787663927,,
241820,20200812,0.52,-19.99293705956948,,
241820,20200917,0.12,4.036948340745816,,
241820,20200922,0.11,-4.54095854689327,,
241820,20200923,0.14,7.723833543505676,,
241820,20210326,0.19,2.2077856164036014,,
241820,20210401,0.16,-16.270060874377425,,
241820,20210428,0.41,4.012778934120731,,
241820,20210504,0.43,1.3434512483092131,,
241820,20210506,0.42,0.930752047654515,,
241820,20210511,0.42,-5.665485440098605,,
241840,20201104,4.32,1.4274096793787328,,
241840,20201106,3.93,-7.458874273678273,,
241840,20201202,4.33,2.4015165876777322,,
241840,20201203,4.34,1.7883654505580715,,
241840,20201207,5.38,21.73703286180104,,
241840,20201208,5.12,18.187192215700687,,
241840,20201211,5.0,0.07945040025012506,,
241840,20201228,3.06,-22.047254822351626,,
241840,20201229,3.19,-16.45232221238122,,
241840,20210115,2.29,-9.282800113071099,,
241840,20210119,2.15,-11.051234404035037,,
241840,20210329,2.68,4.656896372518449,,
242040,20230127,6.32,-0.24745931636197538,,
242040,20260121,2.11,-22.473930392514387,,
242040,20260210,2.8,25.153276432390605,,
242040,20260211,2.54,11.547890980623944,,
242040,20260212,2.48,13.583437733584592,,
242040,20260225,1.33,-40.367675269531546,,
242040,20260226,1.28,-25.29022654479466,,
243070,20200706,1.75,5.256568442444487,,
243070,20200828,1.69,-5.662380559160085,,
243070,20200901,1.73,-5.564838837342245,,
243070,20230808,0.89,0.68372710776885,,
243070,20230811,1.2,40.677636441436185,,
243070,20230816,1.16,30.135166519578238,,
243070,20230823,1.03,-11.80434596385026,,
243840,20200207,2.09,30.946505182429096,,
243840,20200806,2.81,17.908547626551965,,
243840,20200810,2.67,16.004824285659303,,
243840,20210706,2.4,10.831277282216734,,
243840,20210707,2.41,12.164840363641005,,
243840,20210708,2.91,34.60179863670212,,
243840,20210714,2.61,9.223350774597305,,
243840,20210818,2.54,3.5413116970926195,,
243840,20210819,2.65,13.013621206126725,,
243840,20210820,2.64,9.990265472124605,,
243840,20260129,3.08,-2.8133100876935213,,
243840,20260325,2.68,-4.251066085793975,,
244460,20201229,1.5,5.580588212553739,,
244460,20241127,0.0,,,
245620,20200326,5.37,2.963368770957553,,
245620,20200327,5.78,18.263573046055658,,
245620,20200330,4.9,10.246762310973256,,
245620,20200331,4.89,-2.6963506572217577,,
246690,20201015,3.42,24.762958914936917,,
246690,20201016,3.51,31.560823828576055,,
246690,20250414,1.99,9.411368341258175,,
246690,20250417,4.16,161.4975896513684,,
246710,20201123,0.28,-13.508954527509598,,
246710,20201124,0.31,-2.2022808001495586,,
246710,20210316,1.16,-14.380339663104014,,
246710,20210319,1.27,5.474214668599386,,
246710,20210322,1.46,21.32868163726598,,
246710,20210323,1.47,26.191245682428743,,
246710,20210401,0.86,-42.365606752982984,,
246710,20210405,0.82,-32.320086656285966,,
246710,20210721,0.77,24.63986158648963,,
246710,20210802,0.9,-13.287608185624645,,
246710,20210805,1.07,12.289659404725374,,
246710,20210812,0.98,-7.5747639034627445,,
246720,20230320,0.04,-13.440793552386854,,
246720,20230321,0.03,-35.28907004183203,,
246720,20230322,0.03,-38.844797178130506,,
246720,20230331,0.0,-10.775047258979209,,
246720,20260206,0.0,,,
246720,20260209,0.0,,,
246960,20201123,1.67,4.234074511831776,,
246960,20201125,1.71,4.720641020992722,,
247540,20200525,3.03,-0.8402223999153691,,
247540,20200526,2.88,-5.302724504898604,,
247540,20200617,3.02,-1.8816169319237797,,
247540,20200706,3.02,-2.576275244734638,,
247540,20200805,2.64,0.6345898501803449,,
247540,20200807,2.62,-1.3722280367478024,,
247540,20201229,2.12,-13.600066160716695,,
247540,20210104,2.29,-0.7150851756394627,,
247540,20210108,2.15,4.176870997422788,,
247540,20210621,1.86,-0.6922370899956509,,
247540,20210709,1.68,-4.776142465330091,,
247540,20210714,1.65,0.5365669106946136,,
247540,20210715,1.69,2.5039942702881346,,
247540,20210716,1.61,-4.269808172350098,,
247540,20210719,1.68,1.1930040995016267,,
247540,20210809,1.57,5.711010018025098,,
247540,20210909,1.52,5.135219363551369,,
247540,20210910,1.48,-2.034693987533154,,
247540,20210914,1.61,4.357598032734877,,
247540,20210915,1.66,7.40633432252249,,
247540,20210916,1.58,4.633483241611813,,
247540,20210923,1.57,-6.998940123696951,,
247540,20211105,1.42,-8.728489818806295,,
247540,20211108,1.4,-10.387964657199777,,
247540,20211109,1.4,-7.324733662426885,,
247540,20230718,1.4,-2.393693636163674,,
247540,20230719,1.41,0.7965423580037267,,
247540,20230720,1.29,-6.307998848832974,,
247540,20230721,1.27,-10.966231981969198,,
247540,20230724,1.33,-5.442527354391746,,
247540,20230725,1.39,-0.8931154653054496,,
247540,20251209,1.37,1.6820514988603819,,
247540,20260126,1.5,-0.6180927213105036,,
247540,20260127,1.44,-4.516946203820171,,
247540,20260128,1.27,-15.624657612069914,,
247540,20260129,1.23,-15.9279532591847,,
250000,20191113,2.81,-10.826071638285384,,
250000,20200818,4.13,2.0975315634649494,,
250000,20200819,4.7,7.580487507905853,,
250000,20201216,4.76,-3.7275106557989934,,
250000,20201217,4.72,-6.290355258405789,,
250000,20210618,2.87,1.5885635974662415,,
250000,20230614,3.38,8.586473214919899,,
250000,20230615,4.43,42.12702526928427,,
250060,20230511,1.93,44.21411963741755,,
250060,20230802,1.96,10.339226457711725,,
250060,20230803,1.85,5.525173863862953,,
250060,20230921,0.6,95.9227209903251,,
250060,20251230,1.02,29.736169611418383,,
250060,20260105,1.14,1.8706739976863895,,
250060,20260119,1.1,-5.3985139619929345,,
250060,20260120,1.18,9.829051227121766,,
250060,20260121,0.86,-22.222867750601026,,
250060,20260122,1.1,-10.827539045926693,,
250930,20210621,4.02,2.6745194397833405,,
251120,20250618,2.01,-1.58053551998385,,
251120,20250619,2.01,-0.8437888549790884,,
251120,20250624,1.92,-1.3242694446896741,,
251370,20190808,3.38,-4.3053672359420485,,
251370,20191017,3.2,6.762631325777835,,
251370,20191018,3.14,3.9178172606942896,,
251370,20191022,3.12,5.252025508930402,,
251370,20250917,3.23,5.7242658398727775,,
251370,20250918,3.41,12.344570950272793,,
251370,20250919,3.59,18.117782723695242,,
251370,20260504,4.32,3.761312402253636,,
251370,20260506,4.39,10.639384784399898,,
251630,20210115,4.49,13.003616521794292,,
251630,20210122,4.88,8.79596453304452,,
251630,20210125,4.96,14.856597174777807,,
251630,20230515,3.45,4.9993403245603085,,
251630,20230526,5.18,20.935396273299567,,
251630,20230530,5.0,15.003470505242046,,
251630,20230531,5.04,17.045527495941858,,
251630,20230621,4.4,-2.7665329889399737,,
251630,20230622,4.52,1.9051717741337182,,
251630,20230905,2.5,-25.07202232397272,,
251630,20251020,1.19,-0.6437330235041006,,
251630,20260116,1.43,9.039931627178198,,
251630,20260121,1.52,16.520386410340127,,
251970,20210405,2.22,0.1636263369469093,,
251970,20210507,1.25,-14.147849610776786,,
251970,20210510,1.23,-9.5201080063822,,
251970,20210527,1.21,-0.19509864426350276,,
251970,20210621,1.27,-15.95370867510486,,
251970,20210803,1.61,9.825955270724052,,
251970,20230510,1.46,6.826852402786043,,
251970,20230512,1.4,2.9163405692630873,,
251970,20230515,1.31,-4.561069710903231,,
251970,20230622,1.19,0.16986890992887194,,
251970,20230731,1.33,3.326306652613309,,
251970,20230807,1.54,14.901443101017065,,
251970,20240513,1.2,-10.07499204447887,,
251970,20240530,1.3,-1.0287890586975545,,
251970,20240531,1.27,6.900177964730636,,
251970,20240603,1.15,1.7945540172090269,,
251970,20240612,0.86,-24.065809913853975,,
251970,20240613,0.84,-32.987016306292496,,
251970,20240618,1.22,26.23691028599515,,
251970,20240730,1.31,-6.344651681810931,,
251970,20250402,0.34,-11.522952221905424,,
251970,20250508,0.31,-4.8332032774092815,,
251970,20250709,0.45,31.783483691880644,,
251970,20250731,0.31,-0.5057015369360429,,
251970,20250806,0.3,-12.715077282006416,,
251970,20250807,0.32,1.2931034482758674,,
252500,20200526,3.73,46.89917855647921,,
252500,20200612,2.17,-15.839126948543026,,
252990,20230626,2.49,42.13931830796247,,
252990,20230703,2.93,17.935894594242075,,
252990,20230704,3.15,27.732754590232656,,
252990,20240206,3.51,-4.343927435939299,,
252990,20250923,3.39,18.511644321094355,,
252990,20251013,4.03,17.157380867072725,,
252990,20251103,3.78,4.670087598986483,,
252990,20260126,4.7,4.930691837674628,,
252990,20260127,4.45,-1.2845361262515453,,
252990,20260128,4.41,0.6420403888605541,,
252990,20260202,4.31,-8.23315714542866,,
252990,20260203,4.09,-7.9288367705619205,,
252990,20260205,3.85,-13.743371290450067,,
252990,20260420,2.64,-9.498645934078054,,
253450,20210105,1.46,23.804558319678225,,
253450,20210112,1.07,-26.417137551278934,,
253450,20210120,0.93,-7.303513512621784,,
253450,20250610,0.77,-4.324009750896341,,
253590,20200519,1.63,96.46019960896068,,
253590,20200527,1.6,-12.269994865745792,,
253590,20200529,1.73,-9.91449811565146,,
253590,20200602,2.31,35.99980663793265,,
253590,20200603,2.32,44.79523457420529,,
253590,20200727,2.09,-4.131778994529478,,
253590,20200915,1.87,4.823137775339381,,
253590,20230714,4.33,-2.8636069360931105,,
253590,20230717,4.51,-0.5689504941413848,,
253590,20231214,4.18,12.262698291002483,,
253590,20240102,2.07,-22.363186593494465,,
253590,20240103,1.76,-26.487458915148622,,
253590,20240122,1.04,27.568303424775763,,
253590,20260128,5.06,0.2709950103364944,,
253590,20260203,5.94,17.03242184855336,,
253590,20260311,5.42,-19.67972046858648,,
253840,20200730,1.36,18.578431993514144,,
253840,20200731,1.45,25.866021557128917,,
253840,20200803,1.36,-5.018396552425097,,
254120,20190709,0.0,,,
254120,20190710,0.0,,,
254120,20230222,0.18,-45.14450562478595,,
254120,20230419,0.0,0.0,,
254120,20230420,0.0,-15.105740181268878,,
254120,20230724,0.0,-97.47542076320613,,
254120,20230725,0.0,-97.14796686746988,,
254490,20260224,3.34,4.814660792646208,,
254490,20260504,3.28,-2.4749618549481767,,
254490,20260511,2.47,-25.03776727003755,,
255220,20240315,1.41,-8.30856753651169,,
255220,20240726,2.24,18.24120187506757,,
255220,20240730,1.99,-1.1586363828635649,,
255220,20240731,1.82,-3.6715424458107937,,
255440,20190626,2.74,30.917846198745067,,
255440,20210414,2.7,18.97592388232445,,
255440,20210428,3.07,-12.124084992234307,,
255440,20210429,3.18,-8.88276600365472,,
255440,20210621,3.59,3.028480623694052,,
255440,20260107,0.32,-25.406014111519713,,
256150,20201113,1.62,17.318043939473647,,
256150,20201116,1.71,13.708177687220036,,
256150,20210120,1.4,10.037280785178982,,
256630,20200525,1.81,129.2753247739368,,
256840,20190821,0.0,,,
256840,20200810,4.93,18.304122363584206,,
256840,20200811,5.09,20.82176024320097,,
256840,20210121,6.2,5.596666529147232,,
256840,20210705,7.71,3.2994377877310965,,
256840,20210706,8.23,11.306165252643542,,
256840,20210729,4.28,-7.91182279556989,,
256840,20210803,4.89,8.765537296623528,,
256840,20210805,5.52,28.93825102565042,,
256840,20210830,4.02,-10.645132114477684,,
256840,20210831,3.98,-10.409438918974534,,
256840,20210902,4.38,4.403267004034395,,
256840,20210917,3.53,-8.439757893119992,,
256840,20210923,3.49,-8.136016673484892,,
256840,20210924,3.4,-9.613722102992728,,
256840,20210927,3.37,-8.235771439786676,,
256840,20210928,3.25,-8.728991573820844,,
256840,20240304,1.08,2.846002975411066,,
256840,20240305,1.13,7.181974953582038,,
256840,20240312,1.38,21.210454485872976,,
256840,20240315,1.28,1.0531402421712688,,
256840,20240320,1.38,3.246761771398554,,
256840,20240321,1.37,7.495566102684048,,
256940,20191001,7.06,-1.0777123462804905,,
256940,20191008,7.34,5.0089708422568435,,
256940,20200210,14.98,-3.5144811098329787,,
256940,20200212,12.16,-22.03369301257282,,
256940,20200217,9.53,-36.322702447785915,,
256940,20250217,0.86,11.060989549314183,,
256940,20250220,0.82,-0.6285798585053959,,
256940,20250221,0.81,-4.457394473502541,,
256940,20250225,0.91,16.313122464656814,,
256940,20250328,1.07,-2.2955700523401346,,
256940,20250417,1.31,8.247396146124686,,
256940,20250418,1.4,14.179314701312883,,
256940,20250509,1.48,12.808182279122837,,
256940,20250514,1.4,2.550122502501817,,
256940,20250515,1.53,12.461442604287654,,
256940,20250520,2.27,59.135661196152476,,
256940,20250604,2.59,3.123527670414994,,
256940,20250617,2.64,12.924909936200613,,
257370,20200117,3.2,-13.081559816061839,,
257370,20200128,3.39,6.10051535039422,,
257370,20241010,0.0,-44.19117647058823,,
257720,20230804,4.89,-5.395079996952134,,
257720,20231006,4.72,-0.984928845609645,,
257720,20231012,4.48,-6.269876448119593,,
257720,20240320,4.19,-1.6699870201422717,,
257720,20240321,4.27,0.018188418049747135,,
257720,20240322,4.7,12.294431764078762,,
257720,20240326,4.7,9.705654194064529,,
257720,20240401,3.94,-11.877635430537758,,
257720,20240412,4.34,4.003103493684468,,
257720,20240429,4.34,-0.3495352627436832,,
257720,20240430,4.23,-2.995036699079645,,
257720,20240507,4.22,-1.4761030878480796,,
257720,20240509,4.13,-2.4372975887451687,,
257720,20240510,4.1,-4.2584678820968165,,
257720,20240513,4.79,11.685790257752515,,
257720,20240516,4.22,0.636980309190105,,
257720,20240517,3.92,-5.237890490134644,,
257720,20240520,3.63,-11.528212575609153,,
257720,20240521,3.5,-26.82382143407662,,
257720,20240524,3.38,-13.78732049769379,,
257720,20240527,3.31,-8.76527611788025,,
257720,20240528,3.28,-6.554411250486569,,
257720,20240603,3.14,-5.123119510167817,,
257720,20240610,2.81,-11.065218332287706,,
257720,20240612,2.74,-7.383627250499247,,
257720,20250611,4.02,-8.944935720306491,,
258610,20190730,3.78,-32.38362993449655,,
258610,20190807,1.36,-50.38042441174888,,
258610,20190905,0.61,-30.22850562172319,,
258610,20190911,0.46,-23.37459622346999,,
258610,20200206,4.69,-2.213335973381425,,
258610,20200212,5.09,9.923572191607,,
258610,20200213,5.18,10.458805248770787,,
258790,20200818,1.8,8.438994470160921,,
258790,20200819,2.17,28.581623634722362,,
258790,20200827,1.09,-46.27181312822889,,
258790,20201218,5.07,18.22330565189143,,
258790,20250403,0.0,-97.4003466204506,,
258790,20250404,0.0,-97.4003466204506,,
258830,20200728,6.3,6.270031752657235,,
258830,20200831,5.67,3.607868679501225,,
258830,20210727,4.44,35.17751996735265,,
258830,20210728,4.19,26.80983673796935,,
258830,20210730,1.22,-61.75608104707921,,
259630,20200211,5.44,14.82572250209051,,
259630,20200220,5.27,-5.545211017048879,,
259630,20200922,6.63,-5.71310594550527,,
259630,20220104,6.58,12.463511615407219,,
259630,20220105,5.92,-1.6058780104795223,,
259630,20220107,6.34,3.4675143349397475,,
259630,20220113,4.91,-18.344564218098057,,
259630,20250917,1.93,-6.589367076560693,,
259630,20250923,2.13,10.792940317142152,,
259630,20251024,2.3,-4.910300710696969,,
260660,20191030,4.06,-5.263233464152384,,
260930,20240523,1.62,3.846545667254908,,
260930,20240614,2.28,-6.762697320011046,,
260970,20240306,1.64,-2.7620376020689896,,
260970,20240322,3.06,25.254381999899557,,
260970,20240417,1.72,-24.980046186427153,,
260970,20240423,1.62,-4.480660519842927,,
260970,20240517,4.83,22.192366412213737,,
260970,20240613,6.4,8.12837589805444,,
260970,20240614,6.72,14.717652814041626,,
260970,20250305,5.58,-3.475592647647019,,
260970,20250306,6.04,8.816340239207365,,
260970,20250415,5.21,3.024779848453818,,
260970,20250428,4.68,-11.562069887738657,,
260970,20250429,4.64,-6.954240584745941,,
260970,20250508,4.64,-0.6623493487143972,,
260970,20250611,3.67,7.882252767303255,,
260970,20250616,3.28,-4.622097397061031,,
260970,20250623,2.57,-21.335198292090396,,
261200,20200605,0.17,-74.76784476784476,,
261200,20200610,0.62,-11.346359029074415,,
261200,20200622,1.08,-42.544071555109575,,
261200,20210504,4.29,-73.41717513745473,,
261200,20210526,3.18,-2.0774784857101825,,
261200,20210527,3.39,9.883537584204216,,
261200,20210618,2.4,-7.592082903282982,,
261200,20230503,1.24,11.012713933482443,,
261200,20230609,1.16,-8.818710359408033,,
261200,20230710,0.84,9.80335479350063,,
261200,20230711,0.82,9.83271475445109,,
261780,20260319,0.77,222.21388080281906,,
261780,20260323,0.58,-19.794760596051542,,
261780,20260324,0.93,25.000616337378155,,
262260,20230419,3.4,-4.330370949577233,,
263020,20201020,4.39,74.15698830439172,,
263020,20201021,4.03,59.32693237268041,,
263020,20201023,4.47,86.79408416213778,,
263020,20201113,5.08,2.637716728888795,,
263020,20240905,2.45,2.7197243717215214,,
263020,20241031,2.08,0.8924775522076933,,
263600,20210125,4.55,4.261157152748818,,
263600,20230227,5.81,-10.31163595083273,,
263600,20230302,6.12,-5.889178548883733,,
263600,20230315,5.87,-0.6704117865281689,,
263600,20230327,5.79,-3.687474137023483,,
263600,20260223,1.69,11.436877590152772,,
263690,20200507,0.9,-10.204328794615824,,
263690,20200514,1.52,66.776170015992,,
263690,20200515,1.57,71.18022297996245,,
263690,20230327,1.31,-3.599813601884694,,
263700,20250711,0.63,-0.17267966716998373,,
263700,20250714,0.61,0.3797739480014606,,
263700,20250715,0.53,-13.349672670423086,,
263700,20250908,0.25,-5.000827647091278,,
263700,20250909,0.25,-5.458388671692327,,
263720,20200123,2.38,-3.2536103470165,,
263720,20200130,2.0,-20.04783867088874,,
263720,20200506,1.83,-0.4269470638568085,,
263720,20200514,2.03,14.862815386736528,,
263720,20200703,1.56,-4.22650698206033,,
263720,20200708,1.57,-7.25935752323873,,
263720,20200709,1.57,-5.697957281100841,,
263720,20200825,1.63,-2.4681803801319013,,
263720,20210413,2.47,2.2495631180742937,,
263720,20240109,2.17,-7.528761234990256,,
263720,20240118,3.08,2.232611795958639,,
263750,20201203,0.38,0.09268571653946456,,
263750,20201214,0.41,-13.352281749182248,,
263750,20201216,0.35,-11.550788269512214,,
263750,20201228,0.29,-9.521967645787354,,
263750,20210127,0.46,39.42923045611813,,
263750,20210128,0.42,26.786350677120453,,
263750,20210205,0.34,-21.167105104795315,,
263750,20260123,1.63,1.0116132937922018,,
263750,20260126,1.64,0.981914705092124,,
263750,20260128,1.61,-0.76904670114194,,
263750,20260303,2.0,9.851494630566826,,
263750,20260309,1.98,0.0574003565685155,,
263750,20260401,2.48,19.450507374095082,,
263770,20200811,2.09,21.178919582506417,,
263770,20200812,2.14,19.763442328473314,,
263770,20250728,0.16,-0.9830773745475918,,
263800,20200107,3.76,3.225497786167253,,
263800,20200709,2.96,10.886197906827366,,
263800,20200710,3.39,26.031320769740596,,
263800,20250623,2.43,-3.448074110190147,,
263810,20201224,5.23,2.7115339334178756,,
263810,20210104,7.85,51.93029330465997,,
263810,20230502,4.28,3.0507376244139905,,
263810,20230503,4.63,7.767142121759085,,
263810,20251013,2.26,1.4468263976460616,,
263860,20201216,3.55,3.824570491237167,,
263860,20201217,3.97,15.001070893124858,,
263860,20211117,2.8,-2.69022867494938,,
263860,20211118,2.76,-1.5764106111645804,,
263860,20211213,4.49,-7.783814101518938,,
263860,20230517,2.03,-2.7858956788132883,,
263860,20230518,2.05,1.9896438098226943,,
263860,20230519,2.07,4.773166717269373,,
263860,20230523,2.13,7.963738168244228,,
263860,20230531,2.01,-5.573474135503975,,
263860,20230601,2.0,-9.442256311585883,,
263860,20230607,1.83,-18.625253194599146,,
263860,20230608,1.73,-13.86269125147116,,
263860,20230609,1.32,-34.252281153856266,,
263860,20250421,1.12,-16.67097295115059,,
263860,20250425,1.01,-7.6610626219796085,,
263860,20250919,1.05,15.529366584259407,,
263920,20221011,0.0,-99.96224990562477,,
264450,20231011,2.81,-1.618660925961246,,
264450,20260121,3.1,3.9238022478246037,,
264450,20260122,3.09,1.2980140696009501,,
264450,20260311,3.78,1.5783591660254226,,
264450,20260326,4.33,-3.0753421529374103,,
264660,20200116,5.02,-8.283477265633133,,
264660,20200117,5.01,-5.738594978170819,,
264660,20200214,5.65,1.6592776181268531,,
264660,20201118,3.21,15.539389396210979,,
264660,20201119,3.09,-2.950658372870496,,
264660,20201201,3.36,2.8837158509728233,,
264660,20201221,3.82,0.9617493186303783,,
264660,20210127,3.45,-8.787641927291789,,
264660,20210729,3.03,33.4959153875541,,
264660,20210803,3.11,37.948507690205105,,
264660,20230721,2.24,35.13044577754676,,
264660,20240422,2.23,11.816347557310891,,
264660,20260224,4.37,-12.485161693819657,,
264660,20260427,3.61,-4.129223873452426,,
264850,20210520,2.35,1.5266787561126094,,
264850,20210706,2.7,37.60494450317591,,
264850,20230907,3.88,60.368930478467966,,
264850,20230922,3.11,213.7421923192309,,
264850,20230925,3.99,424.60664644041486,,
264850,20240122,2.56,-26.5670122070481,,
264850,20240216,4.65,71.8228452058689,,
264850,20251222,4.47,4.925516300000088,,
265520,20191227,3.66,-6.296890141837719,,
265520,20191230,3.48,-6.92625394792058,,
265520,20200102,3.37,-12.268550476480765,,
265520,20210621,4.31,8.17490855952061,,
265520,20210622,4.2,5.596784221765394,,
265520,20240412,2.49,-0.8670212627879148,,
265520,20240417,5.5,130.3375978519732,,
265520,20240418,5.21,107.35801417260657,,
265520,20251010,3.7,9.977848007797508,,
265520,20251021,3.76,-0.183436446584051,,
265520,20260209,3.64,1.6224786367479371,,
265560,20200706,3.04,-4.847772039429632,,
265560,20200707,3.08,-10.067783311356425,,
265560,20200916,5.55,21.561578246411027,,
265560,20201201,7.04,-15.408233345453082,,
265560,20260417,2.61,-2.1685836885856458,,
265560,20260429,2.71,3.1975826615548764,,
265740,20250620,1.89,-14.83142135912624,,
267320,20200716,0.72,-14.066941712158187,,
267320,20200813,1.55,18.558575157377554,,
267320,20200922,2.37,86.27369069546155,,
267320,20230818,0.91,-0.7950872656754981,,
267320,20230821,0.81,-10.633880455687915,,
267320,20250320,1.24,42.31276594652582,,
267320,20250324,1.46,68.84552172168806,,
267320,20250624,2.36,10.967278020633753,,
267320,20250626,2.16,-11.954324826225838,,
267790,20230620,0.58,7.481844673666682,,
267980,20190919,0.08,0.9202888291094391,,
268600,20200220,,,,
268600,20200616,,,,
268600,20200806,,,,
268600,20200818,,,,
268600,20200819,,,,
268600,20200825,,,,
268600,20200827,,,,
268600,20200831,,,,
269620,20200819,3.68,-5.1920820570208415,,
269620,20200820,3.73,16.221534662003222,,
269620,20200824,6.84,91.54069446882002,,
269620,20200827,5.96,59.39544581048695,,
270520,20201014,2.96,35.067838432750385,,
270520,20210216,6.19,11.169556446053885,,
270520,20210414,9.6,5.635293542050257,,
270520,20221111,5.12,-12.893085863313146,,
270520,20221121,7.66,38.483194457772555,,
270520,20221201,5.86,-10.002627772361238,,
270520,20230330,3.02,-49.755142795737406,,
270520,20230403,4.46,-1.1020485097640753,,
270520,20230404,5.75,32.48617253912347,,
270520,20230405,4.77,52.54106704008008,,
270520,20230407,4.47,7.531497544904364,,
270660,20240129,3.21,-2.0423243703394878,,
270660,20240206,1.85,-41.32862278354267,,
270660,20240207,1.78,-43.1319104899637,,
270660,20240208,1.54,-38.417347865576744,,
270660,20240213,1.45,-29.393340645503606,,
270660,20240222,0.93,-17.820976104437747,,
270660,20240223,0.92,-17.586287517900455,,
270660,20251020,7.93,6.083356424508168,,
270870,20200513,3.18,6.346859668865901,,
270870,20200514,3.27,8.636499478828785,,
270870,20200515,3.58,7.105076935736032,,
270870,20210409,2.62,18.98809612490875,,
270870,20210427,3.02,1.7026073246741769,,
270870,20210510,2.86,-15.80733136509529,,
270870,20210511,2.79,-13.28529702113801,,
270870,20210514,2.73,-4.461952300233795,,
270870,20210517,2.46,-13.939576831546251,,
270870,20240514,1.71,-2.355612756320613,,
271830,20251020,2.92,36.163705145140604,,
272110,20210427,3.68,15.305254156206471,,
272110,20230214,1.23,-11.275222317519074,,
272110,20230217,1.23,4.321681584864034,,
272110,20230220,1.22,5.539884792875749,,
272110,20230223,1.14,-0.5952639582880725,,
272110,20230317,1.7,-0.03238723354139772,,
272110,20230324,4.75,178.53577003504847,,
272110,20230519,2.63,-5.349667875350528,,
272110,20230526,2.91,10.921443088461213,,
272110,20230530,2.53,-12.065748982207147,,
272110,20230704,1.68,-5.338879613911529,,
272110,20250912,3.21,6.406546704041949,,
272110,20250915,3.22,4.209908834862119,,
272110,20250918,3.07,-3.368644729852188,,
272110,20250924,2.56,-18.36561029379752,,
272110,20250925,2.6,-15.11698412185105,,
272110,20260209,5.29,-22.542276559005035,,
272110,20260416,7.0,11.215286230872913,,
272290,20191025,2.6,-8.414867585330299,,
272290,20210330,3.79,-11.447244422142532,,
272290,20210405,4.33,16.24729216486145,,
272290,20210406,4.32,13.823738352374026,,
272290,20210427,4.5,26.52748686210453,,
272290,20210601,3.93,20.624113297484193,,
272290,20210604,4.61,21.870688887149072,,
272290,20210609,4.63,23.158948916837208,,
272290,20210618,3.99,-9.22431817179773,,
272290,20230720,3.22,10.96516247239341,,
272290,20260129,6.35,5.176199381500135,,
272290,20260202,6.14,-6.66631143859756,,
272290,20260209,5.43,-11.60672487672636,,
273060,20200622,0.26,-50.654695099139545,,
273060,20230710,2.27,-1.5607619934218886,,
273060,20230711,1.67,-30.73757896953818,,
273060,20250917,1.83,0.14393000003232181,,
274090,20210707,2.83,-11.487292024941187,,
274090,20230209,1.52,18.166604568332367,,
274090,20251224,5.69,43.32644413797342,,
274090,20260105,4.66,-17.92092887994865,,
274090,20260129,1.97,-6.598886986301366,,
275630,20230125,2.57,22.96243967487934,,
275630,20230127,1.4,-33.67578572933,,
275630,20230130,1.14,-49.39695084190971,,
275630,20230131,1.34,-46.355043890066774,,
275630,20230201,1.41,-44.716711960907084,,
275630,20230202,1.76,-32.1882296060207,,
276730,20240827,0.18,-2.1719699678226623,,
276730,20260506,0.0,,,
276730,20260507,0.0,,,
277070,20230220,2.42,-37.430599876873025,,
277070,20230302,1.99,-48.959582712146855,,
277410,20210415,3.09,3.831443195138462,,
277410,20230607,2.16,10.222566801365796,,
277410,20230608,3.35,64.2852289867151,,
277410,20230612,7.06,235.6804166336773,,
277410,20230614,7.22,232.4769406318075,,
277410,20230615,5.02,49.65113885335333,,
277810,20220812,1.68,2.856152539116219,,
277810,20220913,1.55,11.603518417685944,,
277810,20220914,1.44,4.1880825758825235,,
277810,20230103,1.89,8.29882560586519,,
277810,20230104,1.84,17.419508308758846,,
277810,20230111,2.04,10.749738724977886,,
277810,20230117,1.11,-49.21963507443788,,
277810,20230120,1.66,12.434012803114802,,
277810,20230125,1.93,76.9907797491514,,
277810,20230227,2.87,36.799348905022015,,
277810,20230316,3.05,-5.429377007857649,,
277810,20230317,3.38,2.4497238025354973,,
277810,20230323,2.87,-5.719614547715257,,
277810,20230901,3.33,-0.10800998975847298,,
277810,20230905,2.84,-16.474635820160653,,
277810,20230907,2.77,-16.482319501841914,,
277810,20230908,2.76,-17.00997566758562,,
277810,20250102,1.26,0.05174853446532346,,
277810,20250103,1.42,11.799131431523557,,
277810,20250117,1.58,-25.40360816409256,,
277810,20250131,1.31,-16.44698134489675,,
277810,20250203,1.29,-13.151405612848578,,
277810,20250204,1.33,-6.897328210168885,,
277810,20250205,1.27,-9.634638265765116,,
277810,20250207,1.58,20.32057267351386,,
277810,20251031,1.99,-3.109833588504296,,
277810,20251103,2.03,-1.8813872540652032,,
277810,20260126,1.6,-8.249841247442324,,
277810,20260129,1.61,1.1343860779890358,,
277810,20260225,1.35,-0.9328204936704165,,
277810,20260226,1.41,1.4893538642893889,,
277880,20230418,4.53,6.7458543741327315,,
277880,20230419,4.66,8.509671182115408,,
278280,20200526,1.23,9.045031397796421,,
278280,20200730,2.44,-2.279173864302786,,
278280,20200731,2.44,-2.8266884419321903,,
278280,20200821,2.65,-12.898610510876251,,
278280,20200827,3.12,15.986295027317343,,
278280,20200918,2.86,-0.633952282193595,,
278280,20200921,2.79,-1.3494165778429767,,
278280,20210709,1.91,9.943509931502925,,
278280,20210713,1.88,6.760872624912029,,
278280,20210913,1.96,-2.0141632500931816,,
278280,20211018,1.77,-8.653624502466538,,
278280,20211019,1.81,-1.6554792970812304,,
278280,20211109,1.66,1.4067433981247435,,
278280,20211111,1.58,-1.2614421470082071,,
278280,20211112,1.58,0.14596049588657678,,
278280,20251024,0.77,40.05019137719361,,
278280,20251027,0.81,44.82330083492325,,
278650,20211227,6.03,12.315603750382763,,
279600,20201201,1.25,30.60099533575844,,
279600,20201208,0.87,-30.56338750192239,,
279600,20201209,0.77,-31.455620854513498,,
279600,20210708,4.07,2.59690754858799,,
279600,20230208,1.0,13.271575309590089,,
279600,20231222,0.57,129.0389740173218,,
279600,20231226,0.62,141.72667825511132,,
281740,20210126,2.47,1.3962499290491648,,
281740,20210216,2.78,-2.9170663620427972,,
281740,20210630,3.23,-4.671271129177668,,
281740,20210701,3.26,-4.698309632459741,,
281740,20210709,3.01,-9.360722373554776,,
281740,20210823,3.45,6.2209836090046045,,
281740,20220830,3.59,13.058672308063102,,
281740,20220831,3.74,19.554699093855987,,
281740,20220901,4.1,31.282690844571583,,
281740,20220906,3.57,-0.5132191793568608,,
281740,20220907,3.43,-8.379376944189188,,
281740,20230316,3.89,-3.2337395195716545,,
281740,20230328,4.9,7.801065465432155,,
281740,20230411,5.21,4.148068135969574,,
281740,20230412,5.37,5.476833340049825,,
281740,20230418,5.89,13.095402582305372,,
281740,20230613,5.17,5.273762484823585,,
281740,20230614,5.06,2.203799743528201,,
281740,20230616,4.99,-2.3293639043579284,,
281740,20240308,1.96,3.3668184209558527,,
281740,20240311,2.01,7.530426952558655,,
281740,20260122,2.19,-0.19206026847089497,,
281740,20260126,2.52,16.30650669936071,,
282720,20251029,1.7,-15.704397361096456,,
282720,20251104,1.67,-5.734444681383688,,
282720,20260331,2.16,11.005047411881485,,
282880,20211028,4.99,17.226347080202586,,
282880,20211029,4.85,16.9474387539156,,
282880,20230418,6.18,-0.5001550101251251,,
282880,20230724,6.38,6.934910215519463,,
282880,20260122,4.12,-2.137107850933273,,
284620,20200214,0.0,,,
284620,20200217,0.0,,,
284620,20200610,0.47,214.48496641767622,,
284620,20200624,0.77,21.194994493217358,,
284620,20220712,0.33,-80.04873493991929,,
284620,20240701,0.0,-53.191489361702125,,
285490,20200915,3.47,4.048141348148504,,
285490,20200925,5.29,-9.427618612454225,,
285490,20201112,5.76,27.89202289029815,,
285490,20201118,4.96,-10.571053518782858,,
285490,20201119,5.0,-13.200226838916706,,
285490,20201120,5.03,-0.28050490883591017,,
285490,20201124,4.86,-6.617846487659341,,
285490,20250408,1.59,-8.82669770211384,,
285490,20250416,3.19,67.440342889347,,
286750,20200910,0.61,32.06045767021377,,
286750,20200911,0.61,21.419265178493884,,
286750,20200918,1.12,82.74912368552829,,
286750,20250226,0.04,-0.1646598744468486,,
286750,20250429,0.01,-25.0,,
287410,20201224,,,,
287410,20201230,,,,
287410,20210121,,,,
287410,20210414,,,,
287410,20210525,,,,
287410,20210610,,,,
287410,20210611,,,,
287410,20210615,,,,
287410,20210616,,,,
287410,20210617,,,,
287410,20210714,,,,
287410,20210802,,,,
287410,20220411,,,,
287410,20230609,,,,
287410,20230612,,,,
287410,20230613,,,,
287410,20230816,,,,
287410,20230821,,,,
287410,20230824,,,,
288330,20250324,1.1,-7.966203400573679,,
288330,20250327,0.83,-28.042449784970092,,
288330,20250411,0.63,-8.278803394281809,,
288620,20200611,3.89,6.982692390282552,,
288620,20200612,3.89,20.694615036524656,,
288620,20200623,6.8,8.285405237925293,,
288620,20200624,7.24,13.206356460098046,,
288620,20200713,3.14,-13.140876601742079,,
289010,20250417,0.51,-24.1662797676341,,
289010,20250418,0.5,-22.513784782532664,,
289010,20250428,0.28,-27.93970229426339,,
289010,20250429,0.28,-3.2824815662344298,,
289080,20201007,10.47,2.281421130889605,,
289080,20201008,11.38,12.876264678711857,,
289080,20260127,3.65,3.3531239137652324,,
289080,20260209,3.47,-4.042462021479787,,
289080,20260210,3.5,-0.8889039087439765,,
289080,20260219,3.52,1.5149919869547945,,
289080,20260220,3.61,3.203983878574168,,
289080,20260223,3.62,1.5675302537518032,,
289080,20260327,3.57,-8.154375639640865,,
289930,20260128,0.01,-48.72329338196978,,
289930,20260129,0.01,-49.39573155052713,,
289930,20260204,0.03,160.0609756097561,,
289930,20260209,0.02,-23.25127002735443,,
289930,20260211,0.01,-43.35677999218445,,
290090,20250715,0.47,1.466985618353167,,
290120,20250530,0.0,,,
290270,20200917,3.32,-1.8728202922152715,,
290270,20210705,2.76,-3.9504932242661273,,
290270,20210706,2.69,-4.6874540805830645,,
290380,20200715,,,,
290380,20200723,,,,
290550,20200714,4.26,4.406625539350273,,
290550,20200715,3.98,-6.276784542430136,,
290550,20200716,3.34,-19.14524596995477,,
290550,20240716,6.88,3.4181757123689094,,
290550,20260129,7.35,16.897316217516757,,
290550,20260203,7.54,18.61333932293425,,
290550,20260204,7.39,8.526377277261354,,
290550,20260223,7.46,3.5707557754586894,,
290550,20260224,5.83,-21.76715899101739,,
290550,20260306,6.5,9.712397785847916,,
290550,20260310,6.44,17.813349882271346,,
290550,20260311,6.05,8.342637866382741,,
290550,20260320,6.09,-19.68537658680508,,
290550,20260416,5.77,2.4531151288003095,,
290550,20260417,6.11,6.52012298735305,,
290550,20260422,6.36,9.095133378771703,,
290550,20260508,6.54,-2.121082279148334,,
290550,20260513,6.19,-9.719902529169833,,
290560,20251201,0.03,0.0,,
290650,20200122,7.45,6.481301960541019,,
290650,20200123,7.56,7.384745246620694,,
290650,20200128,7.75,7.632412839439184,,
290650,20200129,7.79,7.93701249480403,,
290650,20200206,7.69,-1.3789287988392407,,
290650,20200207,7.8,0.15579554187745703,,
290650,20200210,8.43,9.112066633644922,,
290650,20200305,8.73,-2.659898876625544,,
290650,20200422,8.86,3.0452943747741434,,
290650,20200514,9.53,4.506231028267882,,
290650,20200515,9.8,8.331626727097973,,
290650,20200518,9.62,4.962621305486881,,
290650,20200520,9.84,3.304533612144178,,
290650,20200521,9.9,3.7892981189662,,
290650,20200529,9.65,-2.4853947154243605,,
290650,20200601,9.56,-0.24436589098260075,,
290650,20200806,7.31,2.40848246413663,,
290650,20200807,7.27,-1.485046637138776,,
290650,20220513,5.34,1.223378678901299,,
290650,20230720,5.42,6.6195026168961,,
290650,20230721,4.85,-4.708290154094685,,
290650,20230724,4.7,-8.450091659539494,,
290650,20250521,2.28,-1.8651688293014779,,
290650,20250526,3.16,34.61255409670403,,
290650,20250905,5.25,0.5643536874880839,,
290650,20250908,5.15,-2.196936293464513,,
290650,20250912,4.02,-23.66466652223892,,
290650,20250915,3.86,-24.930624782157484,,
290650,20251205,5.42,19.10566533740281,,
290650,20260130,4.89,-18.479915563498604,,
290650,20260219,2.75,0.985259422666851,,
290660,20250623,0.03,,,
290660,20250630,0.11,217.5705882352941,,
290670,20220104,1.99,-8.45911582876473,,
290670,20220105,1.87,-15.649554815977195,,
290670,20220111,1.64,-17.957899029027246,,
290670,20220113,1.68,-7.158707865168534,,
290670,20221124,2.32,-7.237369890835232,,
290670,20221125,2.31,-9.30514018224191,,
290670,20221129,3.74,45.93452220927801,,
290690,20230516,3.01,3.3586766158417714,,
290690,20230517,5.61,92.2811913822303,,
290690,20230519,5.46,85.61360924836467,,
290690,20230522,2.53,-13.908087888856569,,
290690,20230607,1.19,-13.829962891830117,,
290690,20230612,1.15,-4.1691162549697625,,
290690,20230704,2.52,8.980978331657452,,
290720,20200713,1.71,-0.04367634968484024,,
290720,20200811,1.76,9.421761582528077,,
290720,20210726,1.13,-1.294395609979171,,
290720,20210727,1.1,-4.385207386147161,,
290720,20210730,0.87,-23.096237542169916,,
290720,20210806,0.97,11.291753871912924,,
290720,20210810,0.9,-7.4471258538913565,,
290720,20260320,0.0,,,
290740,20251212,0.65,-17.24827380656698,,
290740,20251215,0.65,-12.694371908092428,,
290740,20251216,0.63,-19.394783394181193,,
290740,20251219,0.31,-52.427403016432805,,
290740,20251222,0.3,-53.31339335367411,,
290740,20260102,0.27,-2.436555075593949,,
290740,20260112,0.26,-5.59667934970598,,
290740,20260114,0.26,-4.4432773109243655,,
290740,20260116,0.26,-0.003664077385312492,,
290740,20260203,0.18,4.069506726457406,,
290740,20260204,0.18,-2.3515641625877826,,
291230,20210506,0.02,0.0,,
291230,20210518,3.05,15.756615401587592,,
291230,20210524,2.0,-39.028047451931,,
291230,20210525,1.99,-34.67561424770022,,
291230,20210526,2.17,-28.786664529572047,,
291230,20210726,0.01,-77.37861352792589,,
291230,20211116,1.13,12.763435618648412,,
291230,20211117,1.13,-6.072354892377008,,
291650,20260323,0.86,5.29849381242673,,
291650,20260325,1.02,48.56566465883565,,
291810,20251105,0.0,,,
291810,20251113,0.0,-89.0,,
293490,20211116,2.59,-15.66425440212985,,
293490,20250624,1.17,5.907925973446582,,
293580,20200410,0.71,17.39902122966639,,
293580,20200610,3.38,0.9887541760120522,,
293580,20201007,3.33,-3.237456232011582,,
293580,20210108,3.57,-11.238614902510601,,
293580,20210406,3.48,-28.758223400957526,,
293580,20210409,4.5,10.419398808355961,,
293580,20210412,4.58,14.997293479265416,,
293580,20221221,3.19,21.989979895969626,,
293580,20230103,3.51,-5.901191554595497,,
293580,20230104,3.47,-8.289900082874224,,
293580,20230202,3.22,-0.03912084785546721,,
293580,20250418,5.82,14.904727789533624,,
293580,20250421,5.84,17.89106432842886,,
293580,20260428,5.37,25.154549160851047,,
293780,20201130,6.3,22.397367114108047,,
293780,20201221,6.24,5.799901417241604,,
293780,20201230,5.71,-8.171038489301774,,
293780,20210104,5.97,-3.150989791972214,,
293780,20240711,0.76,-17.948058136764356,,
294140,20230308,1.69,-4.365489485619101,,
294140,20230309,1.55,-11.842690209462237,,
294140,20230323,0.35,-12.947395445897813,,
294140,20230327,0.33,-9.53560281839051,,
294140,20250919,0.0,,,
294140,20250922,0.0,,,
294140,20250923,0.0,,,
294140,20251013,0.0,,,
294140,20251015,0.0,,,
294140,20251111,0.0,,,
294140,20251113,0.0,,,
294570,20250407,0.91,11.845752971551637,,
294570,20250408,1.15,45.16172033107526,,
294570,20250604,1.96,-1.9299672689946368,,
294570,20250605,2.18,7.708228046109777,,
294570,20250609,2.45,22.030230261246775,,
294570,20250711,2.31,280.00670487380467,,
294570,20250716,3.82,99.64335540166908,,
294630,20230728,0.12,16.832861422298826,,
294630,20230731,0.13,10.072433539383363,,
294630,20230801,0.03,-69.56116114679392,,
294630,20230802,0.01,-90.36124409923332,,
294630,20230807,0.0,-99.82773471145563,,
294630,20260211,0.0,,,
294630,20260212,0.0,,,
294630,20260213,0.0,,,
295310,20250801,2.79,0.14603399263533046,,
295310,20251215,3.39,18.652099319615978,,
295310,20251218,3.68,20.756627646518176,,
295310,20251222,3.93,16.136939292425858,,
295310,20251229,3.61,-7.332683413927644,,
295310,20260102,3.13,-21.675115207373274,,
295310,20260112,2.67,-13.356930868298523,,
295310,20260311,2.03,8.696919420653781,,
296640,20260312,0.9,-18.444054425078626,,
297570,20210106,2.64,69.88286465634259,,
297570,20210111,3.75,74.32545618509113,,
297570,20210127,3.7,-0.9663546595509165,,
297570,20210128,3.39,-5.026470763190771,,
297570,20210401,6.55,-14.824424528853374,,
297570,20210405,4.03,-45.36776309079967,,
297570,20260407,0.01,-53.98089171974523,,
297890,20210726,4.02,49.26810275932887,,
297890,20210727,4.15,29.05028572082302,,
297890,20210729,4.31,19.562692581180375,,
298380,20220114,1.12,-8.414992735010362,,
298380,20240306,2.49,7.497945159334374,,
298380,20240730,3.56,-0.639791082958785,,
298380,20240826,3.8,0.5348404878096957,,
298380,20240829,3.62,-3.88970955696597,,
298380,20241011,4.67,-4.750150019670896,,
298380,20241014,4.61,-3.6354617119267574,,
298380,20250218,4.01,3.8166263592382066,,
298380,20250408,3.96,1.1449854355289002,,
298380,20250414,3.94,1.2786191948827685,,
298380,20250415,3.52,-10.999994286904391,,
298380,20250422,2.88,-18.150544436384774,,
298380,20250527,2.79,3.034308010573139,,
298380,20250724,3.27,7.051572981655663,,
298380,20250826,3.16,1.5478499339106389,,
298380,20250905,3.0,-5.345300630075411,,
298380,20250911,2.99,-0.7538348344723556,,
298380,20250919,2.92,-0.48326538935722363,,
298380,20251112,3.24,5.079481217527726,,
298380,20251113,3.29,10.834178751107991,,
298380,20251114,3.32,1.8587387371414188,,
298380,20251201,2.6,-8.031115288958791,,
298380,20251202,2.54,-8.313497253465862,,
298380,20260126,2.44,2.16606416441405,,
298830,20251208,6.51,1.4902090389835143,,
298830,20251211,6.19,-2.2777525176735813,,
298830,20251224,6.51,2.639791047550788,,
298830,20251226,6.32,6.157829544143323,,
298830,20260107,7.28,8.087147158200114,,
298830,20260122,7.58,-3.3801796273529305,,
299030,20220825,0.79,-1.6418769003204825,,
299030,20220906,1.02,43.81743674574232,,
299030,20220921,1.22,3.4494420020290795,,
299030,20220923,1.3,6.487596124603545,,
299030,20230419,2.38,11.387030606073822,,
299030,20230628,3.76,35.74598063125991,,
299030,20230710,3.62,3.805137875207998,,
299030,20230711,3.78,7.1966240451120544,,
299030,20230712,3.45,-10.832621285483723,,
299030,20230724,3.29,2.7072663027565946,,
299030,20251212,1.62,2.696632755183259,,
299170,20201014,0.0,,,
299170,20201111,0.88,585.6028368794326,,
299170,20201125,1.16,48.8089650316827,,
299170,20201126,0.92,9.8975276512687,,
299170,20251230,6.8,-0.1928300662869198,,
299170,20260105,6.32,-7.799663597892758,,
299170,20260109,6.52,0.1952165564054642,,
299170,20260112,6.58,5.060726851541508,,
299660,20200623,4.63,25.512597327720844,,
299660,20201005,5.95,-3.1145049499105126,,
299660,20210408,5.53,8.022881788136637,,
299660,20210409,5.29,3.6369717827408055,,
299660,20210413,5.19,-0.1613021337402487,,
299660,20210608,3.47,1.2250566435303645,,
299660,20210609,3.49,2.238028989356078,,
299660,20240809,0.22,-8.183266692721647,,
299660,20240814,0.2,-11.258729900925779,,
299660,20240816,0.2,-10.901262354437813,,
299900,20210119,7.08,-3.7355295738825345,,
299900,20210120,7.02,-3.3661384545699335,,
299900,20210125,6.66,-9.04451450397763,,
299900,20210326,6.74,2.863144991993094,,
299900,20210329,6.65,0.6285116852950523,,
299900,20210712,5.15,-9.060241943209824,,
299900,20210713,5.13,-9.996560970623957,,
299900,20210716,5.1,-4.822813406680837,,
299900,20210719,5.03,-2.1467806537015965,,
299900,20211015,3.8,10.088655382107525,,
299900,20211022,3.43,-9.557319483836114,,
299900,20211027,3.82,5.856312202089842,,
299900,20211101,3.3,-5.999622159041773,,
299900,20211104,3.31,-12.059794559412762,,
299900,20211108,2.78,-15.742059759944006,,
299900,20211109,2.8,-17.13433499939889,,
299900,20211111,2.86,-13.596583187730538,,
299900,20211117,2.89,2.3187661008210902,,
299910,20210115,,,,
299910,20210209,,,,
299910,20210325,,,,
299910,20210326,,,,
299910,20210416,,,,
300080,20210413,3.18,-5.995556334484764,,
300080,20210414,3.11,-5.006060677039114,,
300080,20210426,2.78,-16.63333314231027,,
300080,20211020,0.4,-13.349593495934965,,
300080,20211223,0.64,1.2826660273315804,,
300080,20211229,0.6,-1.0715605370119508,,
300080,20240118,0.99,-37.55666364460563,,
300080,20240119,1.0,-37.00796723135751,,
300120,20210303,3.72,2.3169349827417918,,
301300,20211118,2.92,12.104617261706307,,
302430,20230419,1.39,1.0736252944347324,,
302550,20230719,1.89,-22.377520178031684,,
303030,20260507,0.0,,,
303360,20250721,0.41,0.20951645806914776,,
303360,20250821,0.4,-3.277369325871471,,
303360,20250828,0.36,-10.418636312067465,,
303360,20250904,0.37,4.270094562647753,,
303360,20250910,0.6,50.682681841617814,,
303360,20251215,1.46,0.510062678548584,,
304100,20230113,4.37,48.45361850285998,,
304100,20230120,2.34,-46.409306252638494,,
304100,20230125,2.17,-45.4491458865109,,
304100,20230130,1.62,-44.52167349147289,,
304100,20230223,1.34,56.01608540486058,,
304100,20230306,0.83,-52.244908311563144,,
304100,20230801,6.82,-2.6395310551386553,,
304100,20250205,2.07,83.52902591013446,,
304100,20250414,3.97,61.32557271248367,,
304100,20250604,5.36,3.494895408645027,,
304100,20250605,4.92,-3.412496447670965,,
304100,20250609,4.04,-23.53873162714545,,
304360,20251205,1.38,3.797492222117471,,
304360,20251230,1.26,7.710400273691409,,
305090,20210901,0.82,35.091100602855164,,
305090,20210902,0.71,17.97448956596206,,
305090,20210903,0.85,12.57745740971583,,
305090,20240624,0.0,,,
305090,20240708,0.0,,,
305090,20240715,0.0,,,
305090,20240809,0.0,,,
305090,20240828,0.0,,,
305090,20240829,0.0,,,
305090,20240830,0.0,,,
305090,20240919,0.0,,,
305090,20240920,0.0,,,
305090,20240923,0.0,,,
306040,20251216,1.16,20.689255780651152,,
306040,20251217,0.91,-2.5615354301355864,,
306040,20260107,0.27,-10.676686960933534,,
306040,20260116,0.42,49.468789125380084,,
306040,20260119,0.42,52.321870405565306,,
306620,20200605,0.52,31.787780558860934,,
306620,20210122,1.77,34.963555041857774,,
306620,20210204,2.06,6.627448856448104,,
306620,20220523,2.96,1.4860415032304175,,
306620,20260223,1.66,16.154381807438376,,
306620,20260224,1.72,13.386602180769325,,
307070,20210531,,,,
307070,20210601,,,,
307180,20200713,2.28,15.917927453126769,,
307180,20211007,0.77,-0.025993495581100312,,
307180,20211014,0.66,-14.708127825106942,,
307180,20211019,0.67,-10.54029292691684,,
307180,20230801,0.11,-32.09955328653478,,
307180,20260105,0.18,-10.696525144526635,,
307180,20260121,0.64,59.650356279525376,,
307180,20260212,0.37,21.81699433017501,,
307180,20260223,0.27,-38.59163511901676,,
307180,20260225,0.25,-27.79370561021698,,
307180,20260226,0.27,10.535751705511199,,
307280,20201016,0.0,,,
307280,20201124,0.08,167.42301458670988,,
307280,20201217,1.18,-0.2890303933522964,,
307280,20201218,1.19,0.5283836878471782,,
307280,20201221,1.16,-1.729666260217677,,
307280,20201222,0.74,-46.83384137574049,,
307280,20230515,1.8,-6.428671728396984,,
307280,20260204,2.59,-9.424459018968701,,
307750,20200904,0.0,,,
307750,20200907,0.0,,,
307750,20200908,0.0,,,
307750,20201125,1.72,-5.157975292445616,,
307750,20201126,1.74,-7.352972253333611,,
307750,20201214,0.93,-4.99979700377573,,
307750,20201217,1.46,44.92354860264926,,
307750,20201218,1.3,28.189517230613113,,
307750,20201221,1.48,60.22778264492832,,
307750,20210927,1.89,-15.458239113323359,,
307750,20210928,1.71,-18.326062240297915,,
307750,20210929,1.56,-22.68264526524816,,
307750,20260317,2.99,7.078327498081594,,
307870,20210512,0.0,-66.66666666666667,,
307870,20210806,0.0,,,
307870,20230712,2.25,108.97384985597269,,
307870,20230713,2.73,154.00297707651086,,
307870,20230822,1.91,6.351165462281694,,
307930,20210316,2.9,-7.499649662965613,,
307930,20230717,4.47,27.037287175520962,,
307930,20230718,4.47,21.69645700048195,,
307930,20230719,4.71,17.859972691809634,,
307930,20260504,2.67,-19.488024355935796,,
308080,20251126,0.78,3.703065244178849,,
308080,20251127,0.7,-6.96260786193672,,
308080,20251128,0.75,-0.7379129978834609,,
308080,20251203,0.73,-6.397951079561892,,
308080,20251204,0.7,-0.3751107813433907,,
308080,20251205,0.66,-11.520102040158985,,
308080,20251210,0.6,-16.929654355904887,,
308100,20210112,5.26,19.097722736003785,,
308100,20250331,0.07,-6.51007952653967,,
308100,20250401,0.07,-6.51007952653967,,
308100,20250404,0.0,-96.22156280909991,,
308430,20260210,1.52,5.725289802620925,,
308430,20260219,1.31,-17.324513475053305,,
309930,20201014,0.0,,,
309930,20210215,0.94,283.7346196296448,,
309930,20210407,0.87,19.940713794803088,,
309930,20210408,0.84,14.68076618819345,,
309930,20210412,0.84,-9.355591320033263,,
309930,20210716,1.94,-17.333482690165482,,
309930,20230601,3.0,29.247072398052644,,
309930,20230614,4.49,23.618898012122578,,
309930,20230804,5.31,-10.231946983546614,,
309930,20230807,5.22,-7.623640578679691,,
309930,20250604,2.27,5.582107255300417,,
309960,20240509,2.01,-6.490794952379431,,
310200,20210412,1.46,19.07374402833375,,
310200,20210413,1.08,-22.833976085156536,,
310200,20210423,1.7,32.81372999212806,,
310200,20210524,1.15,-18.634738834122867,,
310200,20210525,1.09,-21.755191023190257,,
310200,20211124,1.75,10.646300276327914,,
310200,20211125,1.62,4.594756301489644,,
310200,20250422,3.02,8.314509061150698,,
310200,20250428,3.07,2.7275034511896834,,
310200,20250610,2.92,-1.4851628089878388,,
310200,20250611,2.92,-1.114559760975431,,
310200,20250616,3.13,6.893326445075876,,
310200,20250617,3.18,8.921656542113144,,
310200,20250623,3.03,-3.4895950058626557,,
310200,20250707,3.27,-1.5656050830554213,,
310200,20250708,3.21,0.22130254901862045,,
310200,20250710,3.44,4.937788554487432,,
310200,20250711,3.37,3.7886656130051932,,
310210,20241004,2.11,0.040320692579420836,,
310210,20241008,2.16,2.6376044874039994,,
310210,20241010,2.18,4.617340144145188,,
310210,20241018,2.19,-0.18737080582005294,,
310210,20241021,2.19,-0.181040240650443,,
310210,20241111,1.91,-3.371551385758953,,
310210,20250304,1.15,-1.1703131941359413,,
310210,20250305,1.15,-1.3281756076943263,,
310210,20250912,0.95,0.09660847426804509,,
310210,20251024,0.88,-8.404350907741332,,
310210,20251027,0.89,-5.281625538941381,,
310210,20251117,0.85,-1.5142251060643819,,
310210,20251120,0.9,12.16534215445022,,
310210,20251203,0.95,3.837052358498827,,
310210,20260223,0.71,-2.910351440056058,,
310210,20260226,0.68,-4.9378017566246495,,
310210,20260227,0.67,-7.9111170110771845,,
310840,20210112,,,,
310870,20210427,0.0,,,
310870,20210531,0.76,49.39704466964842,,
311390,20210729,5.46,-3.828839114247462,,
311390,20210817,6.24,12.517932855451953,,
311390,20211124,7.23,-7.707101930561066,,
311390,20211129,8.66,19.674889582296995,,
311390,20211213,10.16,-8.107665079224224,,
311390,20220302,8.97,1.8030402759079633,,
311390,20250415,2.36,39.582371135463454,,
311390,20250901,2.24,6.053850942559236,,
311390,20250902,2.84,32.192562004686785,,
311690,20210105,2.29,-3.4479418886198543,,
311690,20210722,1.15,18.75278396436526,,
311690,20230406,0.31,-6.506950606329487,,
313750,20210531,,,,
313760,20200910,3.65,75.4578249127718,,
313760,20210831,4.07,-6.644191335383109,,
313760,20210910,6.92,23.402860679209915,,
313760,20210927,4.69,-19.28715919240559,,
313760,20230720,2.91,0.46937579664005913,,
314130,20251127,1.41,-4.853747418276977,,
314130,20251203,1.61,15.289001224930065,,
314130,20251205,1.86,46.665488602226546,,
314130,20251212,2.63,45.86771454045364,,
314130,20251215,2.54,28.011525485205425,,
314130,20251219,2.16,-17.913533324444142,,
314130,20260102,1.74,-5.838253893126222,,
314130,20260119,2.97,16.986632448392292,,
314130,20260120,3.12,17.98065004895013,,
314130,20260123,3.31,14.814456504718997,,
314140,20250923,1.89,-6.0638188720544495,,
314930,20230324,0.92,1.3206214689265527,,
314930,20230405,1.03,8.09194166274616,,
314930,20230428,0.84,-12.806079369546863,,
314930,20230504,0.83,-3.952325885030028,,
314930,20230711,1.02,2.3005297800610114,,
314930,20230712,1.04,3.326456524172783,,
314930,20230718,1.14,11.534296878678019,,
314930,20230719,1.14,9.720008048414307,,
314930,20230721,1.4,26.204130101080313,,
314930,20230801,1.33,-9.117618040101295,,
314930,20230811,1.21,-12.747924554517354,,
314930,20230814,1.36,6.0245201487287625,,
314930,20230821,1.67,37.30244038377324,,
314930,20230822,1.64,20.828396758447475,,
314930,20230824,1.72,16.838781819377747,,
315640,20230719,1.15,11.885245901639351,,
315640,20230731,1.93,13.28706371676982,,
315640,20230821,0.8,-7.710872894333843,,
315640,20230822,0.7,-15.144109006179718,,
315640,20230906,0.42,-37.99117268436216,,
317120,20201005,6.54,7.985618301183672,,
317120,20201007,1.59,-82.17878439636314,,
317120,20210108,9.62,10.627516063290443,,
317120,20210111,10.02,16.458781674184884,,
317240,20230621,0.26,74.4417603624195,,
317240,20230627,1.07,579.6241240178381,,
317240,20230703,0.82,-24.808657604618833,,
317240,20260112,0.0,,,
317240,20260116,0.0,,,
317240,20260507,0.0,,,
317320,20210423,,,,
317320,20210803,,,,
317320,20210804,,,,
317330,20210114,2.25,4.075246880358452,,
317330,20210629,3.0,-7.808878201763381,,
317330,20210719,2.76,9.53118987788022,,
317330,20210812,2.55,-4.785619811910191,,
317330,20211119,5.08,79.698606930965,,
317330,20240216,3.59,2.359535430182169,,
317330,20240220,3.86,11.39917185369519,,
317330,20240304,4.58,7.591772111492734,,
317330,20240325,4.1,-1.4783763668333783,,
317330,20240610,4.87,-8.030208569485374,,
317330,20240619,4.19,-6.9946941613630464,,
317530,20210330,0.86,34.03009651008553,,
317530,20210426,1.68,-8.05783124758096,,
317530,20210427,1.82,11.15254695311445,,
317530,20210428,1.72,4.542491539196525,,
317530,20210510,0.71,-38.89102810935695,,
317530,20210513,1.09,42.61149195101286,,
317530,20210629,1.15,10.494756766465407,,
317530,20210630,1.2,4.977749921654651,,
317530,20210706,1.36,18.768365114098163,,
317530,20210707,1.34,10.839920712631045,,
317690,20240726,1.03,-9.44051887787387,,
317690,20240731,0.41,-63.340488300043354,,
317770,20230405,1.74,23.680862384047742,,
317770,20230407,2.61,81.30485067011361,,
317770,20230410,2.79,79.10125547567648,,
317770,20230411,4.39,163.1262838697056,,
317770,20230412,4.39,151.4944076609434,,
317770,20230413,3.6,108.46509870596014,,
317770,20230419,3.18,-27.697376249405046,,
317770,20230420,3.13,-13.173419361854444,,
317770,20250418,2.15,-29.336523039562934,,
317770,20250421,1.99,-33.94062984467065,,
317830,20210125,1.58,15.79282339969701,,
317830,20211222,2.15,11.044605149701358,,
317830,20220324,3.71,59.488740301520224,,
317830,20220325,4.08,80.57431792985967,,
317830,20230330,2.74,20.936800264670772,,
317830,20230911,4.5,4.962051026660719,,
317830,20251208,4.92,-7.899081917110928,,
317850,20210413,3.38,2.790673963783874,,
317850,20210714,4.25,0.20407932523800465,,
317850,20220428,4.06,36.37944778607145,,
317850,20220429,3.76,27.124216083596163,,
317850,20220503,3.56,-7.257742880289153,,
317850,20221107,9.58,2.872511520974874,,
317850,20221108,9.25,-0.9185084205178939,,
317870,20210511,8.04,8.689762189189532,,
317870,20210906,5.86,-1.740314934888032,,
317870,20230622,4.83,0.9827685209181425,,
317870,20230623,4.86,2.2099687169882642,,
317870,20230720,5.24,-2.9527580964337607,,
317870,20230725,5.18,-4.005788492583773,,
317870,20230905,4.77,-0.8005666848933779,,
317870,20240403,2.66,-0.9978092620741008,,
318000,20200812,9.4,2.7351579354350175,,
318000,20230307,4.65,-8.302267822192022,,
318000,20230404,10.61,2.5263639456181375,,
318000,20230419,6.22,119.27924843245093,,
318010,20210908,4.34,1.4822624841039245,,
318010,20210909,3.92,-5.758560042138017,,
318010,20210910,5.02,23.4409488851963,,
318020,20240424,0.05,-16.310975609756095,,
318160,20250411,1.43,-9.292369166785585,,
318160,20250415,1.36,-8.587229545339381,,
318160,20250604,1.18,11.778136320740362,,
318160,20250609,1.57,47.67286290567798,,
318160,20250818,1.52,-3.5002593290202832,,
318160,20250819,1.44,-12.926620051467342,,
318160,20250829,2.79,1.6454003846695153,,
318410,20240402,2.04,1.295012559580333,,
318410,20240403,2.01,-3.553002682809381,,
319400,20201127,0.0,,,
319400,20201130,0.0,,,
319400,20201224,0.29,-19.73226487762455,,
319400,20230420,3.63,3.8858602534225906,,
319400,20250108,2.31,-7.522136453274541,,
319400,20250619,2.12,3.6583436433072603,,
319400,20250624,2.05,-2.3543823144643095,,
319400,20250625,2.12,0.3254477308126891,,
319400,20250701,1.95,-4.994619145463464,,
319400,20250902,1.9,3.709023611760487,,
319400,20250903,1.9,3.699510170746634,,
319400,20250905,2.35,28.441502398273077,,
319400,20250910,2.33,22.455819220323114,,
319400,20250911,2.18,10.671670389224609,,
319400,20250912,1.95,-16.953959460602196,,
319400,20251014,0.89,-6.849238958015591,,
319400,20251015,0.87,-8.822780516633733,,
319400,20251222,3.73,20.60742495249057,,
319400,20251224,3.32,9.671939705762945,,
319400,20260102,2.67,-30.27647981006638,,
319400,20260115,1.05,-27.5881563355896,,
319400,20260119,1.04,-12.279848014149996,,
319400,20260120,1.03,-9.44353410010833,,
319660,20200727,3.57,-1.8151750719429094,,
319660,20200730,3.99,10.658780300331827,,
319660,20201116,3.46,-0.39553027477309266,,
319660,20201119,3.36,-2.588073464605034,,
319660,20201217,4.45,4.665593057752537,,
319660,20210405,3.9,-0.8529543189083277,,
319660,20210412,3.51,-10.014959342828966,,
319660,20210419,3.84,9.587745438924644,,
319660,20211227,3.79,-0.446267891938279,,
319660,20240229,1.56,-4.40818058812159,,
319660,20240304,1.61,1.0306745292778752,,
319660,20240305,1.55,-1.3237943663760188,,
319660,20240318,1.49,18.759069138200026,,
319660,20240321,1.65,15.691292342918706,,
319660,20240329,1.67,-0.6645037958585842,,
319660,20240618,1.26,0.4385139612700595,,
319660,20240704,1.17,-10.27938325274621,,
319660,20250915,2.12,-6.853165007863837,,
319660,20250919,2.19,5.77499205703631,,
319660,20251002,2.23,-7.151749204257496,,
319660,20251010,2.22,-1.461288968596175,,
319660,20251020,2.17,2.5764538005406568,,
319660,20260105,2.21,3.144482512376534,,
319660,20260106,2.16,2.456853387959068,,
319660,20260127,1.89,-1.391655803228009,,
319660,20260128,1.97,1.5016131716974357,,
319660,20260129,2.04,7.5503404108008265,,
319660,20260130,1.99,8.718753389763933,,
319660,20260306,1.86,-4.797914315950291,,
319660,20260316,1.42,-17.5771834043708,,
319660,20260318,1.52,-4.928257372654155,,
319660,20260319,1.34,-12.770804753336062,,
319660,20260320,1.4,-3.9965924188398616,,
319660,20260424,1.18,-16.867623650553988,,
319660,20260504,0.95,-19.212497610205727,,
319660,20260506,0.92,-19.39656471751463,,
319660,20260511,0.79,-18.130530232820373,,
320000,20230126,3.67,4.734235650142682,,
320000,20230130,3.74,12.247068077571722,,
320000,20230202,3.46,-5.602739947713841,,
320000,20230307,3.48,-26.078186621390167,,
320000,20230314,6.65,90.83460247885789,,
320000,20230322,6.09,-0.4604106064045821,,
320000,20230323,6.48,14.60751192179075,,
320000,20240614,3.36,0.0889268424229206,,
320000,20260508,1.68,-79.71066666906668,,
320000,20260511,1.61,-80.38306793117454,,
320000,20260512,1.24,-84.72445591494989,,
321260,20210426,0.0,-100.0,,
321260,20210713,0.96,-0.2930746461123679,,
321260,20230406,4.45,50.36433581174307,,
321260,20230801,4.91,-8.988258979662545,,
321260,20260407,2.62,22.920499452063893,,
321260,20260511,2.59,87.92773547063388,,
321370,20260106,0.42,-5.344157858201348,,
321370,20260112,0.02,-93.46672111065742,,
321370,20260115,0.02,-16.67361053245563,,
321370,20260119,0.02,-16.666666666666664,,
321370,20260120,0.02,-16.666666666666664,,
321550,20201229,2.1,-12.460059949794699,,
321550,20210104,2.18,-14.74267242163706,,
321550,20251104,0.71,10.792895385399849,,
321550,20251105,0.68,2.8743388855970275,,
321550,20260320,0.47,7.130079809191825,,
321550,20260323,0.46,0.7009965797853512,,
321820,20231215,0.17,74.38784126090627,,
321820,20231220,0.15,-34.069478908188586,,
321820,20231221,0.15,-29.940672379696764,,
322180,20210111,1.46,27.21678010304689,,
322180,20210125,1.94,-11.196122583939527,,
322180,20210217,1.82,-6.204719958547267,,
322180,20230314,0.59,27.160210864084355,,
322180,20251103,0.34,-11.673773987206825,,
322180,20251104,0.44,21.611934891183402,,
322180,20260102,1.22,10.908262245459554,,
322180,20260105,1.17,-7.760718369795471,,
322310,20230627,3.19,2.351222874770942,,
322310,20230703,4.08,25.483623889547168,,
322310,20240103,2.48,-5.658491985792081,,
322310,20240124,2.04,-11.899028025937586,,
322310,20250919,2.71,23.203014283019495,,
322310,20250922,3.14,31.874383675946305,,
322310,20251013,2.3,-19.425435909695345,,
322310,20260313,4.0,-10.591228978868383,,
322310,20260324,7.49,36.726951541233134,,
322310,20260504,5.93,-3.548962864123939,,
322510,20230517,0.75,24.34395833755496,,
322510,20230523,0.55,-26.775310653900995,,
322510,20230524,0.52,-30.234263597474033,,
322510,20230525,0.47,-38.019148502750056,,
322510,20230530,0.51,-4.333533265663925,,
322510,20230601,0.64,22.407147862648923,,
322510,20230622,0.21,-8.243617348508147,,
322510,20230623,0.21,-8.551215010765922,,
322510,20230626,0.21,-8.551215010765922,,
322510,20230713,0.32,35.496483611343855,,
322510,20230714,0.41,-25.7537606633528,,
322510,20230718,0.66,112.43449354712554,,
322510,20230719,0.33,3.523873823187418,,
322510,20230720,0.32,1.8344326187977877,,
322510,20230724,0.21,-65.49881010841234,,
322510,20260313,0.97,-4.770219858718949,,
322780,20201215,1.17,-30.890923156266116,,
322780,20201216,1.18,-30.443771026477307,,
322780,20210405,1.44,20.034919354643964,,
322780,20210715,2.47,117.14250078259508,,
322780,20250804,1.18,13.075457307480276,,
322780,20250805,1.11,6.143849765258214,,
322780,20250812,1.45,31.268517994300705,,
322780,20250829,2.22,23.542893169638667,,
322780,20251013,3.96,0.39532241996931283,,
323210,20210526,,,,
323230,20201216,,,,
323230,20210416,,,,
323230,20230822,,,,
323230,20230825,,,,
323230,20230828,,,,
323230,20230906,,,,
323230,20230907,,,,
323230,20230908,,,,
323230,20230911,,,,
323230,20230919,,,,
323230,20231012,,,,
323230,20231123,,,,
323230,20231124,,,,
323230,20231206,,,,
323280,20210527,0.0,,,
323280,20210528,0.0,,,
323280,20210531,0.21,,,
323280,20230713,6.23,-3.37528066996281,,
323280,20230714,8.3,26.853871764709435,,
323280,20231213,4.14,-6.166980713016567,,
323280,20240123,4.75,4.5327550723957,,
323280,20240530,6.95,-0.25781646596706453,,
323280,20240607,7.57,8.83213798213147,,
323280,20240610,7.61,6.427571921599684,,
323280,20240611,7.23,4.287360013560915,,
323280,20240612,7.15,0.14895894190329884,,
323280,20240619,5.57,-21.99612502823356,,
323280,20240626,4.97,-10.74985087975735,,
323280,20240814,4.45,5.722051821905483,,
323280,20240816,4.7,13.006960625879849,,
323280,20240827,3.19,-19.815277287657107,,
323280,20240828,3.03,-10.374538722207694,,
323280,20240829,2.98,-9.221521581597358,,
323280,20240927,2.8,-0.47685468300157074,,
323280,20240930,2.7,-0.6854974143269965,,
323280,20241002,2.73,-0.6960410297870201,,
323280,20241004,2.7,-1.7576130888594554,,
323280,20241008,2.21,-20.877778007912017,,
323280,20241010,2.14,-20.735977807649164,,
323280,20241018,2.01,-4.803873792621904,,
323280,20251202,5.83,2.4213463198041074,,
323280,20251203,5.92,4.151113873494361,,
323280,20251211,6.06,3.2209947430645647,,
323280,20251215,5.78,-5.678310403553444,,
323280,20260128,5.26,2.506606998919514,,
323280,20260130,4.84,-7.785206650369913,,
323280,20260427,2.94,-4.20849272981817,,
323350,20260121,2.24,12.156835885206196,,
323350,20260122,2.05,-2.4336492330962134,,
323350,20260204,2.77,-24.604547408613474,,
323350,20260209,2.11,-32.666943341040685,,
323350,20260210,2.1,-30.772685515974274,,
323350,20260211,2.07,-24.971939623048122,,
323350,20260219,2.0,-5.4298058184038105,,
323350,20260220,1.97,-6.296481967503165,,
323940,20210531,,,,
323990,20220816,2.73,-7.920842447982912,,
327260,20210201,5.74,11.277693768935615,,
327260,20210202,5.67,8.434739211688758,,
327260,20230209,3.99,-4.586012487186652,,
327260,20250908,2.43,-5.945599120053169,,
327260,20250910,2.69,14.009772865807957,,
327260,20250911,2.63,9.66359196961475,,
327260,20250912,2.48,2.799702305176366,,
327260,20250916,2.12,-11.245762921542912,,
327260,20250922,1.71,-28.70017995692834,,
327260,20250929,1.51,-11.220528097868442,,
327260,20250930,1.47,-12.8829062646867,,
327260,20251002,1.24,-22.30079908256206,,
327260,20251128,1.79,22.412468977113797,,
327260,20251222,1.49,-11.394632952577288,,
327260,20260123,2.01,3.6863584665819182,,
327260,20260126,2.06,2.372410397101765,,
327260,20260203,1.67,-19.695254135064555,,
327260,20260303,1.51,16.13943252519947,,
327260,20260310,1.58,4.688084840923268,,
327260,20260311,1.78,13.235084454516134,,
327260,20260320,1.47,-30.958034664121968,,
327260,20260403,0.99,-13.682186708442268,,
327260,20260414,0.86,-8.906757574634705,,
327260,20260507,0.92,-18.710804975840446,,
328130,20230905,0.74,-0.12254111576910365,,
328130,20230906,0.7,-7.22545199003386,,
329560,20210531,,,,
330350,20250523,1.95,-0.5716088133924213,,
330350,20260225,4.61,-11.875035194540985,,
330730,20251105,1.55,2.182550422760876,,
330730,20251216,1.24,-6.095046056551023,,
330730,20251219,1.5,23.654751275367136,,
330860,20240221,4.45,1.8012436311634072,,
330860,20240222,4.82,15.208646921922075,,
330860,20250922,2.55,-2.299418731972247,,
330860,20251001,2.36,-5.84921784283795,,
330860,20251010,2.39,-4.284418005103696,,
330860,20260205,2.5,0.43684485597925704,,
330860,20260206,2.73,7.2686077902043955,,
330860,20260320,2.95,3.5159211523881684,,
330860,20260323,2.89,-1.4544503957328758,,
330860,20260424,4.86,10.092062997499983,,
330860,20260511,5.62,12.36303680077544,,
330860,20260513,5.44,5.2305531022913465,,
330990,20210531,,,,
331380,20210702,0.0,,,
331380,20210705,0.0,,,
331380,20230705,2.08,0.9419204103918499,,
331380,20240710,3.0,34.877686827559316,,
331380,20240712,7.04,195.90833579363434,,
331380,20240718,5.46,-7.956721765616281,,
331380,20240719,5.4,-23.37610410922594,,
331380,20240722,5.38,-17.66053631068304,,
331380,20251201,0.0,,,
331380,20251202,0.0,,,
331380,20260129,0.0,,,
331520,20210528,0.02,,,
331520,20210531,0.03,,,
331520,20220718,0.04,0.0,,
331520,20260430,1.31,-19.160477141495257,,
331920,20240813,0.76,-5.840376991547613,,
331920,20240814,0.68,-22.837902837902835,,
331920,20260203,0.0,,,
331920,20260210,0.0,,,
331920,20260311,0.0,,,
331920,20260312,0.0,,,
331920,20260317,0.0,,,
331920,20260323,0.0,,,
331920,20260324,0.0,,,
331920,20260330,0.0,,,
331920,20260331,0.0,,,
331920,20260408,0.0,,,
331920,20260409,0.0,,,
331920,20260410,0.0,,,
331920,20260413,0.0,,,
331920,20260414,0.0,,,
331920,20260415,0.0,,,
332290,20220307,0.11,218.71725536589489,,
332290,20220323,0.62,8.655431744332521,,
332290,20250820,0.46,104.67549948533876,,
332570,20230725,2.72,-3.4323434776717954,,
332570,20250131,3.51,43.59505907729919,,
332570,20250206,3.23,25.47670611936539,,
332570,20250908,5.62,-0.523162405836286,,
332570,20250912,6.09,6.2550299939469145,,
332570,20250922,6.88,12.849404531645314,,
332570,20260106,6.74,12.033697263679999,,
332570,20260112,6.23,-5.608647890018581,,
332570,20260504,6.53,-4.039030647531372,,
332570,20260508,5.17,-21.985505471330534,,
332570,20260512,4.4,-32.544683343104595,,
332570,20260513,4.39,-29.36713459111204,,
332710,20210503,,,,
333050,20201216,0.0,,,
333050,20250414,0.78,119.50136573631735,,
333430,20210205,0.0,,,
333430,20220823,3.36,19.024211273291456,,
333430,20220824,3.9,33.3518019660229,,
333430,20241112,1.39,27.90828886453869,,
333430,20250822,4.45,-10.251866678440724,,
333430,20250909,4.92,-10.610385902992236,,
333430,20250910,4.06,-22.984028120261037,,
333430,20250911,3.81,-16.77816972505989,,
334970,20240812,0.01,-29.912508867344524,,
334970,20240816,0.0,-29.975011358473424,,
334970,20241016,0.07,726.1685266052078,,
334970,20241017,0.13,1218.4732115205948,,
335870,20210503,0.0,,,
335870,20210531,2.11,2533.8,,
335870,20210823,2.86,5254.159186116098,,
335870,20220824,1.64,-0.3036673674375101,,
335870,20220829,1.92,26.789417989417984,,
335870,20220902,2.19,17.958769622255467,,
335870,20220905,2.18,13.580823930026042,,
335870,20220906,2.05,4.620327483854125,,
335870,20220913,2.04,-6.968778240970175,,
335870,20220920,1.91,-6.415981198589893,,
335870,20220921,1.91,-6.3572940346476425,,
335870,20220923,1.66,-17.05160879260911,,
335870,20220926,1.5,-25.015928639694174,,
335870,20241112,0.14,-10.098891219658379,,
335870,20241113,0.05,-62.54120467485767,,
335870,20250516,0.31,-2.730866626587236,,
335890,20220404,,,,
335890,20221228,,,,
335890,20230113,,,,
335890,20230119,,,,
335890,20230126,,,,
335890,20230216,,,,
335890,20230217,,,,
335890,20230405,,,,
335890,20230419,,,,
335890,20230503,,,,
335890,20230601,,,,
335890,20230609,,,,
335890,20230612,,,,
335890,20230613,,,,
335890,20230728,,,,
335890,20230804,,,,
335890,20230807,,,,
335890,20231130,,,,
335890,20231201,,,,
335890,20240401,,,,
335890,20250618,,,,
335890,20250627,,,,
335890,20250919,,,,
335890,20250922,,,,
335890,20250923,,,,
336060,20210531,0.0,,,
336060,20211203,1.62,-5.795941474460964,,
336060,20211206,1.59,-7.709728431697938,,
336570,20220401,0.03,0.0,,
336570,20230213,2.38,7.852218190782123,,
336570,20230215,2.43,10.44551702179568,,
336570,20230309,2.46,-3.275109948306254,,
336570,20230509,2.32,-0.8442867292722145,,
336570,20230517,2.55,8.499947272292152,,
336570,20230601,2.19,-9.406713086032036,,
336570,20230608,2.07,-9.959441454813545,,
336570,20230612,2.19,-0.8402679425837278,,
336570,20230613,2.22,4.538284066559584,,
336570,20230614,2.17,2.6510232914651377,,
336570,20230620,2.15,-2.996739498730905,,
336570,20230804,2.58,3.8461590886476715,,
336570,20230807,2.48,1.499181723733889,,
336570,20230808,2.4,-2.815614929605048,,
336570,20230811,2.33,-9.82341187285095,,
336570,20230831,2.25,7.939597730520465,,
336570,20250602,3.2,-2.112345945591354,,
336570,20250612,3.26,0.015702515167426156,,
336570,20250618,3.42,3.2658687149521803,,
336570,20250630,3.42,0.18551145768794797,,
336570,20250707,3.75,9.573961300222745,,
336570,20250708,3.77,9.109702616019021,,
336570,20250709,3.57,2.7066268429776885,,
336570,20250715,3.66,-2.908402466534199,,
336570,20250721,3.51,-2.213719207081477,,
337450,20210531,,,,
337450,20210601,,,,
337450,20220707,,,,
337450,20220708,,,,
337930,20240708,3.56,4.337444768786591,,
337930,20240808,4.53,-3.2803436695887256,,
337930,20240809,4.9,6.206946350981046,,
337930,20240930,4.36,12.758747788696589,,
338220,20230224,1.47,12.400661368606336,,
338220,20230228,1.54,18.073568499646054,,
338220,20230405,2.16,-5.039309536166692,,
338220,20230414,1.93,9.974627339042176,,
338220,20230602,2.53,10.027336596536852,,
338220,20230608,3.18,23.37063590389341,,
338220,20230612,3.23,27.380804697514783,,
338220,20230620,3.79,18.315810695574708,,
338220,20230829,0.72,2.116873160719135,,
338220,20230830,0.7,1.8724910863440192,,
338220,20230831,0.71,2.3198554884687805,,
338220,20230905,0.58,-18.16046303247524,,
338840,20251010,2.15,-6.814305134251331,,
338840,20251021,2.39,16.286441604481826,,
338840,20251022,2.35,2.6355191812882595,,
338840,20251031,2.47,16.27671192582463,,
338840,20251103,2.48,14.521794986062142,,
338840,20251112,2.56,1.3848707612046374,,
338840,20260316,1.27,-5.848207596870003,,
339950,20210414,0.97,846.3917994408711,,
339950,20210415,0.9,775.5710616632952,,
339950,20210629,0.7,21.888603256212512,,
339950,20250407,1.99,-6.1974388279367965,,
340120,20210527,,,,
340120,20210528,,,,
340350,20210531,,,,
340350,20210601,,,,
340360,20210326,0.0,,,
340360,20210330,0.0,,,
340360,20210331,0.0,,,
340360,20210729,1.77,-14.478123965370282,,
340360,20230816,0.56,-16.536475167218956,,
340360,20230818,0.43,-29.903987247957218,,
340360,20231016,1.02,40.28339055195915,,
340360,20231017,0.96,13.766493501498589,,
340360,20231206,2.05,3.024715989109006,,
340360,20240223,2.2,17.771428080050413,,
340360,20240226,2.39,28.354581251431377,,
340440,20210806,0.0,,,
340440,20210809,0.0,,,
340440,20250703,0.9,-7.571731912454438,,
340440,20260326,1.72,-23.15699921203731,,
340440,20260327,2.88,18.215736839521423,,
340570,20230405,2.75,8.04660389105809,,
340570,20230515,2.18,7.1268467860499785,,
340570,20230526,2.97,-8.385113133979527,,
340570,20240409,4.52,-15.952955161102288,,
340570,20240411,4.34,-15.742086014271294,,
340570,20240513,3.98,-1.6267008767343216,,
340570,20240516,3.98,1.5555006767803414,,
340570,20240820,2.94,4.24605051350917,,
340570,20250204,1.46,-2.0223614694679926,,
340810,20250605,0.38,-22.311455737099607,,
340930,20230418,4.17,6.34989006619695,,
340930,20230419,4.1,6.944071393484474,,
341160,20220907,,,,
341160,20220908,,,,
341160,20220913,,,,
341160,20220914,,,,
342550,20210531,,,,
344050,20210528,,,,
344050,20210531,,,,
344050,20221101,,,,
344050,20221212,,,,
344050,20221213,,,,
344050,20221227,,,,
347140,20210426,,,,
347140,20210427,,,,
347700,20241212,0.0,,,
347700,20250205,0.0,,,
347700,20250206,0.0,,,
347700,20250211,0.0,,,
347700,20250212,0.0,,,
347700,20250213,0.0,,,
347700,20250423,0.0,,,
347700,20250425,0.0,,,
347700,20250715,0.0,,,
347700,20260102,0.0,-0.04997501249375258,,
347700,20260123,0.0,,,
347700,20260129,0.0,,,
347700,20260130,0.0,,,
347700,20260206,0.0,,,
347700,20260213,0.0,,,
347770,20220103,5.51,0.3238856676390345,,
347850,20250611,5.65,-5.279739729165012,,
347850,20250616,6.5,11.95560170821739,,
347850,20250617,6.59,15.721161690324692,,
347850,20250619,6.47,8.548507264945272,,
347850,20250829,3.91,6.694210922531152,,
347850,20250908,4.29,9.113027727855027,,
347890,20230322,5.01,2.2116423391257634,,
348080,20250508,0.0,,,
348210,20230530,2.34,2.505951415406593,,
348210,20230531,2.41,2.5568569285324694,,
348210,20230601,2.83,22.170736131144153,,
348210,20230613,2.91,1.941897281960614,,
348210,20230615,2.92,1.135790090544786,,
348210,20230727,2.94,9.993319290457547,,
348210,20230728,2.93,9.393508690521003,,
348210,20230801,3.42,29.707608857185306,,
348210,20251202,2.75,-0.2128305427351318,,
348210,20251203,2.76,0.15003414570211593,,
348210,20251204,2.76,-6.405358344088863,,
348210,20260126,1.69,-4.5016077170418,,
348210,20260127,1.67,-5.533486952198152,,
348210,20260128,1.56,-9.193831632093074,,
348210,20260130,1.38,-15.91549295774648,,
348340,20260113,0.05,-1.4148103552077074,,
348340,20260114,0.05,-3.06766917293233,,
348340,20260116,0.07,23.768673273184437,,
348340,20260121,0.03,-14.44306546695625,,
348350,20230621,1.29,44.327966645983686,,
348350,20250627,2.24,111.44029506685106,,
348370,20240115,4.0,9.29007063612155,,
348370,20240116,4.04,9.677414061589818,,
348370,20240118,4.02,5.689083187530319,,
348370,20240129,3.86,-3.797896020917202,,
348370,20240130,3.95,-0.40353452058525807,,
348370,20240201,3.24,-15.276509051641597,,
348370,20240206,2.6,-32.1045571316368,,
348370,20240213,2.33,-19.11774803995622,,
348370,20240214,2.26,-15.469556804469997,,
348370,20240219,1.96,-19.850581652396727,,
348370,20240220,1.87,-19.174894252425823,,
351320,20210806,0.0,,,
351320,20211103,0.37,-10.316510767892106,,
351320,20211104,0.37,-0.3042658066086501,,
351320,20211110,0.47,25.99599781699109,,
351330,20240325,4.71,23.628589383666544,,
351330,20240524,7.11,10.659837616476642,,
352480,20221205,0.94,5.796715194723001,,
352480,20221207,0.97,2.61852723604572,,
352480,20221227,0.39,-13.252097742893698,,
352480,20230119,0.44,33.479427549194995,,
352480,20230210,0.78,-2.211810444729656,,
352480,20230309,0.86,3.3258453535114585,,
352480,20230317,0.85,5.542926655444003,,
352480,20230320,0.85,-8.408497950055905,,
352480,20230327,1.22,42.43858200885955,,
352480,20230329,1.29,7.5352002438682675,,
352480,20230516,1.25,24.122625318103808,,
352480,20230517,1.39,30.52065637426027,,
352480,20230616,0.98,-17.70784796645144,,
352480,20230629,1.06,15.308875536111621,,
352480,20230807,1.25,2.8526367989334167,,
352480,20230811,1.32,7.9396463705168285,,
352480,20230816,1.3,-9.772402707159067,,
352480,20240401,1.09,15.374310563166539,,
352480,20240404,1.04,-3.8293826731632397,,
352480,20240521,0.68,-20.38576114801034,,
352480,20240612,0.86,15.648798965015942,,
352480,20240618,0.87,-4.110469550059914,,
352480,20240627,0.95,17.718881016010002,,
352480,20240628,0.89,17.3517284302793,,
353810,20240610,2.0,-1.5598945803681041,,
353810,20250116,1.04,-3.5577676144246007,,
353810,20250214,1.36,0.09076034156567658,,
353810,20250730,1.31,0.19752801201340375,,
353810,20260127,2.57,-10.963267719702586,,
353810,20260203,2.08,-18.967839743168526,,
353810,20260204,2.0,-21.236733039973267,,
353810,20260212,1.79,-10.564846622069545,,
354200,20260202,0.0,,,
354320,20260109,2.0,25.64659601326953,,
354320,20260112,3.7,134.3330632250924,,
354320,20260113,3.9,146.72271231983564,,
354320,20260115,2.6,64.35605500517522,,
354320,20260123,1.65,-34.9976075674482,,
354320,20260126,1.6,-30.438777233575408,,
354320,20260127,1.57,-23.82745121567098,,
354320,20260128,1.56,-20.988353347331334,,
354320,20260129,1.53,-10.825200449878459,,
354320,20260413,0.51,13.99546204620461,,
354320,20260414,0.53,12.870933142652841,,
354320,20260422,0.51,-8.383894098179812,,
354320,20260427,0.45,-11.94298035457595,,
354320,20260429,0.46,-8.78386514148104,,
355150,20230127,0.29,-3.0463413133115846,,
355150,20230130,0.17,-44.310419102714015,,
355150,20230214,0.17,0.0,,
355150,20230215,0.0,-100.0,,
355150,20240202,0.63,-79.45229553238092,,
355150,20240513,0.19,226.42082429501085,,
355150,20240530,0.72,58.022562130679404,,
355150,20251015,1.62,-4.844776455572653,,
355150,20260204,1.09,35.2932866627949,,
355150,20260212,0.91,-14.70619971944801,,
355150,20260223,0.85,-2.3097273097273052,,
355150,20260226,1.17,38.247802239086326,,
355150,20260423,2.1,17.018330054613774,,
355150,20260424,2.07,23.355850550519364,,
355150,20260427,2.15,22.239110988283727,,
355150,20260429,1.52,-19.22805685147011,,
355150,20260508,1.2,-20.649618858927433,,
355150,20260511,1.16,-19.881342206260342,,
356680,20241212,4.39,-8.562340633623243,,
356680,20241216,4.19,-7.486001406986698,,
356680,20250102,0.66,-21.417784158850083,,
356680,20260415,4.2,-1.696366856306164,,
356680,20260416,4.41,4.443274406467879,,
356680,20260513,0.47,-7.2459392548759105,,
356860,20250828,6.0,-8.382606810809978,,
356860,20250909,6.26,4.251575346170489,,
356860,20250910,6.33,6.9117672258683704,,
356860,20250915,7.05,16.538001412773017,,
356860,20250922,6.51,-7.672815438927893,,
356860,20250923,6.18,-13.265757910097165,,
356860,20250924,5.61,-29.192681845781763,,
356860,20251001,4.42,-21.19327864878262,,
356860,20251002,4.39,-19.200981061108813,,
356860,20260319,6.65,3.8956569182724055,,
356860,20260416,2.77,-48.46646151522589,,
356860,20260504,1.96,-8.448420913327471,,
356860,20260506,1.9,-9.615003887142493,,
356860,20260508,1.78,-11.660090955636537,,
357550,20220915,2.85,-4.236772754915874,,
357550,20220922,2.46,-13.574782541759678,,
357550,20221116,2.66,3.8262270080743344,,
357550,20221124,2.74,-0.3134671059199401,,
357550,20230207,2.1,-4.695173967417865,,
357550,20230208,2.16,-1.914293558289859,,
357550,20230309,2.33,4.349563657124222,,
357550,20230310,2.25,1.2774802011107145,,
357550,20230320,4.84,139.00121163896776,,
357550,20230328,3.47,-30.520738356530565,,
357550,20230329,3.41,-43.59403006692939,,
357550,20250717,0.94,-1.1052241782031569,,
357550,20251203,1.09,-1.1933919618640543,,
357550,20251210,1.15,5.518308406395045,,
357550,20251222,1.16,-3.391925709289356,,
357580,20230821,2.06,-7.174050405112498,,
357580,20250911,1.31,-3.6278533040304484,,
357580,20250923,1.49,1.1505758909726937,,
357580,20260123,1.88,12.306681730996605,,
357580,20260126,2.07,13.10805417854688,,
357580,20260127,2.07,13.293011859162164,,
357580,20260203,1.8,-12.68774737346019,,
357580,20260311,0.64,-17.09011752547851,,
357580,20260312,0.66,-13.69731695223404,,
357580,20260313,0.56,-15.480561347848887,,
357780,20230703,0.27,0.870686875201554,,
357780,20230712,0.31,3.3702828266362284,,
357780,20230713,0.3,-6.131709587340984,,
357780,20230728,0.29,-12.616805033319679,,
357780,20231201,0.41,14.400389199708098,,
357780,20231208,0.41,0.4465234956410713,,
357780,20231226,0.51,5.196993260756866,,
357780,20240102,0.59,13.56937892125869,,
357780,20240521,0.37,-7.070518213829424,,
357780,20240528,0.34,-7.310039568104088,,
357780,20250915,0.69,-10.321939915583878,,
357780,20250916,0.77,2.4177208724226684,,
357780,20250917,0.86,13.564658259899055,,
357780,20250918,0.92,16.169532057911074,,
357780,20260121,0.58,-12.924495940846892,,
357780,20260127,0.43,-31.324395693682717,,
357780,20260128,0.4,-30.49549155213166,,
357780,20260129,0.37,-29.130309019910328,,
357780,20260130,0.34,-34.72298671772167,,
357880,20260312,0.06,113.26040717107264,,
357880,20260313,0.06,94.31771535800154,,
357880,20260316,0.06,121.13428280773144,,
358570,20250226,0.95,-17.45260191024852,,
358570,20250516,1.32,13.212214320476857,,
358570,20250610,1.41,0.31734636252021,,
358570,20250611,1.44,0.15660988812460364,,
358570,20250619,1.44,-2.1777069331010757,,
359090,20240402,1.74,-0.005714879467999534,,
359090,20240403,1.73,-0.0683504104688093,,
359090,20240419,2.56,3.705331646697285,,
360350,20260311,1.27,11.511470368848098,,
360350,20260312,1.41,31.069535892082854,,
360350,20260313,2.48,123.71423198671137,,
360350,20260317,1.79,37.039065840102616,,
360350,20260319,1.71,20.39035985150153,,
360350,20260320,1.71,-31.37621619349823,,
360350,20260324,1.64,-7.849197141492237,,
361390,20241107,1.76,-5.493746260577225,,
361390,20260106,3.03,5.213969889500603,,
361390,20260326,4.38,-13.076562200871377,,
361670,20240524,0.16,157.7590884427564,,
361670,20240527,0.06,1.8528761061946897,,
361670,20240610,0.0,-98.11320754716981,,
362320,20240613,3.69,8.661538835249715,,
362320,20240617,5.52,49.74654566266046,,
362320,20240618,5.88,59.60219867399559,,
362320,20250723,4.82,-14.062183272746932,,
363250,20230404,5.47,54.88338519385503,,
363250,20230407,7.83,81.27282733776954,,
363250,20230510,4.64,4.775134684954319,,
363250,20230524,5.84,16.451680509421006,,
363250,20230531,5.72,4.908502572291162,,
363250,20230605,5.55,2.436963177140905,,
363250,20230630,6.84,2.3346345275977676,,
363250,20230703,6.74,2.3927261473818184,,
363250,20230704,6.54,2.264911018952298,,
363250,20230705,6.6,3.380962009390931,,
363250,20230908,4.5,-1.2061558574611664,,
363260,20240524,5.83,-55.24991320182904,,
365270,20240320,0.86,6.099498731465802,,
365270,20240408,1.86,8.973885916508738,,
365270,20260119,0.03,0.0,,
365270,20260120,0.03,0.0,,
365270,20260130,0.03,0.0,,
365270,20260203,0.03,9.065472859541135,,
365270,20260213,0.03,-1.0587612493382692,,
365270,20260219,0.03,-1.0587612493382692,,
365270,20260220,0.03,-4.129168872419264,,
365270,20260225,0.03,-7.3836276083467105,,
365270,20260227,0.03,-6.073992269464378,,
365340,20260119,0.3,-6.888071936012718,,
365340,20260122,0.32,5.61159329632237,,
365340,20260126,0.37,24.134987328264646,,
365340,20260127,0.41,40.92353607649155,,
365340,20260128,0.37,23.315448950607554,,
365590,20230412,0.39,-15.18804884996966,,
365590,20260115,0.0,0.0,,
366030,20251110,3.88,-3.8586112790678695,,
366330,20230602,,,,
366330,20230607,,,,
366330,20230621,,,,
366330,20230623,,,,
366330,20230626,,,,
367360,20230818,,,,
367360,20230823,,,,
367360,20230824,,,,
367360,20230831,,,,
367360,20230901,,,,
367360,20230908,,,,
367360,20230911,,,,
367360,20230912,,,,
367360,20230914,,,,
367360,20230915,,,,
367460,20220914,,,,
367460,20220922,,,,
367480,20230414,,,,
367480,20230417,,,,
367480,20230418,,,,
367480,20230419,,,,
368770,20220427,0.17,13.464991023339312,,
368770,20230629,3.33,17.2983496730283,,
368770,20250106,3.03,3.991034240572877,,
368770,20250211,4.11,-0.5991831723518137,,
368770,20250307,3.4,-6.074940242917148,,
368770,20250313,3.61,3.960634434314092,,
368770,20251215,1.97,-13.217740989237214,,
368770,20251219,1.89,-12.44620600413352,,
368770,20251222,1.97,0.009372215222924751,,
368770,20260102,2.0,10.077472844484014,,
368770,20260105,2.12,6.097117175037758,,
368770,20260109,2.17,8.37943550341751,,
368770,20260112,2.02,-4.374290769499012,,
368770,20260121,1.38,-30.012074710359794,,
368770,20260324,2.75,-2.650922277407186,,
368770,20260325,2.75,-1.9268389799698804,,
370090,20230912,4.07,-27.92344919560702,,
371950,20240620,1.98,-14.922367481606392,,
371950,20260209,0.18,-6.475893842060865,,
371950,20260220,0.18,-1.7129814819172196,,
371950,20260224,0.15,-13.232532154149723,,
372290,20231110,,,,
372290,20231127,,,,
372290,20231220,,,,
372290,20231221,,,,
372290,20231222,,,,
372290,20240110,,,,
372320,20250722,0.55,0.12874633258643797,,
372320,20250903,0.57,1.803900523240931,,
372320,20250908,0.54,-0.8289091455474296,,
372320,20250912,0.56,-0.09178129130158474,,
372320,20250916,0.55,2.0927001768123343,,
372320,20251002,0.53,3.620537070548302,,
372320,20260106,0.51,-3.10723172728562,,
372320,20260107,0.49,-8.762372439192823,,
372320,20260415,0.1,-5.558013494082514,,
373200,20220408,0.73,125.2926758197494,,
373200,20220411,1.34,311.3229645705231,,
373200,20220421,0.64,-25.989530955880458,,
373200,20220422,0.61,-25.958395046902318,,
373200,20220425,0.54,-33.40703599638063,,
373200,20220518,0.14,-0.3954116587714829,,
373200,20220519,0.14,-0.3954116587714829,,
373200,20220520,0.14,-0.3915120194189936,,
373200,20260224,0.0,,,
376270,20251119,0.57,-0.5545241941316892,,
376270,20251120,0.58,1.7197343776604868,,
376270,20251125,0.52,-8.304364619544224,,
376270,20251126,0.52,-7.9108783669115335,,
376270,20251127,0.52,-10.2683055143718,,
376270,20251201,0.5,-7.956017166510065,,
376270,20251202,0.49,-5.5497051390059005,,
376270,20251203,0.49,-6.08150800336984,,
376270,20260123,0.55,16.392724724841614,,
376270,20260126,0.51,-6.349645425740579,,
376270,20260127,0.5,-9.640977256927197,,
376270,20260128,0.52,-7.071349895973567,,
376270,20260129,0.54,-4.044695481335959,,
376300,20250213,1.29,-11.835858955273116,,
376300,20250220,1.82,41.341211072214044,,
376300,20250520,1.93,1.7401348554820117,,
376300,20250523,2.2,10.014055328980586,,
376300,20250627,2.1,22.086327778373693,,
376980,20250407,5.5,3.4550548276227167,,
376980,20250408,5.23,0.24570747280157068,,
377030,20250617,0.01,-25.588550026752277,,
377030,20250618,0.01,-25.48888293597643,,
377030,20250620,0.01,-23.13113168439961,,
377220,20250515,1.98,-30.003202208901147,,
377450,20240607,2.18,-0.5408562553365304,,
377450,20240611,2.2,0.46760169482615854,,
377450,20240613,2.24,2.19375265373305,,
377450,20240620,2.28,1.5906316361808504,,
377450,20240621,2.21,-1.3039214933267762,,
377450,20240923,2.38,9.042454031544489,,
377450,20240925,2.73,21.25080731420286,,
377450,20241002,2.87,21.740417163989267,,
377450,20241007,3.03,8.591369775712842,,
377450,20241127,3.29,0.48827713197363565,,
377450,20241203,3.65,11.50816887439927,,
377450,20250715,4.74,-3.0747443996484436,,
377450,20250718,4.69,-5.951471833406774,,
377480,20230426,6.66,2.49625976616612,,
377480,20230830,5.44,-11.159668241157439,,
377630,20220808,,,,
378800,20241023,0.05,59.68413008406215,,
380540,20250326,2.0,15.437463552741493,,
380540,20250403,1.92,1.7692742819197527,,
380540,20250423,2.15,5.524492865411679,,
380540,20250424,2.09,2.4528273842701065,,
380540,20250428,1.47,-33.70490262622043,,
380540,20260116,0.03,1363.1053036126057,,
380540,20260119,0.04,22.031112415614906,,
380540,20260120,0.01,-56.36630466686234,,
382800,20230320,5.0,11.062989542507061,,
382800,20230324,6.23,23.046883279286146,,
382800,20230614,7.66,-1.1413293966392568,,
382800,20230816,6.12,-5.385515147403752,,
382800,20260320,2.84,-15.04862381019365,,
382800,20260325,2.4,-22.194985462463958,,
382800,20260327,3.43,20.91051895451821,,
382800,20260330,3.86,38.759869713588316,,
382800,20260410,4.54,-3.843516166017269,,
382800,20260413,4.49,-14.407573408087504,,
382800,20260424,5.28,19.792104963893784,,
382800,20260429,6.13,25.552625642601036,,
382900,20250901,3.9,83.80778438944444,,
382900,20250912,5.07,16.983338282011594,,
382900,20251028,4.22,7.101787371324009,,
383310,20230306,1.41,-3.861957077609468,,
383310,20230307,1.42,-1.6406705506415764,,
383310,20230724,2.93,-10.961278147200348,,
383310,20230804,2.98,-7.6935340008798425,,
383310,20230807,3.23,10.775220890012015,,
383310,20230808,3.77,20.93126765743325,,
383310,20260128,2.68,11.698086300669864,,
383310,20260129,2.68,9.94266911444397,,
383930,20231226,1.72,49.804295292876354,,
383930,20231227,1.56,28.82927647711726,,
383930,20231228,1.53,13.072835441575691,,
383930,20240109,0.59,-55.80209218812344,,
387310,20221227,,,,
387310,20221228,,,,
388050,20260320,7.49,-0.08325322286033554,,
388050,20260415,7.14,4.859771473632146,,
388050,20260416,7.28,8.945065357675585,,
388050,20260506,8.2,-5.802758086307891,,
388220,20230203,,,,
388220,20230206,,,,
388220,20230217,,,,
388220,20230220,,,,
388720,20250210,2.62,7.30884811584076,,
388720,20250218,3.37,26.87525792779988,,
388720,20250219,3.42,4.231387678640597,,
388720,20250403,2.0,-0.7439278876148259,,
388720,20260126,2.83,-2.7604019061030938,,
388720,20260127,2.96,3.684292258715738,,
388720,20260129,2.58,-7.345521403440191,,
388790,20221115,2.96,0.7662682735080084,,
388790,20230526,0.0,-98.17711181596121,,
388790,20240626,1.68,-41.662706792362734,,
388790,20260310,1.68,8.38453478625314,,
388790,20260311,1.55,-0.521675849880443,,
388790,20260312,1.43,-22.788845179754304,,
388790,20260313,1.82,3.4857933579335754,,
388790,20260413,0.62,-38.267537521915884,,
388790,20260414,0.54,-43.60146006951434,,
388870,20251204,1.01,16.54975732454742,,
389020,20240409,1.68,5.739274126916949,,
389020,20240411,1.77,14.302281034179277,,
389020,20260223,3.53,-9.993981255911265,,
389020,20260311,3.34,-5.685436268021327,,
389020,20260313,3.63,6.4909689457673725,,
389030,20230728,0.66,-27.681667743509276,,
389030,20230731,0.63,-31.761392031257095,,
389030,20250522,1.31,9.018430929634992,,
389030,20250618,1.57,-7.257389751378107,,
389030,20250619,1.47,-14.945152320187017,,
389030,20251212,2.11,8.353569172844733,,
389030,20260108,1.61,-2.8916896373309187,,
389030,20260309,0.73,-14.799929073822327,,
389030,20260311,0.7,-9.386749294561781,,
389030,20260318,0.58,-16.86854330625146,,
389140,20250416,1.91,-5.422447523629326,,
389140,20250417,2.1,-4.953724285656547,,
389140,20250422,0.48,-77.0712618195865,,
389260,20250519,1.02,-11.587767994353538,,
389260,20250605,1.59,5.320175659595572,,
389260,20250609,1.63,9.587410012768594,,
389470,20250424,0.0,,,
389470,20250429,0.0,,,
389470,20250430,0.0,,,
389470,20250502,0.0,,,
389470,20251112,0.0,0.0,,
389470,20251117,0.0,6.426735218509005,,
389470,20251118,0.0,6.426735218509005,,
389470,20251203,0.0,0.0,,
389470,20251204,0.0,0.0,,
389500,20251121,0.05,23.21960914210004,,
389500,20251128,0.09,59.30107526881721,,
389500,20260109,0.05,-1.5685266135253229,,
389500,20260113,0.07,24.32364729458918,,
389500,20260119,0.05,1.6558089033658963,,
389500,20260120,0.06,-14.507354422728191,,
389500,20260511,0.02,20.455945779420826,,
389500,20260512,0.03,19.272937103289102,,
389650,20250904,2.17,-2.585746751996121,,
389650,20250905,2.16,-3.510656371079557,,
389650,20250908,2.13,-6.0026716999908025,,
389650,20251202,3.23,4.9594926124306715,,
389650,20251203,3.33,1.4107447592183409,,
389650,20251204,3.35,4.905060281300044,,
389680,20260204,0.0,,,
391060,20240318,,,,
391710,20250910,3.38,44.242061029665905,,
393890,20260317,1.51,-1.9270208273200917,,
393890,20260318,1.52,2.249514578433076,,
394280,20240214,1.16,-28.069220354281843,,
394280,20240222,0.67,-27.06145753896091,,
394800,20251202,2.29,-12.032752340528008,,
394800,20251203,2.24,-8.405134089911815,,
394800,20251204,2.1,-12.297776294665264,,
394800,20251209,1.86,-18.692183654417384,,
394800,20251210,1.83,-18.146557985183865,,
396270,20230901,2.72,0.9865349341337426,,
396300,20260130,4.59,10.87230685517846,,
396300,20260204,4.57,13.045771661718032,,
396300,20260205,4.86,18.88027261005709,,
396300,20260428,4.5,25.994382455033804,,
396300,20260430,4.01,2.534812985547008,,
396300,20260508,4.55,12.461864548837598,,
396770,20230126,,,,
396770,20230127,,,,
396770,20230130,,,,
396770,20230131,,,,
396770,20230217,,,,
396770,20230220,,,,
397030,20230811,3.92,0.7789781301650311,,
397030,20250910,7.97,2.146344619439411,,
397030,20250912,8.33,10.888932091455917,,
397030,20251010,8.05,-2.3044989836568552,,
397030,20251104,8.55,1.405735363117322,,
397030,20251204,8.59,-0.45981575445100953,,
397030,20251219,7.66,-10.135760077303269,,
397030,20251229,7.38,-3.737084024450088,,
397030,20260108,7.19,-2.178388925347252,,
397030,20260211,6.15,-3.3221025118581715,,
397880,20231206,,,,
397880,20240108,,,,
397880,20240112,,,,
399720,20230705,4.39,-8.5366581484556,,
399720,20230713,5.53,21.95981150869666,,
399720,20230717,5.12,-3.3181230150206686,,
399720,20231128,4.33,-5.5718747042680095,,
399720,20231222,5.06,7.598277795119679,,
399720,20240119,4.92,-4.035439567413879,,
399720,20240123,4.41,-13.492654007052284,,
399720,20240213,4.28,-6.536631093164114,,
399720,20240214,4.37,-3.7478555404038216,,
399720,20240222,5.09,21.882305027833127,,
399720,20240223,5.05,19.4171845924441,,
399720,20240328,4.86,-7.334107501089193,,
399720,20260108,4.83,-2.3371272130965237,,
399720,20260127,5.27,-3.834219684055895,,
399720,20260128,5.24,-2.2509633115127214,,
402030,20250604,0.59,4.650030432136343,,
402030,20250605,0.57,-4.022407669429128,,
402030,20250609,0.64,5.75752891412189,,
402030,20250624,0.25,-22.389232219545406,,
403870,20260106,2.65,-1.4811168863761326,,
403870,20260128,3.21,-3.5965123605500193,,
403870,20260129,3.13,-4.355888499850713,,
403870,20260318,2.88,4.339444162070349,,
403870,20260319,2.77,-1.0242545906740785,,
404950,20230922,,,,
405000,20250513,0.0,,,
405000,20250514,0.0,,,
405100,20240117,2.9,-5.419320868198707,,
405100,20240118,2.63,-18.8487529777821,,
405100,20240119,2.87,-13.084608148420173,,
405100,20240227,2.49,57.39807073277383,,
405100,20250923,2.51,-3.741918245735043,,
405100,20260209,2.83,-0.2989681881841788,,
405350,20230714,,,,
405640,20240216,,,,
405640,20240219,,,,
405640,20240405,,,,
407400,20250407,2.79,1.758678652342316,,
407400,20250408,3.12,15.54313677746566,,
408900,20250722,3.95,8.076674599767419,,
408920,20250807,0.23,-6.7696922867142355,,
408920,20250820,0.19,-25.64205562590054,,
408920,20250822,0.18,-20.636019303608855,,
409570,20230428,,,,
412350,20230728,6.33,3.1853298339301617,,
412350,20260317,0.0,,,
412350,20260318,0.0,,,
412350,20260403,0.0,,,
412350,20260406,0.0,,,
412930,20231207,,,,
412930,20241031,,,,
413600,20240905,,,,
413630,20240315,0.06,0.0,,
413630,20240416,0.47,22.077922077922075,,
413630,20250911,3.26,43.41012802063191,,
413630,20251022,3.4,9.346448751827285,,
413630,20251027,4.04,22.24106873818299,,
413630,20260120,3.58,-3.531115629012005,,
413640,20250417,3.74,53.18387329177043,,
413640,20250618,3.57,-7.848782312803982,,
413640,20250623,4.68,26.058197112516403,,
416180,20250724,4.54,10.61974789915967,,
417010,20251222,2.24,39.89762674601054,,
417010,20260127,1.88,191.87655496513804,,
417010,20260129,1.94,109.17665824803935,,
417010,20260209,2.22,20.829894038346232,,
417200,20260129,3.89,-3.62501136936878,,
417200,20260313,3.73,-1.2454672169316505,,
417200,20260320,3.98,6.670542141244451,,
417500,20260226,2.84,-5.760586859597227,,
417500,20260227,2.89,-3.2134608099135153,,
417500,20260319,3.71,11.034016031087068,,
417840,20250813,2.66,30.13279336974948,,
417840,20250911,2.38,-6.173988817865439,,
417840,20260513,2.0,-14.423765278417155,,
417860,20250616,0.01,76.66666666666666,,
417860,20250617,0.0,-53.333333333333336,,
417860,20250618,0.0,-66.66666666666667,,
417970,20251106,2.6,-1.0128575487781788,,
417970,20251107,2.88,10.72971129802227,,
417970,20251110,2.79,8.742943603517105,,
417970,20251204,1.36,-6.364248245211057,,
418170,20240924,,,,
418420,20250730,1.07,12.064922857624882,,
418420,20250822,0.94,3.4599648491052903,,
418420,20250912,1.05,5.409187967810403,,
418420,20260416,0.84,1.3070339422938115,,
418420,20260423,1.0,18.36673369854147,,
418420,20260512,1.32,1.0687951197753343,,
419270,20240112,,,,
419530,20250210,2.22,1.2282778740856592,,
419530,20250211,2.22,7.209487228300437,,
419530,20250217,3.47,55.961928032913555,,
419530,20250225,3.04,-13.181181034883648,,
419530,20250313,2.25,-10.209382871536521,,
419530,20250410,2.24,-2.9531437804181215,,
419530,20250411,2.06,-9.036829323251794,,
419530,20250508,2.17,-4.937130820553326,,
419530,20250514,2.18,1.5694747463008252,,
419530,20250515,2.14,-1.2490005382721936,,
419530,20250530,1.83,-11.670401560436794,,
419530,20250617,1.23,-23.29309084776253,,
419530,20250620,1.22,-5.925282363162465,,
419530,20250625,1.2,-1.5283741548962726,,
420770,20260115,1.55,-8.954294778390537,,
420770,20260116,1.44,-15.966548199171948,,
420770,20260119,1.52,-10.801667955373906,,
420770,20260209,1.47,18.2100394640927,,
420770,20260224,1.35,3.534287278129633,,
420770,20260226,1.35,4.237242177190481,,
420770,20260227,1.3,-2.9594815506772565,,
420770,20260303,1.32,-2.1061612034543598,,
420770,20260401,1.09,3.654657868141009,,
420770,20260421,1.34,12.568840053355167,,
420770,20260424,1.33,-4.548948322196599,,
420770,20260428,1.23,-8.099277300671082,,
420770,20260512,1.08,-11.490372034541963,,
420770,20260513,1.01,-13.953457455647655,,
421800,20240627,,,,
424760,20251106,0.29,0.0,,
424960,20250218,1.5,-12.199989651629494,,
424980,20260114,1.08,4.777544086717356,,
424980,20260121,0.94,-13.189629881259357,,
424980,20260122,1.02,12.451797715670798,,
424980,20260128,1.18,25.351736895466104,,
425040,20251010,4.94,0.6104091321470939,,
425040,20251013,5.06,1.7105425177629252,,
425040,20260319,4.65,3.3493037069720843,,
425040,20260330,4.27,-20.007354196488368,,
425040,20260331,4.36,-17.004516435176733,,
425420,20250728,2.07,-2.220971333493371,,
425420,20250826,1.51,-17.124047956560396,,
425420,20250827,1.51,-1.2863219392200032,,
425420,20250901,1.56,6.370944792259525,,
425420,20250909,1.57,-1.598426702357214,,
425420,20250910,1.56,1.5537318019874125,,
425420,20260310,3.31,-12.439031919491262,,
425420,20260311,3.32,-15.778675955829947,,
425420,20260320,1.88,-30.819160450220906,,
425420,20260504,3.06,12.245993268988432,,
426550,20231013,,,,
427950,20231102,,,,
427950,20231103,,,,
430230,20240531,,,,
430230,20240604,,,,
436530,20231222,,,,
436530,20231226,,,,
436530,20240104,,,,
436530,20240108,,,,
436530,20240110,,,,
436530,20240112,,,,
436530,20240124,,,,
436530,20240126,,,,
436610,20240531,,,,
436610,20240617,,,,
437730,20251127,2.16,12.290295066888678,,
437730,20251202,2.53,22.92879917583006,,
437730,20251203,2.41,16.91175797868285,,
437730,20251215,1.86,-8.835080643304739,,
437730,20251222,1.38,-26.132227620596428,,
437730,20251223,1.38,-21.28174620924095,,
437730,20260116,1.97,5.683532454238116,,
438220,20240627,,,,
438220,20240702,,,,
440110,20250922,0.43,27.90296667274792,,
440110,20250923,0.41,9.036567656765682,,
440110,20251127,0.63,0.07073051358563731,,
440110,20260204,0.42,-13.112734023938422,,
440110,20260205,0.38,-17.91308879838266,,
440110,20260209,0.22,-49.49825074177405,,
440110,20260212,0.17,-54.25750888367759,,
440110,20260305,0.07,-35.70926033051391,,
440110,20260306,0.07,-40.75559134307265,,
440110,20260427,0.28,-18.993588519969904,,
440110,20260508,0.19,-16.8992700729927,,
440110,20260511,0.19,-14.023585242275027,,
440290,20251219,0.67,-1.1735510726865184,,
440320,20250404,4.75,2.6418351484298386,,
440320,20250407,4.61,0.24065124166743335,,
441270,20250716,4.42,-23.053178754056958,,
441270,20250721,6.2,21.10602770340073,,
441270,20250903,3.8,15.05659265728232,,
441270,20250904,3.91,10.015211770536636,,
442900,20250903,,,,
442900,20250904,,,,
442900,20250905,,,,
442900,20250909,,,,
445180,20251002,1.23,-7.866479021144556,,
445180,20260130,1.0,4.3776998404741585,,
445680,20250814,3.4,0.9951413257945019,,
445680,20250918,4.05,10.834111518050914,,
445680,20250923,4.07,4.639844998316844,,
445680,20250925,3.97,-1.8813318263988021,,
445680,20251001,3.53,-14.067121753705292,,
445680,20251010,3.33,-14.15273021576714,,
445680,20251125,2.63,11.29148531513955,,
445680,20251126,2.7,14.922929785991968,,
445680,20251127,2.7,9.349898355289543,,
445680,20251128,2.71,7.2127229609397325,,
445680,20251202,2.76,4.49028589620013,,
445680,20251212,2.56,-2.4989967207735386,,
445680,20251219,2.41,-5.791245025582715,,
445680,20251229,2.25,-6.973011202487189,,
445680,20251230,2.27,-5.429111714507373,,
445680,20260102,2.22,-6.091452815179277,,
445680,20260318,1.15,-10.199431229908807,,
446150,20240425,,,,
446190,20250714,,,,
446540,20260420,2.22,14.600373095039899,,
446540,20260428,1.29,-42.909165330464724,,
446540,20260429,1.42,-26.372034231791996,,
446540,20260506,1.98,30.211925567851196,,
448760,20250926,,,,
448760,20251015,,,,
448760,20251016,,,,
448760,20251017,,,,
448830,20251017,,,,
448830,20251204,,,,
448830,20251205,,,,
448830,20251209,,,,
451760,20260105,1.71,45.379423557924284,,
451760,20260120,1.64,-5.371095590424746,,
451760,20260122,1.67,2.106098795324196,,
452190,20260506,2.6,25.342806280371445,,
452280,20260312,3.76,-8.26222443454958,,
452280,20260313,3.07,-23.825440602624425,,
452280,20260429,2.34,4.489217743351781,,
452300,20260330,3.4,-3.6361212053669156,,
452430,20250721,0.81,-1.2604980859642234,,
452430,20250723,0.86,4.482300173857134,,
452430,20250912,0.95,2.5888444339844607,,
452430,20251226,0.85,-6.165995293742277,,
452430,20251230,0.83,-4.404062295947431,,
452430,20260128,0.48,-14.42569290936916,,
452430,20260423,0.3,7.132667617689026,,
454750,20250717,,,,
454750,20250721,,,,
455900,20260115,1.58,-1.774475169529377,,
457390,20250116,,,,
457390,20250122,,,,
458870,20250711,0.36,-3.4308247053117635,,
458870,20250714,0.36,-2.292000427213503,,
458870,20250715,0.36,4.260478775473886,,
458870,20250722,0.35,-2.5670571666346564,,
458870,20250821,0.26,-11.482790210705407,,
458870,20250822,0.21,-26.294798800781138,,
458870,20250825,0.17,-35.84125555493053,,
458870,20250826,0.16,-38.18752360751954,,
458870,20250827,0.16,-38.295545242247776,,
458870,20250901,0.15,-12.11257726535443,,
458870,20250902,0.14,-9.363542352166965,,
458870,20250903,0.14,-14.094088339561173,,
458870,20250904,0.13,-15.052218070326717,,
458870,20250905,0.13,-11.991264641651778,,
458870,20251002,0.08,-21.74882719372453,,
458870,20251016,0.05,-35.45945945945947,,
458870,20251024,0.03,-21.314276837035884,,
458870,20251030,0.01,-55.045045045045036,,
458870,20251106,0.02,11.783567134268536,,
458870,20251107,0.01,26.917293233082717,,
458870,20251112,0.03,60.63197026022304,,
458870,20251113,0.04,128.8992470419505,,
458870,20251114,0.04,168.4044233807267,,
458870,20251117,0.05,148.9547038327526,,
460930,20250828,3.79,-2.2990190813213185,,
461300,20250922,1.85,7.5371331991108015,,
462350,20260112,0.39,-42.92060840874553,,
464080,20260105,2.61,9.742304585098838,,
464080,20260115,2.27,-4.210841343491445,,
464080,20260123,1.63,-26.693146222277907,,
466100,20251210,3.85,3.6602500675610994,,
466100,20251212,3.55,-8.780595076148877,,
466100,20260119,2.59,1.4411819378945312,,
466910,20260130,,,,
466910,20260326,,,,
466910,20260330,,,,
466910,20260406,,,,
468510,20250304,,,,
472850,20250616,1.47,-11.998586972920666,,
472850,20250618,1.41,-4.866745358855051,,
472850,20250630,1.55,2.4639413304714086,,
472850,20250714,1.43,-3.5934636561719913,,
473370,20251216,,,,
473370,20251219,,,,
474170,20260130,4.18,-0.2881836690584172,,
474170,20260202,3.82,1.102418207681355,,
474170,20260203,3.61,-3.174703405183621,,
474170,20260209,2.86,-25.08705592683784,,
474610,20260129,4.91,0.5750323769220911,,
474610,20260130,4.7,-1.0741320704273805,,
474610,20260313,5.43,15.111576709469187,,
474610,20260316,5.68,21.394975567049347,,
474610,20260413,6.4,2.515457651509556,,
475960,20251204,2.58,4.242713548102506,,
475960,20260223,1.4,-14.604931830040158,,
900070,20210118,0.71,-5.785103671159941,,
900070,20210120,0.65,-4.043569284353277,,
900070,20210209,0.18,-7.026154342912494,,
900070,20210304,0.97,-0.16790938585007353,,
900070,20250704,0.0,,,
900070,20260223,0.0,,,
900100,20220926,0.0,,,
900110,20200827,0.02,-55.661236090728394,,
900110,20200828,0.02,-55.661236090728394,,
900110,20200831,0.0,-100.0,,
900110,20220414,0.0,-2.2473275024295414,,
900110,20220415,0.0,6.093321134492213,,
900110,20250704,0.47,28.37143553497441,,
900110,20250925,7.17,0.0,,
900120,20201117,0.09,11.256334165390003,,
900120,20201201,0.05,-11.164919821919527,,
900120,20250801,0.87,0.0,,
900250,20230410,2.49,41.734611742424235,,
900250,20230418,1.5,-52.70598422713243,,
900250,20230511,3.32,19.855041572161735,,
900250,20230512,3.08,19.799223859930404,,
900260,20220103,0.55,-13.552348321232067,,
900260,20220104,0.19,-69.98573970060362,,
900260,20250704,0.0,0.0,,
900260,20250707,0.0,0.0,,
900260,20251215,0.0,,,
900270,20240531,0.05,-41.35626954791015,,
900270,20260320,0.0,0.0,,
900280,20210223,,,,
900280,20221031,,,,
900280,20221101,,,,
900280,20221102,,,,
900280,20221107,,,,
900280,20221114,,,,
900280,20221118,,,,
900290,20211203,0.0,,,
900290,20220913,0.05,-10.684039087947884,,
900290,20220915,0.05,3.1535685117369594,,
900290,20220916,0.05,-28.06464746596803,,
900290,20220923,0.1,77.70012550139036,,
900290,20221017,0.13,43.7986800642131,,
900290,20230323,0.04,-8.440625518041667,,
900290,20230612,0.05,43.340699428250716,,
900290,20230615,0.05,-12.72413189888918,,
900290,20230620,0.16,187.8840722092595,,
900290,20230622,0.2,250.71530579009345,,
900290,20241022,0.02,-3.234379701133283,,
900290,20260223,0.74,2.7048792930766563,,
900290,20260227,0.82,11.477431378747172,,
900290,20260306,0.7,-12.464496494360366,,
900290,20260311,0.78,-6.4241516746306075,,
900300,20241204,0.0,,,
900340,20220422,3.18,35.46783848469119,,
900340,20220425,3.91,48.852803751276674,,
900340,20230825,1.73,-1.6650198444047692,,
900340,20230828,1.98,13.197551561834464,,
900340,20240510,0.37,126.16394821126048,,
900340,20240516,0.39,99.27842436952979,,
900340,20241125,1.23,-14.387088037938401,,
900340,20241126,1.24,-9.648004380094166,,
950110,20190627,,,,
950130,20200730,1.85,-6.861532062723574,,
950130,20200731,2.14,7.195156481867193,,
950130,20200805,1.45,-5.254121677660395,,
950130,20200810,1.2,-22.330334961671994,,
950130,20200811,1.2,-17.25792190291584,,
950130,20200814,0.85,-34.70615403679129,,
950130,20200818,0.84,-30.615718313578867,,
950140,20210122,2.27,39.338870462587415,,
950140,20210125,2.3,40.92688832548297,,
950140,20210317,1.56,14.141465877411852,,
950140,20210511,3.09,42.24143505047986,,
950140,20210527,3.36,1.9131979780370845,,
950140,20210531,3.31,8.16896340216724,,
950140,20210824,3.39,0.42299079372978277,,
950140,20210825,3.34,0.45168154413817163,,
950140,20210907,3.05,3.604571085701047,,
950140,20210908,3.03,4.243136862757946,,
950140,20210909,3.1,2.9645542427497285,,
950140,20230523,1.6,-46.846378000957436,,
950140,20230710,2.83,-3.395883073260497,,
950140,20230807,2.87,4.679503248790962,,
950140,20230822,2.83,-12.67307784464462,,
950140,20230901,2.98,-12.436146294047612,,
950140,20230918,3.01,-2.629276558652971,,
950140,20231012,2.99,4.040299979919859,,
950140,20231013,2.78,-1.4768172587568795,,
950140,20231017,2.93,3.8950520583565185,,
950140,20240520,0.21,-46.282525611438764,,
950140,20240521,0.18,-38.38129028058069,,
950140,20240522,0.22,-15.006647566616104,,
950140,20240603,1.14,36.8406861717107,,
950140,20240604,1.19,22.264061526098633,,
950160,20221025,0.0,-100.0,,
950160,20240111,0.0,,,
950160,20240112,0.0,,,
950160,20240115,0.0,,,
950160,20240318,0.0,,,
950160,20240321,0.0,,,
950160,20240712,0.09,29.113368659084003,,
950160,20240715,0.1,36.896909632705,,
950160,20241206,0.13,2.450917490055171,,
950160,20241211,0.15,5.319409800025365,,
950160,20241213,0.16,28.257476491444432,,
950160,20250207,0.19,-9.132114554362115,,
950160,20250211,0.19,-5.626989332065779,,
950160,20250217,0.19,-0.6702225164214037,,
950160,20250311,0.19,5.313678208390504,,
950160,20250312,0.18,0.7953074219885226,,
950160,20250313,0.17,-3.5702470589792146,,
950160,20250318,0.17,-6.804597119526368,,
950160,20251121,0.01,-9.431495167708926,,
950160,20251126,0.01,37.70210681038706,,
950160,20251128,0.02,49.92153662670265,,
950160,20260126,0.02,-23.58886642823822,,
950160,20260127,0.03,-2.7405124486342802,,
950160,20260129,0.03,6.173910027401064,,
950160,20260306,0.02,-0.38495334532825387,,
950160,20260326,0.02,-9.42515864128406,,
950160,20260512,0.03,61.393205269382925,,
950170,20210610,0.54,-0.30555930864608616,,
950170,20240425,0.0,,,
950170,20240612,0.0,,,
950170,20240613,0.0,,,
950170,20250528,0.31,34.322239865193296,,
950170,20250721,0.37,6.265431933457233,,
950180,20210104,,,,
950180,20211220,,,,
950180,20211221,,,,
950180,20220105,,,,
950180,20220113,,,,
950180,20220120,,,,
950180,20220121,,,,
950180,20220124,,,,
950180,20220125,,,,
950180,20220127,,,,
950190,20240125,1.45,3.54946141437269,,
